{
  "train_loss_sfedavg": {
    "means": [
      1.3396342642455195,
      0.9337169481686216,
      0.7946564885194214,
      0.6771518813703112,
      0.6113245366759794,
      0.5419903898689301,
      0.5057931474578508,
      0.4540383969777904,
      0.4266785380943739,
      0.40139453294402694,
      0.38219662896192563,
      0.37349716971027747,
      0.3451660866681641,
      0.32935666565108396,
      0.31433464810586526,
      0.2951891784041518,
      0.2845712656377949,
      0.27658917504747527,
      0.2679568640206984,
      0.2644008488752176,
      0.25631440324648397,
      0.2519682106484722,
      0.2405550024522142,
      0.2321099945358384,
      0.22606056715049344,
      0.2205986229695171,
      0.2116263324219161,
      0.2040237797257603,
      0.2011648512194103,
      0.19621943997028327,
      0.19446899903977072,
      0.18950527531235467,
      0.1825455162098936,
      0.17901174579393828,
      0.1756746069406869,
      0.17353186323528835,
      0.1690590454400078,
      0.16708215968506157,
      0.164950234382167,
      0.16260919126089854,
      0.16206024291377322,
      0.15932599197915934,
      0.15632245042209153,
      0.15556608369615307,
      0.15233059749816455,
      0.1509079105089813,
      0.14939711521409463,
      0.149493283989519,
      0.14768011085653895,
      0.14822695896145263
    ],
    "stds": [
      0.0,
      0.0,
      0.0,
      0.0,
      0.0,
      0.0,
      0.0,
      0.0,
      0.0,
      0.0,
      0.0,
      0.0,
      0.0,
      0.0,
      0.0,
      0.0,
      0.0,
      0.0,
      0.0,
      0.0,
      0.0,
      0.0,
      0.0,
      0.0,
      0.0,
      0.0,
      0.0,
      0.0,
      0.0,
      0.0,
      0.0,
      0.0,
      0.0,
      0.0,
      0.0,
      0.0,
      0.0,
      0.0,
      0.0,
      0.0,
      0.0,
      0.0,
      0.0,
      0.0,
      0.0,
      0.0,
      0.0,
      0.0,
      0.0,
      0.0
    ]
  },
  "test_acc_sfedavg": {
    "means": [
      0.6472222222222223,
      0.7555555555555555,
      0.8111111111111111,
      0.8361111111111111,
      0.8583333333333333,
      0.8555555555555555,
      0.8583333333333333,
      0.875,
      0.8777777777777778,
      0.8888888888888888,
      0.8916666666666667,
      0.8916666666666667,
      0.9083333333333333,
      0.9027777777777778,
      0.9083333333333333,
      0.9111111111111111,
      0.9222222222222223,
      0.925,
      0.9277777777777778,
      0.9277777777777778,
      0.9222222222222223,
      0.9222222222222223,
      0.9194444444444444,
      0.9305555555555556,
      0.925,
      0.925,
      0.9333333333333333,
      0.9388888888888889,
      0.9305555555555556,
      0.9277777777777778,
      0.9333333333333333,
      0.9333333333333333,
      0.9333333333333333,
      0.9333333333333333,
      0.9333333333333333,
      0.9305555555555556,
      0.9305555555555556,
      0.9305555555555556,
      0.925,
      0.925,
      0.9277777777777778,
      0.9305555555555556,
      0.9305555555555556,
      0.9277777777777778,
      0.9277777777777778,
      0.9333333333333333,
      0.9388888888888889,
      0.9361111111111111,
      0.9361111111111111,
      0.9361111111111111
    ],
    "stds": [
      0.0,
      0.0,
      0.0,
      0.0,
      0.0,
      0.0,
      0.0,
      0.0,
      0.0,
      0.0,
      0.0,
      0.0,
      0.0,
      0.0,
      0.0,
      0.0,
      0.0,
      0.0,
      0.0,
      0.0,
      0.0,
      0.0,
      0.0,
      0.0,
      0.0,
      0.0,
      0.0,
      0.0,
      0.0,
      0.0,
      0.0,
      0.0,
      0.0,
      0.0,
      0.0,
      0.0,
      0.0,
      0.0,
      0.0,
      0.0,
      0.0,
      0.0,
      0.0,
      0.0,
      0.0,
      0.0,
      0.0,
      0.0,
      0.0,
      0.0
    ]
  },
  "comm_MB_sfedavg": {
    "means": [
      1.69216,
      3.38432,
      5.07648,
      6.76864,
      8.4608,
      10.15296,
      11.84512,
      13.537279999999999,
      15.229439999999999,
      16.921599999999998,
      18.61376,
      20.30592,
      21.99808,
      23.690240000000003,
      25.382400000000004,
      27.074560000000005,
      28.766720000000007,
      30.458880000000008,
      32.15104000000001,
      33.84320000000001,
      35.53536000000001,
      37.22752000000001,
      38.919680000000014,
      40.611840000000015,
      42.304000000000016,
      43.99616000000002,
      45.68832000000002,
      47.38048000000002,
      49.07264000000002,
      50.76480000000002,
      52.456960000000024,
      54.149120000000025,
      55.841280000000026,
      57.53344000000003,
      59.22560000000003,
      60.91776000000003,
      62.60992000000003,
      64.30208000000003,
      65.99424000000003,
      67.68640000000003,
      69.37856000000004,
      71.07072000000004,
      72.76288000000004,
      74.45504000000004,
      76.14720000000004,
      77.83936000000004,
      79.53152000000004,
      81.22368000000004,
      82.91584000000005,
      84.60800000000005
    ],
    "stds": [
      0.0,
      0.0,
      0.0,
      0.0,
      0.0,
      0.0,
      0.0,
      0.0,
      0.0,
      0.0,
      0.0,
      0.0,
      0.0,
      0.0,
      0.0,
      0.0,
      0.0,
      0.0,
      0.0,
      0.0,
      0.0,
      0.0,
      0.0,
      0.0,
      0.0,
      0.0,
      0.0,
      0.0,
      0.0,
      0.0,
      0.0,
      0.0,
      0.0,
      0.0,
      0.0,
      0.0,
      0.0,
      0.0,
      0.0,
      0.0,
      0.0,
      0.0,
      0.0,
      0.0,
      0.0,
      0.0,
      0.0,
      0.0,
      0.0,
      0.0
    ]
  }
}