{
  "train_loss_fedavg": {
    "means": [
      0.5968255894217684,
      0.3821710550749595,
      0.2658394232504051,
      0.24597830481460528,
      0.26640335103538093,
      0.18805091860067139,
      0.1772831813678536,
      0.19573743168651153,
      0.17377830761057791,
      0.24310844350578004,
      0.17550295999144713,
      0.24246228269693182,
      0.24545807287978308,
      0.36301280380526907,
      0.20411073893653908,
      0.19225938142608698,
      0.16680367639486915,
      0.19833041583771852,
      0.2180580498592367,
      0.25920874178458453,
      0.200299791761495,
      0.15374949232158444,
      0.20205221508288995,
      0.2605138658099747,
      0.20117641784114434,
      0.34037526000110124,
      0.2563620590462269,
      0.16003235618691733,
      0.152978132254474,
      0.12936790570470463
    ],
    "stds": [
      0.0,
      0.0,
      0.0,
      0.0,
      0.0,
      0.0,
      0.0,
      0.0,
      0.0,
      0.0,
      0.0,
      0.0,
      0.0,
      0.0,
      0.0,
      0.0,
      0.0,
      0.0,
      0.0,
      0.0,
      0.0,
      0.0,
      0.0,
      0.0,
      0.0,
      0.0,
      0.0,
      0.0,
      0.0,
      0.0
    ]
  },
  "test_acc_fedavg": {
    "means": [
      0.8166666666666667,
      0.875,
      0.9222222222222223,
      0.9111111111111111,
      0.9083333333333333,
      0.9305555555555556,
      0.9277777777777778,
      0.925,
      0.9416666666666667,
      0.9333333333333333,
      0.9361111111111111,
      0.9222222222222223,
      0.9305555555555556,
      0.9277777777777778,
      0.9333333333333333,
      0.9361111111111111,
      0.9416666666666667,
      0.9361111111111111,
      0.9305555555555556,
      0.9305555555555556,
      0.9388888888888889,
      0.9555555555555556,
      0.9361111111111111,
      0.9333333333333333,
      0.9416666666666667,
      0.9388888888888889,
      0.9361111111111111,
      0.9472222222222222,
      0.9416666666666667,
      0.9416666666666667
    ],
    "stds": [
      0.0,
      0.0,
      0.0,
      0.0,
      0.0,
      0.0,
      0.0,
      0.0,
      0.0,
      0.0,
      0.0,
      0.0,
      0.0,
      0.0,
      0.0,
      0.0,
      0.0,
      0.0,
      0.0,
      0.0,
      0.0,
      0.0,
      0.0,
      0.0,
      0.0,
      0.0,
      0.0,
      0.0,
      0.0,
      0.0
    ]
  },
  "comm_cost_fedavg": {
    "means": [
      819200.0,
      1638400.0,
      2457600.0,
      3276800.0,
      4096000.0,
      4915200.0,
      5734400.0,
      6553600.0,
      7372800.0,
      8192000.0,
      9011200.0,
      9830400.0,
      10649600.0,
      11468800.0,
      12288000.0,
      13107200.0,
      13926400.0,
      14745600.0,
      15564800.0,
      16384000.0,
      17203200.0,
      18022400.0,
      18841600.0,
      19660800.0,
      20480000.0,
      21299200.0,
      22118400.0,
      22937600.0,
      23756800.0,
      24576000.0
    ],
    "stds": [
      0.0,
      0.0,
      0.0,
      0.0,
      0.0,
      0.0,
      0.0,
      0.0,
      0.0,
      0.0,
      0.0,
      0.0,
      0.0,
      0.0,
      0.0,
      0.0,
      0.0,
      0.0,
      0.0,
      0.0,
      0.0,
      0.0,
      0.0,
      0.0,
      0.0,
      0.0,
      0.0,
      0.0,
      0.0,
      0.0
    ]
  },
  "effective_update_dims_fedavg": {
    "means": [
      409600.0,
      819200.0,
      1228800.0,
      1638400.0,
      2048000.0,
      2457600.0,
      2867200.0,
      3276800.0,
      3686400.0,
      4096000.0,
      4505600.0,
      4915200.0,
      5324800.0,
      5734400.0,
      6144000.0,
      6553600.0,
      6963200.0,
      7372800.0,
      7782400.0,
      8192000.0,
      8601600.0,
      9011200.0,
      9420800.0,
      9830400.0,
      10240000.0,
      10649600.0,
      11059200.0,
      11468800.0,
      11878400.0,
      12288000.0
    ],
    "stds": [
      0.0,
      0.0,
      0.0,
      0.0,
      0.0,
      0.0,
      0.0,
      0.0,
      0.0,
      0.0,
      0.0,
      0.0,
      0.0,
      0.0,
      0.0,
      0.0,
      0.0,
      0.0,
      0.0,
      0.0,
      0.0,
      0.0,
      0.0,
      0.0,
      0.0,
      0.0,
      0.0,
      0.0,
      0.0,
      0.0
    ]
  },
  "train_loss_sfedavg": {
    "means": [
      1.855612525046384,
      1.5294675862131157,
      1.2949689516471679,
      1.1469349229191517,
      1.0202706046419512,
      0.9228554766279109,
      0.8282923171166076,
      0.7631806288783207,
      0.7047178046473935,
      0.6569240001342449,
      0.617772062214583,
      0.5828221372146407,
      0.5554509788990905,
      0.5305220184419926,
      0.505658714435916,
      0.4850501389194375,
      0.46591357539261846,
      0.4484262283592401,
      0.4349667850611056,
      0.42389887529888187,
      0.4121839019481158,
      0.4014182000003826,
      0.391443505554863,
      0.38095785644036756,
      0.37181781218091015,
      0.3631134827282734,
      0.3547740370436172,
      0.34706862049599163,
      0.3401647117161901,
      0.3322823959412807
    ],
    "stds": [
      0.0,
      0.0,
      0.0,
      0.0,
      0.0,
      0.0,
      0.0,
      0.0,
      0.0,
      0.0,
      0.0,
      0.0,
      0.0,
      0.0,
      0.0,
      0.0,
      0.0,
      0.0,
      0.0,
      0.0,
      0.0,
      0.0,
      0.0,
      0.0,
      0.0,
      0.0,
      0.0,
      0.0,
      0.0,
      0.0
    ]
  },
  "test_acc_sfedavg": {
    "means": [
      0.7722222222222223,
      0.8055555555555556,
      0.8444444444444444,
      0.8666666666666667,
      0.875,
      0.8833333333333333,
      0.8805555555555555,
      0.8833333333333333,
      0.8916666666666667,
      0.9083333333333333,
      0.9111111111111111,
      0.9111111111111111,
      0.9111111111111111,
      0.9083333333333333,
      0.9111111111111111,
      0.9166666666666666,
      0.9194444444444444,
      0.9166666666666666,
      0.9194444444444444,
      0.9194444444444444,
      0.9194444444444444,
      0.9222222222222223,
      0.9222222222222223,
      0.925,
      0.9277777777777778,
      0.9305555555555556,
      0.9277777777777778,
      0.9277777777777778,
      0.9305555555555556,
      0.9305555555555556
    ],
    "stds": [
      0.0,
      0.0,
      0.0,
      0.0,
      0.0,
      0.0,
      0.0,
      0.0,
      0.0,
      0.0,
      0.0,
      0.0,
      0.0,
      0.0,
      0.0,
      0.0,
      0.0,
      0.0,
      0.0,
      0.0,
      0.0,
      0.0,
      0.0,
      0.0,
      0.0,
      0.0,
      0.0,
      0.0,
      0.0,
      0.0
    ]
  },
  "comm_cost_sfedavg": {
    "means": [
      2908160.0,
      5816320.0,
      8724480.0,
      11632640.0,
      14540800.0,
      17448960.0,
      20357120.0,
      23265280.0,
      26173440.0,
      29081600.0,
      31989760.0,
      34897920.0,
      37806080.0,
      40714240.0,
      43622400.0,
      46530560.0,
      49438720.0,
      52346880.0,
      55255040.0,
      58163200.0,
      61071360.0,
      63979520.0,
      66887680.0,
      69795840.0,
      72704000.0,
      75612160.0,
      78520320.0,
      81428480.0,
      84336640.0,
      87244800.0
    ],
    "stds": [
      0.0,
      0.0,
      0.0,
      0.0,
      0.0,
      0.0,
      0.0,
      0.0,
      0.0,
      0.0,
      0.0,
      0.0,
      0.0,
      0.0,
      0.0,
      0.0,
      0.0,
      0.0,
      0.0,
      0.0,
      0.0,
      0.0,
      0.0,
      0.0,
      0.0,
      0.0,
      0.0,
      0.0,
      0.0,
      0.0
    ]
  },