{
  "train_loss/FedAvg": {
    "means": [
      0.6639777963593323,
      0.4678018960572819,
      0.37555080044256783,
      0.32673494003346715,
      0.2886133360626499,
      0.2238939326628328,
      0.17615645892918477,
      0.16304943729698243,
      0.14295337130129923,
      0.13179903382548036,
      0.13462724811039808,
      0.11540756183272223,
      0.11341846859056227,
      0.1027726687661974,
      0.09616829191118237,
      0.09697789197327582,
      0.08908357412870989,
      0.08816410248705286,
      0.08296435007137054,
      0.07669263835013151,
      0.0758737888143673,
      0.07364644225757061,
      0.07276219795812389,
      0.06897432062189932,
      0.06465015337890279,
      0.06288416879453675,
      0.06213931732021133,
      0.061370727696833334,
      0.05870572590316944,
      0.0564515129390039,
      0.05452761789740268,
      0.054003378753452735,
      0.053582716255024435,
      0.05180409854588521,
      0.0505464174361728,
      0.048771405250004334,
      0.048413839359718686,
      0.04832005289489936,
      0.04703406882232406,
      0.04606927592786312,
      0.04457647079801256,
      0.044428894200456495,
      0.044502269933676154,
      0.043480103608226926,
      0.042617562451251714,
      0.041452962064690985,
      0.04142900555447257,
      0.04155844454785547,
      0.04070617014508185,
      0.03994969603205753,
      0.03906454512104465,
      0.03909072177145991,
      0.039233945285488236,
      0.038508254272190144,
      0.037881061455033775,
      0.03717718263833236,
      0.03723382433263148,
      0.03737894628120464,
      0.036757210381429775,
      0.03624791412002074
    ],
    "stds": [
      0.0,
      0.0,
      0.0,
      0.0,
      0.0,
      0.0,
      0.0,
      0.0,
      0.0,
      0.0,
      0.0,
      0.0,
      0.0,
      0.0,
      0.0,
      0.0,
      0.0,
      0.0,
      0.0,
      0.0,
      0.0,
      0.0,
      0.0,
      0.0,
      0.0,
      0.0,
      0.0,
      0.0,
      0.0,
      0.0,
      0.0,
      0.0,
      0.0,
      0.0,
      0.0,
      0.0,
      0.0,
      0.0,
      0.0,
      0.0,
      0.0,
      0.0,
      0.0,
      0.0,
      0.0,
      0.0,
      0.0,
      0.0,
      0.0,
      0.0,
      0.0,
      0.0,
      0.0,
      0.0,
      0.0,
      0.0,
      0.0,
      0.0,
      0.0,
      0.0
    ]
  },
  "train_loss/SFedAvg": {
    "means": [
      1.399922978584445,
      1.0109166690287825,
      0.7830722241328345,
      0.6735284933042216,
      0.5962063609502526,
      0.5266680279102194,
      0.4357308706005512,
      0.3968406256666365,
      0.36638425481431935,
      0.3416167393680378,
      0.32092147874469196,
      0.3000875897547587,
      0.28436960219730223,
      0.27563692893035685,
      0.26179102700466306,
      0.25443445163792827,
      0.2405865284912629,
      0.23109991573474803,
      0.22524846861016998,
      0.2170548174405166,
      0.21175717549830028,
      0.20254231604565143,
      0.19780319847805758,
      0.19305194177661242,
      0.18908743748892098,
      0.18512677013763182,
      0.18049318017807484,
      0.17829332022989752,
      0.17537952905691234,
      0.17148025425640354,
      0.16895707467505205,
      0.16637762727179603,
      0.16423512998864798,
      0.16173300962008713,
      0.15888901024209365,
      0.15666117154332607,
      0.15483855873345134,
      0.15325070281235045,
      0.15128123474119531,
      0.14829451508288588,
      0.1466560675178387,
      0.14439921936783007,
      0.14347424708779244,
      0.14128969750049516,
      0.13938249546243298,
      0.13803299653978462,
      0.13698834389187897,
      0.13538443266529313,
      0.13372859505867132,
      0.13247106220028965,
      0.13121795060736424,
      0.12996742526598087,
      0.12827525216215335,
      0.1268693122550728,
      0.12585445546959179,
      0.124464748774683,
      0.12349306988026537,
      0.12219333710179213,
      0.12082802322492221,
      0.11989674084460085
    ],
    "stds": [
      0.0,
      0.0,
      0.0,
      0.0,
      0.0,
      0.0,
      0.0,
      0.0,
      0.0,
      0.0,
      0.0,
      0.0,
      0.0,
      0.0,
      0.0,
      0.0,
      0.0,
      0.0,
      0.0,
      0.0,
      0.0,
      0.0,
      0.0,
      0.0,
      0.0,
      0.0,
      0.0,
      0.0,
      0.0,
      0.0,
      0.0,
      0.0,
      0.0,
      0.0,
      0.0,
      0.0,
      0.0,
      0.0,
      0.0,
      0.0,
      0.0,
      0.0,
      0.0,
      0.0,
      0.0,
      0.0,
      0.0,
      0.0,
      0.0,
      0.0,
      0.0,
      0.0,
      0.0,
      0.0,
      0.0,
      0.0,
      0.0,
      0.0,
      0.0,
      0.0
    ]
  },
  "test_accuracy/FedAvg": {
    "means": [
      0.8527777777777777,
      0.8972222222222223,
      0.925,
      0.925,
      0.9222222222222223,
      0.925,
      0.9277777777777778,
      0.9305555555555556,
      0.9361111111111111,
      0.9305555555555556,
      0.9444444444444444,
      0.95,
      0.9472222222222222,
      0.9527777777777777,
      0.9472222222222222,
      0.9527777777777777,
      0.9583333333333334,
      0.9583333333333334,
      0.9555555555555556,
      0.9583333333333334,
      0.9555555555555556,
      0.9583333333333334,
      0.9555555555555556,
      0.9527777777777777,
      0.9666666666666667,
      0.9638888888888889,
      0.9638888888888889,
      0.9638888888888889,
      0.9611111111111111,
      0.9694444444444444,
      0.9638888888888889,
      0.9638888888888889,
      0.9638888888888889,
      0.9638888888888889,
      0.9666666666666667,
      0.9638888888888889,
      0.9638888888888889,
      0.9638888888888889,
      0.9638888888888889,
      0.9638888888888889,
      0.9638888888888889,
      0.9638888888888889,
      0.9638888888888889,
      0.9638888888888889,
      0.9638888888888889,
      0.9638888888888889,
      0.9638888888888889,
      0.9638888888888889,
      0.9638888888888889,
      0.9638888888888889,
      0.9638888888888889,
      0.9638888888888889,
      0.9638888888888889,
      0.9638888888888889,
      0.9638888888888889,
      0.9666666666666667,
      0.9611111111111111,
      0.9638888888888889,
      0.9638888888888889,
      0.9638888888888889
    ],
    "stds": [
      0.0,
      0.0,
      0.0,
      0.0,
      0.0,
      0.0,
      0.0,
      0.0,
      0.0,
      0.0,
      0.0,
      0.0,
      0.0,
      0.0,
      0.0,
      0.0,
      0.0,
      0.0,
      0.0,
      0.0,
      0.0,
      0.0,
      0.0,
      0.0,
      0.0,
      0.0,
      0.0,
      0.0,
      0.0,
      0.0,
      0.0,
      0.0,
      0.0,
      0.0,
      0.0,
      0.0,
      0.0,
      0.0,
      0.0,
      0.0,
      0.0,
      0.0,
      0.0,
      0.0,
      0.0,
      0.0,
      0.0,
      0.0,
      0.0,
      0.0,
      0.0,
      0.0,
      0.0,
      0.0,
      0.0,
      0.0,
      0.0,
      0.0,
      0.0,
      0.0
    ]
  },