{
  "train_loss_fedavg": {
    "means": [
      2.142114782857585,
      1.9815425933370527,
      1.8181262343742939,
      1.6929371865711056,
      1.5470775994097106,
      1.452632194337773,
      1.3495175512301634,
      1.25075258390144,
      1.1701353244519108,
      1.08904969532458,
      1.0231332014224641,
      0.9719684219774681,
      0.9197414117709505,
      0.8679135872492794,
      0.8298638312509761,
      0.7976274718020945,
      0.7648815931447267,
      0.7330283201619404,
      0.7004625252223965,
      0.6756892581112808,
      0.6531166586407752,
      0.6359610914768614,
      0.6164959093486857,
      0.5985315732688885,
      0.5809240867261328,
      0.5670487116032532,
      0.5546831481764607,
      0.5421846413569564,
      0.5293771877165434,
      0.5195861045537413,
      0.5081495143265515,
      0.49972542905778217,
      0.49200715878385476,
      0.48425431159830046,
      0.47709560814179236,
      0.47171215227288094,
      0.4656507193086702,
      0.45798532546914084,
      0.4519129143657066,
      0.4463720854192386,
      0.4411021394670964,
      0.4359335190114297,
      0.4321300396996179,
      0.4284178836952629,
      0.42514355923299807,
      0.42067165401197176,
      0.41832730134367585,
      0.4141889754180057,
      0.41159668349129047,
      0.4090175994757401,
      0.4063956759137418,
      0.40440897193664993,
      0.4021826035583847,
      0.40003559082262097,
      0.3986978542513211,
      0.3963548419948814,
      0.3941975525289506,
      0.39285739399355135,
      0.3903091065810726,
      0.3893050251459259
    ],
    "stds": [
      0.0,
      0.0,
      0.0,
      0.0,
      0.0,
      0.0,
      0.0,
      0.0,
      0.0,
      0.0,
      0.0,
      0.0,
      0.0,
      0.0,
      0.0,
      0.0,
      0.0,
      0.0,
      0.0,
      0.0,
      0.0,
      0.0,
      0.0,
      0.0,
      0.0,
      0.0,
      0.0,
      0.0,
      0.0,
      0.0,
      0.0,
      0.0,
      0.0,
      0.0,
      0.0,
      0.0,
      0.0,
      0.0,
      0.0,
      0.0,
      0.0,
      0.0,
      0.0,
      0.0,
      0.0,
      0.0,
      0.0,
      0.0,
      0.0,
      0.0,
      0.0,
      0.0,
      0.0,
      0.0,
      0.0,
      0.0,
      0.0,
      0.0,
      0.0,
      0.0
    ]
  },
  "test_acc_fedavg": {
    "means": [
      0.484875,
      0.635375,
      0.6785,
      0.71975,
      0.733625,
      0.740875,
      0.75375,
      0.763375,
      0.773,
      0.78425,
      0.790375,
      0.789875,
      0.790625,
      0.798625,
      0.80225,
      0.80825,
      0.81025,
      0.815375,
      0.819,
      0.822375,
      0.824125,
      0.825625,
      0.829375,
      0.83425,
      0.834375,
      0.835875,
      0.838375,
      0.838,
      0.838875,
      0.839875,
      0.841625,
      0.8415,
      0.842875,
      0.841375,
      0.8425,
      0.84275,
      0.840125,
      0.842375,
      0.842375,
      0.8435,
      0.843375,
      0.846875,
      0.846,
      0.845,
      0.84475,
      0.84575,
      0.84425,
      0.84625,
      0.8465,
      0.84625,
      0.846875,
      0.84775,
      0.8485,
      0.848375,
      0.849625,
      0.8475,
      0.84575,
      0.845625,
      0.848875,
      0.8465
    ],
    "stds": [
      0.0,
      0.0,
      0.0,
      0.0,
      0.0,
      0.0,
      0.0,
      0.0,
      0.0,
      0.0,
      0.0,
      0.0,
      0.0,
      0.0,
      0.0,
      0.0,
      0.0,
      0.0,
      0.0,
      0.0,
      0.0,
      0.0,
      0.0,
      0.0,
      0.0,
      0.0,
      0.0,
      0.0,
      0.0,
      0.0,
      0.0,
      0.0,
      0.0,
      0.0,
      0.0,
      0.0,
      0.0,
      0.0,
      0.0,
      0.0,
      0.0,
      0.0,
      0.0,
      0.0,
      0.0,
      0.0,
      0.0,
      0.0,
      0.0,
      0.0,
      0.0,
      0.0,
      0.0,
      0.0,
      0.0,
      0.0,
      0.0,
      0.0,
      0.0,
      0.0
    ]
  },
  "comm_eff_fedavg": {
    "means": [
      1.0,
      2.0,
      3.0,
      4.0,
      5.0,
      6.0,
      7.0,
      8.0,
      9.0,
      10.0,
      11.0,
      12.0,
      13.0,
      14.0,
      15.0,
      16.0,
      17.0,
      18.0,
      19.0,
      20.0,
      21.0,
      22.0,
      23.0,
      24.0,
      25.0,
      26.0,
      27.0,
      28.0,
      29.0,
      30.0,
      31.0,
      32.0,
      33.0,
      34.0,
      35.0,
      36.0,
      37.0,
      38.0,
      39.0,
      40.0,
      41.0,
      42.0,
      43.0,
      44.0,
      45.0,
      46.0,
      47.0,
      48.0,
      49.0,
      50.0,
      51.0,
      52.0,
      53.0,
      54.0,
      55.0,
      56.0,
      57.0,
      58.0,
      59.0,
      60.0
    ],
    "stds": [
      0.0,
      0.0,
      0.0,
      0.0,
      0.0,
      0.0,
      0.0,
      0.0,
      0.0,
      0.0,
      0.0,
      0.0,
      0.0,
      0.0,
      0.0,
      0.0,
      0.0,
      0.0,
      0.0,
      0.0,
      0.0,
      0.0,
      0.0,
      0.0,
      0.0,
      0.0,
      0.0,
      0.0,
      0.0,
      0.0,
      0.0,
      0.0,
      0.0,
      0.0,
      0.0,
      0.0,
      0.0,
      0.0,
      0.0,
      0.0,
      0.0,
      0.0,
      0.0,
      0.0,
      0.0,
      0.0,
      0.0,
      0.0,
      0.0,
      0.0,
      0.0,
      0.0,
      0.0,
      0.0,
      0.0,
      0.0,
      0.0,
      0.0,
      0.0,
      0.0
    ]
  },
  "train_loss_sfedavg": {
    "means": [
      2.281997130973831,
      2.25030444595606,
      2.2137836923795247,
      2.1805990873299677,
      2.150692734031512,
      2.115600428532686,
      2.089635407755728,
      2.0634379684468995,
      2.032294814327055,
      2.002539386645365,
      1.975644633859883,
      1.9420850391570865,
      1.9159626319718905,
      1.8905329172779288,
      1.8668603384464733,
      1.8451835028469594,
      1.8235222698976035,
      1.7999253186895803,
      1.776270647766801,
      1.7514114257147098,
      1.7271317028366548,
      1.7057177437931004,
      1.680302771727456,
      1.6604101927483226,
      1.6352800803955059,
      1.6148450605772695,
      1.5932988211493817,
      1.5762954975770236,
      1.5562176821096545,
      1.534963221421297,
      1.517301445508273,
      1.499357005707591,
      1.4828848836433353,
      1.4664795849443553,
      1.4518421799913988,
      1.439622236022753,
      1.42444060211595,
      1.4114599522488083,
      1.3974480763610027,
      1.383603463558991,
      1.3729294609964877,
      1.3611774103529901,
      1.3495721982022457,
      1.3382339882419627,
      1.3257406298094676,
      1.3159126354908763,
      1.3057505292016578,
      1.2945933598400952,
      1.2843035547660997,
      1.274884610934603,
      1.2638979890342534,
      1.250681894576605,
      1.2398452765059116,
      1.227461919044296,
      1.2184103377422526,
      1.2093719074885851,
      1.2010489823038641,
      1.1924287812518615,
      1.182807659723564,
      1.1742615246156038
    ],
    "stds": [
      0.0,
      0.0,
      0.0,
      0.0,
      0.0,
      0.0,
      0.0,
      0.0,
      0.0,
      0.0,
      0.0,
      0.0,
      0.0,
      0.0,
      0.0,
      0.0,
      0.0,
      0.0,
      0.0,
      0.0,
      0.0,
      0.0,
      0.0,
      0.0,
      0.0,
      0.0,
      0.0,
      0.0,
      0.0,
      0.0,
      0.0,
      0.0,
      0.0,
      0.0,
      0.0,
      0.0,
      0.0,
      0.0,
      0.0,
      0.0,
      0.0,
      0.0,
      0.0,
      0.0,
      0.0,
      0.0,
      0.0,
      0.0,
      0.0,
      0.0,
      0.0,
      0.0,
      0.0,
      0.0,
      0.0,
      0.0,
      0.0,
      0.0,
      0.0,
      0.0
    ]
  },