{
  "train_loss_fedavg": {
    "means": [
      0.5605545310496692,
      0.3525484047305355,
      0.2522323613883455,
      0.22922198670715338,
      0.24702001081750558,
      0.17788314822092274,
      0.1607198478048584,
      0.17511125610627518,
      0.15829382774429696,
      0.21663490385555423,
      0.1570157046334977,
      0.21208636077404833,
      0.21729106195630007,
      0.31456263807835266,
      0.17906277360621436,
      0.16832371016848674,
      0.14156795045638135,
      0.16467782214210505,
      0.18679176476285872,
      0.22411991181464516,
      0.1764890930406431,
      0.13373961042339574,
      0.16746393676622628,
      0.2107377605297236,
      0.1633625594695612,
      0.28106096785469503,
      0.21278614838617504,
      0.13824663059270106,
      0.1330329000132084,
      0.11582193782701625
    ],
    "stds": [
      0.0,
      0.0,
      0.0,
      0.0,
      0.0,
      0.0,
      0.0,
      0.0,
      0.0,
      0.0,
      0.0,
      0.0,
      0.0,
      0.0,
      0.0,
      0.0,
      0.0,
      0.0,
      0.0,
      0.0,
      0.0,
      0.0,
      0.0,
      0.0,
      0.0,
      0.0,
      0.0,
      0.0,
      0.0,
      0.0
    ]
  },
  "test_acc_fedavg": {
    "means": [
      0.8166666666666667,
      0.8861111111111111,
      0.9222222222222223,
      0.9111111111111111,
      0.9083333333333333,
      0.9305555555555556,
      0.9305555555555556,
      0.9305555555555556,
      0.9388888888888889,
      0.9333333333333333,
      0.9416666666666667,
      0.925,
      0.9305555555555556,
      0.9277777777777778,
      0.9333333333333333,
      0.9361111111111111,
      0.9444444444444444,
      0.9444444444444444,
      0.9333333333333333,
      0.9333333333333333,
      0.9388888888888889,
      0.9527777777777777,
      0.95,
      0.9333333333333333,
      0.9472222222222222,
      0.9444444444444444,
      0.9361111111111111,
      0.9472222222222222,
      0.9388888888888889,
      0.9444444444444444
    ],
    "stds": [
      0.0,
      0.0,
      0.0,
      0.0,
      0.0,
      0.0,
      0.0,
      0.0,
      0.0,
      0.0,
      0.0,
      0.0,
      0.0,
      0.0,
      0.0,
      0.0,
      0.0,
      0.0,
      0.0,
      0.0,
      0.0,
      0.0,
      0.0,
      0.0,
      0.0,
      0.0,
      0.0,
      0.0,
      0.0,
      0.0
    ]
  },
  "comm_cost_fedavg": {
    "means": [
      819200.0,
      1638400.0,
      2457600.0,
      3276800.0,
      4096000.0,
      4915200.0,
      5734400.0,
      6553600.0,
      7372800.0,
      8192000.0,
      9011200.0,
      9830400.0,
      10649600.0,
      11468800.0,
      12288000.0,
      13107200.0,
      13926400.0,
      14745600.0,
      15564800.0,
      16384000.0,
      17203200.0,
      18022400.0,
      18841600.0,
      19660800.0,
      20480000.0,
      21299200.0,
      22118400.0,
      22937600.0,
      23756800.0,
      24576000.0
    ],
    "stds": [
      0.0,
      0.0,
      0.0,
      0.0,
      0.0,
      0.0,
      0.0,
      0.0,
      0.0,
      0.0,
      0.0,
      0.0,
      0.0,
      0.0,
      0.0,
      0.0,
      0.0,
      0.0,
      0.0,
      0.0,
      0.0,
      0.0,
      0.0,
      0.0,
      0.0,
      0.0,
      0.0,
      0.0,
      0.0,
      0.0
    ]
  },
  "effective_update_dims_fedavg": {
    "means": [
      409600.0,
      819200.0,
      1228800.0,
      1638400.0,
      2048000.0,
      2457600.0,
      2867200.0,
      3276800.0,
      3686400.0,
      4096000.0,
      4505600.0,
      4915200.0,
      5324800.0,
      5734400.0,
      6144000.0,
      6553600.0,
      6963200.0,
      7372800.0,
      7782400.0,
      8192000.0,
      8601600.0,
      9011200.0,
      9420800.0,
      9830400.0,
      10240000.0,
      10649600.0,
      11059200.0,
      11468800.0,
      11878400.0,
      12288000.0
    ],
    "stds": [
      0.0,
      0.0,
      0.0,
      0.0,
      0.0,
      0.0,
      0.0,
      0.0,
      0.0,
      0.0,
      0.0,
      0.0,
      0.0,
      0.0,
      0.0,
      0.0,
      0.0,
      0.0,
      0.0,
      0.0,
      0.0,
      0.0,
      0.0,
      0.0,
      0.0,
      0.0,
      0.0,
      0.0,
      0.0,
      0.0
    ]
  },
  "train_loss_sfedavg": {
    "means": [
      1.7729688614392372,
      1.4083782334749029,
      1.155273296741623,
      1.0006105497018865,
      0.8643793545922946,
      0.7793754685931843,
      0.7075671592205773,
      0.6485258697584408,
      0.600027115292717,
      0.5593399775531738,
      0.5261066747660524,
      0.49683842574371123,
      0.4734056238539883,
      0.4510626278276807,
      0.4322634891179251,
      0.4147975367737172,
      0.398556051520881,
      0.3826517710570458,
      0.37274906349932274,
      0.3628188932727488,
      0.3517522960745203,
      0.3412284154517294,
      0.33232104614046565,
      0.32383634870918426,
      0.31627819139768754,
      0.30951851109304623,
      0.3014719483066476,
      0.2950131288579251,
      0.28833524871877836,
      0.2812801609522955
    ],
    "stds": [
      0.0,
      0.0,
      0.0,
      0.0,
      0.0,
      0.0,
      0.0,
      0.0,
      0.0,
      0.0,
      0.0,
      0.0,
      0.0,
      0.0,
      0.0,
      0.0,
      0.0,
      0.0,
      0.0,
      0.0,
      0.0,
      0.0,
      0.0,
      0.0,
      0.0,
      0.0,
      0.0,
      0.0,
      0.0,
      0.0
    ]
  },
  "test_acc_sfedavg": {
    "means": [
      0.6527777777777778,
      0.8083333333333333,
      0.8194444444444444,
      0.8666666666666667,
      0.8694444444444445,
      0.8861111111111111,
      0.8916666666666667,
      0.9027777777777778,
      0.8972222222222223,
      0.9083333333333333,
      0.9083333333333333,
      0.9111111111111111,
      0.9138888888888889,
      0.9166666666666666,
      0.9194444444444444,
      0.9138888888888889,
      0.9166666666666666,
      0.925,
      0.9222222222222223,
      0.9277777777777778,
      0.9305555555555556,
      0.9305555555555556,
      0.9305555555555556,
      0.9361111111111111,
      0.9333333333333333,
      0.9333333333333333,
      0.9361111111111111,
      0.9361111111111111,
      0.9361111111111111,
      0.9416666666666667
    ],
    "stds": [
      0.0,
      0.0,
      0.0,
      0.0,
      0.0,
      0.0,
      0.0,
      0.0,
      0.0,
      0.0,
      0.0,
      0.0,
      0.0,
      0.0,
      0.0,
      0.0,
      0.0,
      0.0,
      0.0,
      0.0,
      0.0,
      0.0,
      0.0,
      0.0,
      0.0,
      0.0,
      0.0,
      0.0,
      0.0,
      0.0
    ]
  },
  "comm_cost_sfedavg": {
    "means": [
      4136960.0,
      8273920.0,
      12410880.0,
      16547840.0,
      20684800.0,
      24821760.0,
      28958720.0,
      33095680.0,
      37232640.0,
      41369600.0,
      45506560.0,
      49643520.0,
      53780480.0,
      57917440.0,
      62054400.0,
      66191360.0,
      70328320.0,
      74465280.0,
      78602240.0,
      82739200.0,
      86876160.0,
      91013120.0,
      95150080.0,
      99287040.0,
      103424000.0,
      107560960.0,
      111697920.0,
      115834880.0,
      119971840.0,
      124108800.0
    ],
    "stds": [
      0.0,
      0.0,
      0.0,
      0.0,
      0.0,
      0.0,
      0.0,
      0.0,
      0.0,
      0.0,
      0.0,
      0.0,
      0.0,
      0.0,
      0.0,
      0.0,
      0.0,
      0.0,
      0.0,
      0.0,
      0.0,
      0.0,
      0.0,
      0.0,
      0.0,
      0.0,
      0.0,
      0.0,
      0.0,
      0.0
    ]
  },