{
  "train_loss_fedavg": {
    "means": [
      1.5980731851168175,
      1.2135670159937986,
      0.9772842432385023,
      0.8300311689682867,
      0.7283664126748005,
      0.6551892915065438,
      0.5971598484954519,
      0.5509010570204567,
      0.5111776733841668,
      0.4811802617193258,
      0.45337444585095943,
      0.42897097436421894,
      0.4086594780046357,
      0.3909207062450462,
      0.3759367028547517,
      0.3621992863750314,
      0.35085494401911405,
      0.3386214919777553,
      0.32841280352733226,
      0.3182117730427801,
      0.30961708761486373,
      0.3009255825598081,
      0.29398069820808637,
      0.2872148608618914,
      0.280959388372712,
      0.27482520574041397,
      0.26859517046439685,
      0.2643524213388204,
      0.25842391966869716,
      0.25377528850241377,
      0.24937867365322633,
      0.24564710725069616,
      0.24093790432316564,
      0.23677814841002598,
      0.23290238266022864,
      0.2300646800528551,
      0.22648691363436416,
      0.22283807519621887,
      0.22013239500132095,
      0.2175269832763884,
      0.21469446627302827,
      0.21174639267418893,
      0.20909641921432187,
      0.20666462898640617,
      0.20438908448630488,
      0.2018779272958386,
      0.19970283279699141,
      0.19773636263984745,
      0.19552987407935377,
      0.19365669864111001
    ],
    "stds": [
      0.0,
      0.0,
      0.0,
      0.0,
      0.0,
      0.0,
      0.0,
      0.0,
      0.0,
      0.0,
      0.0,
      0.0,
      0.0,
      0.0,
      0.0,
      0.0,
      0.0,
      0.0,
      0.0,
      0.0,
      0.0,
      0.0,
      0.0,
      0.0,
      0.0,
      0.0,
      0.0,
      0.0,
      0.0,
      0.0,
      0.0,
      0.0,
      0.0,
      0.0,
      0.0,
      0.0,
      0.0,
      0.0,
      0.0,
      0.0,
      0.0,
      0.0,
      0.0,
      0.0,
      0.0,
      0.0,
      0.0,
      0.0,
      0.0,
      0.0
    ]
  },
  "train_loss_sfedavg": {
    "means": [
      2.1365528355940064,
      1.943597591522799,
      1.7485460563799697,
      1.545800627125868,
      1.4168592466307963,
      1.3061325293963928,
      1.2329675319868256,
      1.142958835934065,
      1.0803805038764833,
      1.0256019787169965,
      0.9640071555381489,
      0.9105898830872176,
      0.8728848052177627,
      0.8293104295579146,
      0.8000607594782677,
      0.7694793814925387,
      0.7380277686688099,
      0.7150244307608737,
      0.6888213255455594,
      0.67264286565527,
      0.6534032371567916,
      0.6323432024568255,
      0.6174560342360135,
      0.6009196511491659,
      0.580062721212101,
      0.5686371171269728,
      0.551812171314382,
      0.5390526194672556,
      0.5254171110147319,
      0.5131551330929621,
      0.5042901580129293,
      0.4941053234660729,
      0.48241775959992306,
      0.47453237167235784,
      0.4633519111067553,
      0.455203950986163,
      0.4476826531736196,
      0.44052777260865933,
      0.43423596458946256,
      0.42876956600079397,
      0.4225773855477487,
      0.41832216656975957,
      0.4136640478079569,
      0.4096565325058883,
      0.4035978979081811,
      0.39790698113576195,
      0.39107690011208257,
      0.38671305889846497,
      0.37968952463848843,
      0.37569704681680405
    ],
    "stds": [
      0.0,
      0.0,
      0.0,
      0.0,
      0.0,
      0.0,
      0.0,
      0.0,
      0.0,
      0.0,
      0.0,
      0.0,
      0.0,
      0.0,
      0.0,
      0.0,
      0.0,
      0.0,
      0.0,
      0.0,
      0.0,
      0.0,
      0.0,
      0.0,
      0.0,
      0.0,
      0.0,
      0.0,
      0.0,
      0.0,
      0.0,
      0.0,
      0.0,
      0.0,
      0.0,
      0.0,
      0.0,
      0.0,
      0.0,
      0.0,
      0.0,
      0.0,
      0.0,
      0.0,
      0.0,
      0.0,
      0.0,
      0.0,
      0.0,
      0.0
    ]
  },
  "test_acc_fedavg": {
    "means": [
      0.8694444444444445,
      0.875,
      0.8972222222222223,
      0.9083333333333333,
      0.9138888888888889,
      0.9222222222222223,
      0.9194444444444444,
      0.9277777777777778,
      0.9277777777777778,
      0.9361111111111111,
      0.9333333333333333,
      0.9361111111111111,
      0.9388888888888889,
      0.9444444444444444,
      0.9472222222222222,
      0.95,
      0.95,
      0.9472222222222222,
      0.9472222222222222,
      0.9527777777777777,
      0.9527777777777777,
      0.9555555555555556,
      0.9555555555555556,
      0.9555555555555556,
      0.9555555555555556,
      0.9555555555555556,
      0.9527777777777777,
      0.9527777777777777,
      0.9527777777777777,
      0.95,
      0.9527777777777777,
      0.9527777777777777,
      0.9527777777777777,
      0.9555555555555556,
      0.9527777777777777,
      0.9527777777777777,
      0.9527777777777777,
      0.95,
      0.95,
      0.9527777777777777,
      0.95,
      0.95,
      0.95,
      0.95,
      0.95,
      0.95,
      0.95,
      0.95,
      0.9527777777777777,
      0.9527777777777777
    ],
    "stds": [
      0.0,
      0.0,
      0.0,
      0.0,
      0.0,
      0.0,
      0.0,
      0.0,
      0.0,
      0.0,
      0.0,
      0.0,
      0.0,
      0.0,
      0.0,
      0.0,
      0.0,
      0.0,
      0.0,
      0.0,
      0.0,
      0.0,
      0.0,
      0.0,
      0.0,
      0.0,
      0.0,
      0.0,
      0.0,
      0.0,
      0.0,
      0.0,
      0.0,
      0.0,
      0.0,
      0.0,
      0.0,
      0.0,
      0.0,
      0.0,
      0.0,
      0.0,
      0.0,
      0.0,
      0.0,
      0.0,
      0.0,
      0.0,
      0.0,
      0.0
    ]
  },
  "test_acc_sfedavg": {
    "means": [
      0.41388888888888886,
      0.6138888888888889,
      0.6722222222222223,
      0.7138888888888889,
      0.7527777777777778,
      0.75,
      0.7805555555555556,
      0.8138888888888889,
      0.8222222222222222,
      0.8388888888888889,
      0.8416666666666667,
      0.8527777777777777,
      0.8527777777777777,
      0.8694444444444445,
      0.8833333333333333,
      0.8777777777777778,
      0.8833333333333333,
      0.8861111111111111,
      0.8944444444444445,
      0.8916666666666667,
      0.8916666666666667,
      0.9,
      0.9111111111111111,
      0.9138888888888889,
      0.9166666666666666,
      0.9194444444444444,
      0.9222222222222223,
      0.9222222222222223,
      0.9222222222222223,
      0.9277777777777778,
      0.9222222222222223,
      0.925,
      0.9222222222222223,
      0.9194444444444444,
      0.925,
      0.9277777777777778,
      0.925,
      0.9333333333333333,
      0.9305555555555556,
      0.9277777777777778,
      0.9277777777777778,
      0.9277777777777778,
      0.9305555555555556,
      0.9305555555555556,
      0.9277777777777778,
      0.9277777777777778,
      0.9388888888888889,
      0.9361111111111111,
      0.9361111111111111,
      0.9388888888888889
    ],
    "stds": [
      0.0,
      0.0,
      0.0,
      0.0,
      0.0,
      0.0,
      0.0,
      0.0,
      0.0,
      0.0,
      0.0,
      0.0,
      0.0,
      0.0,
      0.0,
      0.0,
      0.0,
      0.0,
      0.0,
      0.0,
      0.0,
      0.0,
      0.0,
      0.0,
      0.0,
      0.0,
      0.0,
      0.0,
      0.0,
      0.0,
      0.0,
      0.0,
      0.0,
      0.0,
      0.0,
      0.0,
      0.0,
      0.0,
      0.0,
      0.0,
      0.0,
      0.0,
      0.0,
      0.0,
      0.0,
      0.0,
      0.0,
      0.0,
      0.0,
      0.0
    ]
  },