{
  "train_loss/FedAvg": {
    "means": [
      1.0672934512920915,
      0.7355518165029374,
      0.5785769562077682,
      0.48775258195460963,
      0.32323892692693496,
      0.27130850327802547,
      0.2361158722254948,
      0.2081293086944156,
      0.21779148694101413,
      0.2058586229407791,
      0.19292221789796848,
      0.17949696431867396,
      0.19232790128560506,
      0.18648292758578983,
      0.1785986716803247,
      0.17308271901158015,
      0.18304352733733653,
      0.179538531295881,
      0.17401865154286167,
      0.17160100634671543,
      0.17909364024318578,
      0.1768516401140119,
      0.17266365932334027,
      0.171407627114118,
      0.1764255818788204,
      0.17522174647911007,
      0.1713993513735139,
      0.17059000397569246,
      0.1735746341366715,
      0.1730052671697849,
      0.16913887576554598,
      0.1685071426337154,
      0.17021420341746207,
      0.16987370971492818,
      0.16612880373874384,
      0.16535329938714446,
      0.16626647395438238,
      0.1659772083014702,
      0.16260814960931974,
      0.16151186031523007,
      0.16180766430040006,
      0.16146329787423783,
      0.15857727978776653,
      0.15722531437351195,
      0.15692709019826034,
      0.15650401109702,
      0.15408586477675354,
      0.1526279412511804,
      0.15179207007467216,
      0.15131528014051043,
      0.1492690085316074,
      0.14781316614354245,
      0.1466032320004713,
      0.14606749464054886,
      0.14427197063514333,
      0.14286481626732683,
      0.14149753039919002,
      0.1408614320803284,
      0.13922959409599678,
      0.13788421199350598,
      0.13654290326783544,
      0.13577283301915882,
      0.13426302820288336,
      0.13298356363149472,
      0.13176699586293203,
      0.13086761757192195,
      0.12946231443615758,
      0.1282528494968064,
      0.12717720412371522,
      0.12618896269303306,
      0.12487895315229439,
      0.12374295540367325,
      0.12277596444810944,
      0.1217555717388881,
      0.1205358989396929,
      0.11947416511841388,
      0.11857171237992142,
      0.11757382486692634,
      0.11644339704399287,
      0.1154537161087301
    ],
    "stds": [
      0.0,
      0.0,
      0.0,
      0.0,
      0.0,
      0.0,
      0.0,
      0.0,
      0.0,
      0.0,
      0.0,
      0.0,
      0.0,
      0.0,
      0.0,
      0.0,
      0.0,
      0.0,
      0.0,
      0.0,
      0.0,
      0.0,
      0.0,
      0.0,
      0.0,
      0.0,
      0.0,
      0.0,
      0.0,
      0.0,
      0.0,
      0.0,
      0.0,
      0.0,
      0.0,
      0.0,
      0.0,
      0.0,
      0.0,
      0.0,
      0.0,
      0.0,
      0.0,
      0.0,
      0.0,
      0.0,
      0.0,
      0.0,
      0.0,
      0.0,
      0.0,
      0.0,
      0.0,
      0.0,
      0.0,
      0.0,
      0.0,
      0.0,
      0.0,
      0.0,
      0.0,
      0.0,
      0.0,
      0.0,
      0.0,
      0.0,
      0.0,
      0.0,
      0.0,
      0.0,
      0.0,
      0.0,
      0.0,
      0.0,
      0.0,
      0.0,
      0.0,
      0.0,
      0.0,
      0.0
    ]
  },
  "test_accuracy/FedAvg": {
    "means": [
      0.8222222222222222,
      0.8583333333333333,
      0.9083333333333333,
      0.9138888888888889,
      0.9027777777777778,
      0.9166666666666666,
      0.9222222222222223,
      0.9222222222222223,
      0.925,
      0.925,
      0.9305555555555556,
      0.9388888888888889,
      0.9361111111111111,
      0.9333333333333333,
      0.9388888888888889,
      0.9444444444444444,
      0.9444444444444444,
      0.9472222222222222,
      0.95,
      0.95,
      0.9527777777777777,
      0.9583333333333334,
      0.9583333333333334,
      0.9583333333333334,
      0.9527777777777777,
      0.9638888888888889,
      0.9611111111111111,
      0.9611111111111111,
      0.9611111111111111,
      0.9666666666666667,
      0.9666666666666667,
      0.9694444444444444,
      0.9722222222222222,
      0.9666666666666667,
      0.9638888888888889,
      0.9666666666666667,
      0.9666666666666667,
      0.9666666666666667,
      0.9638888888888889,
      0.9638888888888889,
      0.9638888888888889,
      0.9611111111111111,
      0.9611111111111111,
      0.9611111111111111,
      0.9638888888888889,
      0.9611111111111111,
      0.9611111111111111,
      0.9638888888888889,
      0.9638888888888889,
      0.9611111111111111,
      0.9611111111111111,
      0.9638888888888889,
      0.9638888888888889,
      0.9611111111111111,
      0.9611111111111111,
      0.9638888888888889,
      0.9638888888888889,
      0.9611111111111111,
      0.9611111111111111,
      0.9638888888888889,
      0.9638888888888889,
      0.9611111111111111,
      0.9611111111111111,
      0.9638888888888889,
      0.9611111111111111,
      0.9611111111111111,
      0.9611111111111111,
      0.9611111111111111,
      0.9638888888888889,
      0.9611111111111111,
      0.9611111111111111,
      0.9611111111111111,
      0.9638888888888889,
      0.9638888888888889,
      0.9611111111111111,
      0.9638888888888889,
      0.9638888888888889,
      0.9638888888888889,
      0.9638888888888889,
      0.9638888888888889
    ],
    "stds": [
      0.0,
      0.0,
      0.0,
      0.0,
      0.0,
      0.0,
      0.0,
      0.0,
      0.0,
      0.0,
      0.0,
      0.0,
      0.0,
      0.0,
      0.0,
      0.0,
      0.0,
      0.0,
      0.0,
      0.0,
      0.0,
      0.0,
      0.0,
      0.0,
      0.0,
      0.0,
      0.0,
      0.0,
      0.0,
      0.0,
      0.0,
      0.0,
      0.0,
      0.0,
      0.0,
      0.0,
      0.0,
      0.0,
      0.0,
      0.0,
      0.0,
      0.0,
      0.0,
      0.0,
      0.0,
      0.0,
      0.0,
      0.0,
      0.0,
      0.0,
      0.0,
      0.0,
      0.0,
      0.0,
      0.0,
      0.0,
      0.0,
      0.0,
      0.0,
      0.0,
      0.0,
      0.0,
      0.0,
      0.0,
      0.0,
      0.0,
      0.0,
      0.0,
      0.0,
      0.0,
      0.0,
      0.0,
      0.0,
      0.0,
      0.0,
      0.0,
      0.0,
      0.0,
      0.0,
      0.0
    ]
  },
  "cumulative_comm_params/FedAvg": {
    "means": [
      6400,
      12800,
      19200,
      25600,
      32000,
      38400,
      44800,
      51200,
      57600,
      64000,
      70400,
      76800,
      83200,
      89600,
      96000,
      102400,
      108800,
      115200,
      121600,
      128000,
      134400,
      140800,
      147200,
      153600,
      160000,
      166400,
      172800,
      179200,
      185600,
      192000,
      198400,
      204800,
      211200,
      217600,
      224000,
      230400,
      236800,
      243200,
      249600,
      256000,
      262400,
      268800,
      275200,
      281600,
      288000,
      294400,
      300800,
      307200,
      313600,
      320000,
      326400,
      332800,
      339200,
      345600,
      352000,
      358400,
      364800,
      371200,
      377600,
      384000,
      390400,
      396800,
      403200,
      409600,
      416000,
      422400,
      428800,
      435200,
      441600,
      448000,
      454400,
      460800,
      467200,
      473600,
      480000,
      486400,
      492800,
      499200,
      505600,
      512000
    ],
    "stds": [
      0,
      0,
      0,
      0,
      0,
      0,
      0,
      0,
      0,
      0,
      0,
      0,
      0,
      0,
      0,
      0,
      0,
      0,
      0,
      0,
      0,
      0,
      0,
      0,
      0,
      0,
      0,
      0,
      0,
      0,
      0,
      0,
      0,
      0,
      0,
      0,
      0,
      0,
      0,
      0,
      0,
      0,
      0,
      0,
      0,
      0,
      0,
      0,
      0,
      0,
      0,
      0,
      0,
      0,
      0,
      0,
      0,
      0,
      0,
      0,
      0,
      0,
      0,
      0,
      0,
      0,
      0,
      0,
      0,
      0,
      0,
      0,
      0,
      0,
      0,
      0,
      0,
      0,
      0,
      0
    ]
  },