{
  "train_loss_fedavg": {
    "means": [
      1.1873330016423111,
      1.3591715017181725,
      0.8199671994474321,
      0.6958097364186371,
      0.7783874185256767,
      0.9154653521348044,
      0.778468402738934,
      0.5427267818845198,
      0.6564287059637111,
      0.5567744179524498,
      0.5692769744039041,
      0.4659959928643566,
      0.4540079517611297,
      0.5242299774818799,
      0.4336970690869129,
      0.61110001539871,
      0.6059633645713591,
      0.5496764889551555,
      0.44513168515219637,
      0.42813819600726616,
      0.5274364840298539,
      0.4936503612232862,
      0.4269818616825631,
      0.4346740808230575,
      0.3982425923784885,
      0.36840042224139896,
      0.3978357612653656,
      0.4784901839548248,
      0.4566939130363482,
      0.3688411718323446
    ],
    "stds": [
      0.0,
      0.0,
      0.0,
      0.0,
      0.0,
      0.0,
      0.0,
      0.0,
      0.0,
      0.0,
      0.0,
      0.0,
      0.0,
      0.0,
      0.0,
      0.0,
      0.0,
      0.0,
      0.0,
      0.0,
      0.0,
      0.0,
      0.0,
      0.0,
      0.0,
      0.0,
      0.0,
      0.0,
      0.0,
      0.0
    ]
  },
  "test_acc_fedavg": {
    "means": [
      0.7361111111111112,
      0.75,
      0.8055555555555556,
      0.8472222222222222,
      0.85,
      0.8388888888888889,
      0.8611111111111112,
      0.875,
      0.8777777777777778,
      0.8833333333333333,
      0.8833333333333333,
      0.9027777777777778,
      0.9055555555555556,
      0.9027777777777778,
      0.9083333333333333,
      0.8944444444444445,
      0.8916666666666667,
      0.9,
      0.9138888888888889,
      0.925,
      0.9222222222222223,
      0.925,
      0.9277777777777778,
      0.9361111111111111,
      0.9333333333333333,
      0.925,
      0.9083333333333333,
      0.9083333333333333,
      0.9194444444444444,
      0.9194444444444444
    ],
    "stds": [
      0.0,
      0.0,
      0.0,
      0.0,
      0.0,
      0.0,
      0.0,
      0.0,
      0.0,
      0.0,
      0.0,
      0.0,
      0.0,
      0.0,
      0.0,
      0.0,
      0.0,
      0.0,
      0.0,
      0.0,
      0.0,
      0.0,
      0.0,
      0.0,
      0.0,
      0.0,
      0.0,
      0.0,
      0.0,
      0.0
    ]
  },
  "comm_MB_fedavg": {
    "means": [
      0.05632,
      0.11264,
      0.16896,
      0.22528,
      0.2816,
      0.33792,
      0.39424,
      0.45055999999999996,
      0.50688,
      0.5632,
      0.6195200000000001,
      0.6758400000000001,
      0.7321600000000001,
      0.7884800000000002,
      0.8448000000000002,
      0.9011200000000003,
      0.9574400000000003,
      1.0137600000000002,
      1.0700800000000001,
      1.1264,
      1.18272,
      1.23904,
      1.2953599999999998,
      1.3516799999999998,
      1.4079999999999997,
      1.4643199999999996,
      1.5206399999999995,
      1.5769599999999995,
      1.6332799999999994,
      1.6895999999999993
    ],
    "stds": [
      0.0,
      0.0,
      0.0,
      0.0,
      0.0,
      0.0,
      0.0,
      0.0,
      0.0,
      0.0,
      0.0,
      0.0,
      0.0,
      0.0,
      0.0,
      0.0,
      0.0,
      0.0,
      0.0,
      0.0,
      0.0,
      0.0,
      0.0,
      0.0,
      0.0,
      0.0,
      0.0,
      0.0,
      0.0,
      0.0
    ]
  },
  "train_loss_sfedavg": {
    "means": [
      1.5293357653386677,
      1.1654064048653219,
      0.905481928612089,
      0.7708169502870761,
      0.7389104662140955,
      0.7130608781767209,
      0.6311843356462169,
      0.6749501975529382,
      0.6261212844183462,
      0.5425070733306928,
      0.4676565956259303,
      0.463380695697563,
      0.4691399088350581,
      0.4455150784950205,
      0.45923851090623663,
      0.4805105345309897,
      0.4677727086616736,
      0.47331286842132114,
      0.42682450730160876,
      0.4144006947950373,
      0.40168817690027153,
      0.4103842676865345,
      0.397641345613639,
      0.3782422003364327,
      0.44907766126051496,
      0.437613006217799,
      0.4164425652222077,
      0.41309518651995353,
      0.38223998952609306,
      0.3789670484886106
    ],
    "stds": [
      0.0,
      0.0,
      0.0,
      0.0,
      0.0,
      0.0,
      0.0,
      0.0,
      0.0,
      0.0,
      0.0,
      0.0,
      0.0,
      0.0,
      0.0,
      0.0,
      0.0,
      0.0,
      0.0,
      0.0,
      0.0,
      0.0,
      0.0,
      0.0,
      0.0,
      0.0,
      0.0,
      0.0,
      0.0,
      0.0
    ]
  },
  "test_acc_sfedavg": {
    "means": [
      0.5583333333333333,
      0.6638888888888889,
      0.7833333333333333,
      0.8138888888888889,
      0.8138888888888889,
      0.8222222222222222,
      0.8361111111111111,
      0.8222222222222222,
      0.8416666666666667,
      0.875,
      0.8555555555555555,
      0.8722222222222222,
      0.8666666666666667,
      0.8722222222222222,
      0.8666666666666667,
      0.8527777777777777,
      0.8666666666666667,
      0.8694444444444445,
      0.8805555555555555,
      0.8722222222222222,
      0.8694444444444445,
      0.875,
      0.8805555555555555,
      0.8805555555555555,
      0.8527777777777777,
      0.85,
      0.8777777777777778,
      0.8777777777777778,
      0.8722222222222222,
      0.8833333333333333
    ],
    "stds": [
      0.0,
      0.0,
      0.0,
      0.0,
      0.0,
      0.0,
      0.0,
      0.0,
      0.0,
      0.0,
      0.0,
      0.0,
      0.0,
      0.0,
      0.0,
      0.0,
      0.0,
      0.0,
      0.0,
      0.0,
      0.0,
      0.0,
      0.0,
      0.0,
      0.0,
      0.0,
      0.0,
      0.0,
      0.0,
      0.0
    ]
  },
  "comm_MB_sfedavg": {
    "means": [
      6.60992,
      13.21984,
      19.82976,
      26.43968,
      33.0496,
      39.65952,
      46.26944,
      52.879360000000005,
      59.48928000000001,
      66.09920000000001,
      72.70912000000001,
      79.31904000000002,
      85.92896000000002,
      92.53888000000002,
      99.14880000000002,
      105.75872000000003,
      112.36864000000003,
      118.97856000000003,
      125.58848000000003,
      132.19840000000002,
      138.80832,
      145.41824,
      152.02815999999999,
      158.63807999999997,
      165.24799999999996,
      171.85791999999995,
      178.46783999999994,
      185.07775999999993,
      191.68767999999992,
      198.2975999999999
    ],
    "stds": [
      0.0,
      0.0,
      0.0,
      0.0,
      0.0,
      0.0,
      0.0,
      0.0,
      0.0,
      0.0,
      0.0,
      0.0,
      0.0,
      0.0,
      0.0,
      0.0,
      0.0,
      0.0,
      0.0,
      0.0,
      0.0,
      0.0,
      0.0,
      0.0,
      0.0,
      0.0,
      0.0,
      0.0,
      0.0,
      0.0
    ]
  }
}