{
  "train_loss_sfedavg": {
    "means": [
      1.379383858602641,
      0.9806064946962473,
      0.8295074284132983,
      0.7051366494569172,
      0.6364943587458955,
      0.5597862483799618,
      0.5209903149305416,
      0.4691118883244321,
      0.44042879201615265,
      0.4131693556107766,
      0.39441725812015227,
      0.38449788419109965,
      0.35560164017895457,
      0.3395214500673326,
      0.3251848759872458,
      0.30587820806435817,
      0.2949532432219104,
      0.2862626215983856,
      0.2770244845445985,
      0.272788944058607,
      0.26464977565095316,
      0.2603394973725442,
      0.24889200540692966,
      0.24026242234782566,
      0.2342275586545643,
      0.22865356357112793,
      0.22047867677123606,
      0.21222019527796157,
      0.20879515068443164,
      0.20384480194372936,
      0.20175384936765747,
      0.19691928403151573,
      0.19007004631005028,
      0.18643986502838975,
      0.18311458900157657,
      0.18082897268442955,
      0.1764142550620026,
      0.17425289038105832,
      0.172195190267413,
      0.16951885430658972,
      0.1686463144366689,
      0.165903779681859,
      0.16289643660233263,
      0.16185180551328862,
      0.15869256411964336,
      0.15708620667281756,
      0.15543605367758673,
      0.15528024179303232,
      0.15361381595005397,
      0.15397009780712065
    ],
    "stds": [
      0.0,
      0.0,
      0.0,
      0.0,
      0.0,
      0.0,
      0.0,
      0.0,
      0.0,
      0.0,
      0.0,
      0.0,
      0.0,
      0.0,
      0.0,
      0.0,
      0.0,
      0.0,
      0.0,
      0.0,
      0.0,
      0.0,
      0.0,
      0.0,
      0.0,
      0.0,
      0.0,
      0.0,
      0.0,
      0.0,
      0.0,
      0.0,
      0.0,
      0.0,
      0.0,
      0.0,
      0.0,
      0.0,
      0.0,
      0.0,
      0.0,
      0.0,
      0.0,
      0.0,
      0.0,
      0.0,
      0.0,
      0.0,
      0.0,
      0.0
    ]
  },
  "test_acc_sfedavg": {
    "means": [
      0.65,
      0.7555555555555555,
      0.8111111111111111,
      0.8361111111111111,
      0.8611111111111112,
      0.8583333333333333,
      0.8555555555555555,
      0.875,
      0.875,
      0.8833333333333333,
      0.8861111111111111,
      0.8888888888888888,
      0.9083333333333333,
      0.9027777777777778,
      0.9138888888888889,
      0.9166666666666666,
      0.9166666666666666,
      0.9277777777777778,
      0.9277777777777778,
      0.9305555555555556,
      0.925,
      0.9222222222222223,
      0.925,
      0.9277777777777778,
      0.9333333333333333,
      0.9305555555555556,
      0.9333333333333333,
      0.9388888888888889,
      0.9305555555555556,
      0.9277777777777778,
      0.9333333333333333,
      0.9333333333333333,
      0.9333333333333333,
      0.9333333333333333,
      0.9333333333333333,
      0.9333333333333333,
      0.9333333333333333,
      0.9333333333333333,
      0.925,
      0.925,
      0.9222222222222223,
      0.925,
      0.9277777777777778,
      0.9277777777777778,
      0.9277777777777778,
      0.9277777777777778,
      0.9361111111111111,
      0.9361111111111111,
      0.9333333333333333,
      0.9388888888888889
    ],
    "stds": [
      0.0,
      0.0,
      0.0,
      0.0,
      0.0,
      0.0,
      0.0,
      0.0,
      0.0,
      0.0,
      0.0,
      0.0,
      0.0,
      0.0,
      0.0,
      0.0,
      0.0,
      0.0,
      0.0,
      0.0,
      0.0,
      0.0,
      0.0,
      0.0,
      0.0,
      0.0,
      0.0,
      0.0,
      0.0,
      0.0,
      0.0,
      0.0,
      0.0,
      0.0,
      0.0,
      0.0,
      0.0,
      0.0,
      0.0,
      0.0,
      0.0,
      0.0,
      0.0,
      0.0,
      0.0,
      0.0,
      0.0,
      0.0,
      0.0,
      0.0
    ]
  },
  "comm_MB_sfedavg": {
    "means": [
      1.69216,
      3.38432,
      5.07648,
      6.76864,
      8.4608,
      10.15296,
      11.84512,
      13.537279999999999,
      15.229439999999999,
      16.921599999999998,
      18.61376,
      20.30592,
      21.99808,
      23.690240000000003,
      25.382400000000004,
      27.074560000000005,
      28.766720000000007,
      30.458880000000008,
      32.15104000000001,
      33.84320000000001,
      35.53536000000001,
      37.22752000000001,
      38.919680000000014,
      40.611840000000015,
      42.304000000000016,
      43.99616000000002,
      45.68832000000002,
      47.38048000000002,
      49.07264000000002,
      50.76480000000002,
      52.456960000000024,
      54.149120000000025,
      55.841280000000026,
      57.53344000000003,
      59.22560000000003,
      60.91776000000003,
      62.60992000000003,
      64.30208000000003,
      65.99424000000003,
      67.68640000000003,
      69.37856000000004,
      71.07072000000004,
      72.76288000000004,
      74.45504000000004,
      76.14720000000004,
      77.83936000000004,
      79.53152000000004,
      81.22368000000004,
      82.91584000000005,
      84.60800000000005
    ],
    "stds": [
      0.0,
      0.0,
      0.0,
      0.0,
      0.0,
      0.0,
      0.0,
      0.0,
      0.0,
      0.0,
      0.0,
      0.0,
      0.0,
      0.0,
      0.0,
      0.0,
      0.0,
      0.0,
      0.0,
      0.0,
      0.0,
      0.0,
      0.0,
      0.0,
      0.0,
      0.0,
      0.0,
      0.0,
      0.0,
      0.0,
      0.0,
      0.0,
      0.0,
      0.0,
      0.0,
      0.0,
      0.0,
      0.0,
      0.0,
      0.0,
      0.0,
      0.0,
      0.0,
      0.0,
      0.0,
      0.0,
      0.0,
      0.0,
      0.0,
      0.0
    ]
  }
}