{
  "train_loss/FedAvg": {
    "means": [
      0.8141679881231567,
      0.565948464693795,
      0.4484933102083292,
      0.3799733202230773,
      0.2789756528655455,
      0.23289430681389608,
      0.20545358574964886,
      0.18163372324496263,
      0.22189123306051958,
      0.2079188353873534,
      0.19559063161779647,
      0.1862968394499644,
      0.2263446570179346,
      0.2214502684384725,
      0.21453226459863248,
      0.21216295579120958,
      0.24914199563053022,
      0.2486743971186655,
      0.2450891926544723,
      0.2456463286886273,
      0.27915740718487836,
      0.28172698065716245,
      0.2791865359462089,
      0.2813236634228232,
      0.3105639690919717,
      0.3152039798048463,
      0.3118779605605463,
      0.31490555531567926,
      0.3403560241790298,
      0.3455004054183072,
      0.3411235336377344,
      0.3434500006111201,
      0.36536826838667497,
      0.37029233250893123,
      0.3654772052142941,
      0.36572963940975517,
      0.3842337139337722,
      0.3882891043804978,
      0.38344091276013537,
      0.38129316963614696,
      0.3963726471249604,
      0.39896107679119,
      0.3941065866057641,
      0.3899512822545654,
      0.40157158459578296,
      0.4024291956310682,
      0.39741671147797464,
      0.3918412833139971,
      0.4002042023827868,
      0.39935758377907443,
      0.39399583603537064,
      0.3874005462582013,
      0.3930052980199806,
      0.39058654312676455,
      0.384728215269984,
      0.37727446349097504,
      0.38076457918092455,
      0.3768738352858862,
      0.3704664859865039,
      0.3623014027931381,
      0.3642312749959145,
      0.3590031718549181,
      0.35203198208137204,
      0.3433983976017376,
      0.34410052168192096,
      0.33777624678662144,
      0.33030286897424815,
      0.321464810451911,
      0.3211130900745482,
      0.3139750264885122,
      0.3061990722736412,
      0.29738663985149444,
      0.2960651704295226,
      0.288416294920559,
      0.2805994316477119,
      0.27199540577229797,
      0.26974456086359444,
      0.26186854948701443,
      0.2542528270733258,
      0.24596951788996294
    ],
    "stds": [
      0.0,
      0.0,
      0.0,
      0.0,
      0.0,
      0.0,
      0.0,
      0.0,
      0.0,
      0.0,
      0.0,
      0.0,
      0.0,
      0.0,
      0.0,
      0.0,
      0.0,
      0.0,
      0.0,
      0.0,
      0.0,
      0.0,
      0.0,
      0.0,
      0.0,
      0.0,
      0.0,
      0.0,
      0.0,
      0.0,
      0.0,
      0.0,
      0.0,
      0.0,
      0.0,
      0.0,
      0.0,
      0.0,
      0.0,
      0.0,
      0.0,
      0.0,
      0.0,
      0.0,
      0.0,
      0.0,
      0.0,
      0.0,
      0.0,
      0.0,
      0.0,
      0.0,
      0.0,
      0.0,
      0.0,
      0.0,
      0.0,
      0.0,
      0.0,
      0.0,
      0.0,
      0.0,
      0.0,
      0.0,
      0.0,
      0.0,
      0.0,
      0.0,
      0.0,
      0.0,
      0.0,
      0.0,
      0.0,
      0.0,
      0.0,
      0.0,
      0.0,
      0.0,
      0.0,
      0.0
    ]
  },
  "test_accuracy/FedAvg": {
    "means": [
      0.8305555555555556,
      0.8861111111111111,
      0.9194444444444444,
      0.9138888888888889,
      0.9138888888888889,
      0.9194444444444444,
      0.925,
      0.9333333333333333,
      0.9277777777777778,
      0.925,
      0.9333333333333333,
      0.9444444444444444,
      0.9388888888888889,
      0.9388888888888889,
      0.95,
      0.9444444444444444,
      0.9444444444444444,
      0.9527777777777777,
      0.9527777777777777,
      0.9555555555555556,
      0.95,
      0.9611111111111111,
      0.9611111111111111,
      0.9583333333333334,
      0.9555555555555556,
      0.9638888888888889,
      0.9611111111111111,
      0.9611111111111111,
      0.9638888888888889,
      0.9694444444444444,
      0.9555555555555556,
      0.9583333333333334,
      0.9638888888888889,
      0.9694444444444444,
      0.9611111111111111,
      0.9638888888888889,
      0.9638888888888889,
      0.9666666666666667,
      0.9638888888888889,
      0.9638888888888889,
      0.9638888888888889,
      0.9666666666666667,
      0.9638888888888889,
      0.9611111111111111,
      0.9611111111111111,
      0.9611111111111111,
      0.9611111111111111,
      0.9611111111111111,
      0.9611111111111111,
      0.9611111111111111,
      0.9611111111111111,
      0.9611111111111111,
      0.9611111111111111,
      0.9611111111111111,
      0.9611111111111111,
      0.9611111111111111,
      0.9611111111111111,
      0.9611111111111111,
      0.9611111111111111,
      0.9611111111111111,
      0.9583333333333334,
      0.9611111111111111,
      0.9583333333333334,
      0.9583333333333334,
      0.9583333333333334,
      0.9583333333333334,
      0.9583333333333334,
      0.9583333333333334,
      0.9583333333333334,
      0.9583333333333334,
      0.9583333333333334,
      0.9583333333333334,
      0.9583333333333334,
      0.9583333333333334,
      0.9583333333333334,
      0.9583333333333334,
      0.9611111111111111,
      0.9611111111111111,
      0.9583333333333334,
      0.9611111111111111
    ],
    "stds": [
      0.0,
      0.0,
      0.0,
      0.0,
      0.0,
      0.0,
      0.0,
      0.0,
      0.0,
      0.0,
      0.0,
      0.0,
      0.0,
      0.0,
      0.0,
      0.0,
      0.0,
      0.0,
      0.0,
      0.0,
      0.0,
      0.0,
      0.0,
      0.0,
      0.0,
      0.0,
      0.0,
      0.0,
      0.0,
      0.0,
      0.0,
      0.0,
      0.0,
      0.0,
      0.0,
      0.0,
      0.0,
      0.0,
      0.0,
      0.0,
      0.0,
      0.0,
      0.0,
      0.0,
      0.0,
      0.0,
      0.0,
      0.0,
      0.0,
      0.0,
      0.0,
      0.0,
      0.0,
      0.0,
      0.0,
      0.0,
      0.0,
      0.0,
      0.0,
      0.0,
      0.0,
      0.0,
      0.0,
      0.0,
      0.0,
      0.0,
      0.0,
      0.0,
      0.0,
      0.0,
      0.0,
      0.0,
      0.0,
      0.0,
      0.0,
      0.0,
      0.0,
      0.0,
      0.0,
      0.0
    ]
  },
  "cumulative_comm_params/FedAvg": {
    "means": [
      6400,
      12800,
      19200,
      25600,
      32000,
      38400,
      44800,
      51200,
      57600,
      64000,
      70400,
      76800,
      83200,
      89600,
      96000,
      102400,
      108800,
      115200,
      121600,
      128000,
      134400,
      140800,
      147200,
      153600,
      160000,
      166400,
      172800,
      179200,
      185600,
      192000,
      198400,
      204800,
      211200,
      217600,
      224000,
      230400,
      236800,
      243200,
      249600,
      256000,
      262400,
      268800,
      275200,
      281600,
      288000,
      294400,
      300800,
      307200,
      313600,
      320000,
      326400,
      332800,
      339200,
      345600,
      352000,
      358400,
      364800,
      371200,
      377600,
      384000,
      390400,
      396800,
      403200,
      409600,
      416000,
      422400,
      428800,
      435200,
      441600,
      448000,
      454400,
      460800,
      467200,
      473600,
      480000,
      486400,
      492800,
      499200,
      505600,
      512000
    ],
    "stds": [
      0,
      0,
      0,
      0,
      0,
      0,
      0,
      0,
      0,
      0,
      0,
      0,
      0,
      0,
      0,
      0,
      0,
      0,
      0,
      0,
      0,
      0,
      0,
      0,
      0,
      0,
      0,
      0,
      0,
      0,
      0,
      0,
      0,
      0,
      0,
      0,
      0,
      0,
      0,
      0,
      0,
      0,
      0,
      0,
      0,
      0,
      0,
      0,
      0,
      0,
      0,
      0,
      0,
      0,
      0,
      0,
      0,
      0,
      0,
      0,
      0,
      0,
      0,
      0,
      0,
      0,
      0,
      0,
      0,
      0,
      0,
      0,
      0,
      0,
      0,
      0,
      0,
      0,
      0,
      0
    ]
  },