{
  "train_loss_FedAvg": {
    "means": [
      1.6849404159751067,
      1.2718805057356435,
      1.2472847760152932,
      1.1495532606995278,
      1.2750292394101184,
      1.0882412444973553,
      1.1463797514762364,
      1.0588501307531604,
      0.9189400040195629,
      0.8687950075922277,
      0.8482235121205627,
      0.984402135891943,
      0.7389114043268002,
      0.8155347688080781,
      0.6884547126354833,
      0.7072171184472077,
      0.6811388556313375,
      0.626125465803763,
      0.6115040177589476,
      0.6719191692345875,
      0.6024470577690235,
      0.6426706935496127,
      0.5618989582356423,
      0.5459070121821605,
      0.5210402501108296,
      0.5787119264417596,
      0.5147996051820001,
      0.5402687916031725,
      0.5296695577564099,
      0.4830348844883045,
      0.5078207311227988,
      0.5056969673043914,
      0.509533092019146,
      0.450332444297422,
      0.4429315895927459,
      0.46467254391667745,
      0.43465412889541455,
      0.4452592768422674,
      0.4368969401743044,
      0.4475357368665977,
      0.43799928693998175,
      0.4245756172300668,
      0.4105238636644839,
      0.43528857598900783,
      0.40147493929109884,
      0.42467821446131837,
      0.41541537328389744,
      0.3914628333700589,
      0.3889351303231087,
      0.41672858029929716,
      0.3929241478683865,
      0.3804977475549928,
      0.3807588792715967,
      0.39897709305297496,
      0.38129029269151105,
      0.3760259684891263,
      0.3713348499651778,
      0.3868827441296199,
      0.4200919309879337,
      0.3678911186958218
    ],
    "stds": [
      0.0,
      0.0,
      0.0,
      0.0,
      0.0,
      0.0,
      0.0,
      0.0,
      0.0,
      0.0,
      0.0,
      0.0,
      0.0,
      0.0,
      0.0,
      0.0,
      0.0,
      0.0,
      0.0,
      0.0,
      0.0,
      0.0,
      0.0,
      0.0,
      0.0,
      0.0,
      0.0,
      0.0,
      0.0,
      0.0,
      0.0,
      0.0,
      0.0,
      0.0,
      0.0,
      0.0,
      0.0,
      0.0,
      0.0,
      0.0,
      0.0,
      0.0,
      0.0,
      0.0,
      0.0,
      0.0,
      0.0,
      0.0,
      0.0,
      0.0,
      0.0,
      0.0,
      0.0,
      0.0,
      0.0,
      0.0,
      0.0,
      0.0,
      0.0,
      0.0
    ]
  },
  "test_accuracy_FedAvg": {
    "means": [
      0.0,
      0.0,
      0.0,
      0.0,
      0.0,
      0.0,
      0.0,
      0.0,
      0.0,
      0.0,
      0.0,
      0.0,
      0.0,
      0.0,
      0.0,
      0.0,
      0.0,
      0.0,
      0.0,
      0.0,
      0.0,
      0.0,
      0.0,
      0.0,
      0.0,
      0.0,
      0.0,
      0.0,
      0.0,
      0.0,
      0.0,
      0.0,
      0.0,
      0.0,
      0.0,
      0.0,
      0.0,
      0.0,
      0.0,
      0.0,
      0.0,
      0.0,
      0.0,
      0.0,
      0.0,
      0.0,
      0.0,
      0.0,
      0.0,
      0.0,
      0.0,
      0.0,
      0.0,
      0.0,
      0.0,
      0.0,
      0.0,
      0.0,
      0.0,
      0.0
    ],
    "stds": [
      0.0,
      0.0,
      0.0,
      0.0,
      0.0,
      0.0,
      0.0,
      0.0,
      0.0,
      0.0,
      0.0,
      0.0,
      0.0,
      0.0,
      0.0,
      0.0,
      0.0,
      0.0,
      0.0,
      0.0,
      0.0,
      0.0,
      0.0,
      0.0,
      0.0,
      0.0,
      0.0,
      0.0,
      0.0,
      0.0,
      0.0,
      0.0,
      0.0,
      0.0,
      0.0,
      0.0,
      0.0,
      0.0,
      0.0,
      0.0,
      0.0,
      0.0,
      0.0,
      0.0,
      0.0,
      0.0,
      0.0,
      0.0,
      0.0,
      0.0,
      0.0,
      0.0,
      0.0,
      0.0,
      0.0,
      0.0,
      0.0,
      0.0,
      0.0,
      0.0
    ]
  },
  "comm_floats_FedAvg": {
    "means": [
      16080.0,
      32160.0,
      48240.0,
      64320.0,
      80400.0,
      96480.0,
      112560.0,
      128640.0,
      144720.0,
      160800.0,
      176880.0,
      192960.0,
      209040.0,
      225120.0,
      241200.0,
      257280.0,
      273360.0,
      289440.0,
      305520.0,
      321600.0,
      337680.0,
      353760.0,
      369840.0,
      385920.0,
      402000.0,
      418080.0,
      434160.0,
      450240.0,
      466320.0,
      482400.0,
      498480.0,
      514560.0,
      530640.0,
      546720.0,
      562800.0,
      578880.0,
      594960.0,
      611040.0,
      627120.0,
      643200.0,
      659280.0,
      675360.0,
      691440.0,
      707520.0,
      723600.0,
      739680.0,
      755760.0,
      771840.0,
      787920.0,
      804000.0,
      820080.0,
      836160.0,
      852240.0,
      868320.0,
      884400.0,
      900480.0,
      916560.0,
      932640.0,
      948720.0,
      964800.0
    ],
    "stds": [
      0.0,
      0.0,
      0.0,
      0.0,
      0.0,
      0.0,
      0.0,
      0.0,
      0.0,
      0.0,
      0.0,
      0.0,
      0.0,
      0.0,
      0.0,
      0.0,
      0.0,
      0.0,
      0.0,
      0.0,
      0.0,
      0.0,
      0.0,
      0.0,
      0.0,
      0.0,
      0.0,
      0.0,
      0.0,
      0.0,
      0.0,
      0.0,
      0.0,
      0.0,
      0.0,
      0.0,
      0.0,
      0.0,
      0.0,
      0.0,
      0.0,
      0.0,
      0.0,
      0.0,
      0.0,
      0.0,
      0.0,
      0.0,
      0.0,
      0.0,
      0.0,
      0.0,
      0.0,
      0.0,
      0.0,
      0.0,
      0.0,
      0.0,
      0.0,
      0.0
    ]
  },
  "train_loss_SFedAvg": {
    "means": [
      2.0910424072480023,
      2.090115547967466,
      2.08218382255526,
      2.072330541276977,
      2.0748901293001683,
      2.0220457870422135,
      2.0132606950014855,
      2.0059001024452328,
      2.0002595868856083,
      1.9643864241534001,
      1.9598484537188623,
      1.952851296630285,
      1.874805979799391,
      1.824041929307129,
      1.8066815570289805,
      1.8097340856909032,
      1.8102301233923765,
      1.8081202637452523,
      1.7644952487612782,
      1.7491243616712646,
      1.7365810702742088,
      1.6993295219041082,
      1.6784936746753936,
      1.666828610493946,
      1.6710673586758,
      1.664287245349186,
      1.6448351748732433,
      1.642085272017967,
      1.6376214119473846,
      1.640993585358544,
      1.6500614619689526,
      1.6479482142683484,
      1.6583515816003938,
      1.643745958499517,
      1.576635171377643,
      1.5515057846610716,
      1.54815258070109,
      1.5516330049057583,
      1.5467447543504367,
      1.5460263698722898,
      1.5400250740030987,
      1.5505987783961668,
      1.5325739391501596,
      1.5192073345650405,
      1.469627201057428,
      1.4650420144077645,
      1.468607555647307,
      1.460679777897421,
      1.4613141721826475,
      1.4547137735508198,
      1.4453016303351998,
      1.4286385395536836,
      1.4147565453417927,
      1.4121791077827666,
      1.413237298524759,
      1.4227009760704172,
      1.4141197227484985,
      1.4096308262294215,
      1.4203377104277755,
      1.4015748174022422
    ],
    "stds": [
      0.0,
      0.0,
      0.0,
      0.0,
      0.0,
      0.0,
      0.0,
      0.0,
      0.0,
      0.0,
      0.0,
      0.0,
      0.0,
      0.0,
      0.0,
      0.0,
      0.0,
      0.0,
      0.0,
      0.0,
      0.0,
      0.0,
      0.0,
      0.0,
      0.0,
      0.0,
      0.0,
      0.0,
      0.0,
      0.0,
      0.0,
      0.0,
      0.0,
      0.0,
      0.0,
      0.0,
      0.0,
      0.0,
      0.0,
      0.0,
      0.0,
      0.0,
      0.0,
      0.0,
      0.0,
      0.0,
      0.0,
      0.0,
      0.0,
      0.0,
      0.0,
      0.0,
      0.0,
      0.0,
      0.0,
      0.0,
      0.0,
      0.0,
      0.0,
      0.0
    ]
  },