{
  "train_loss": {
    "means": [
      0.3350948775063124,
      0.21954643786184921,
      0.1610296953259555,
      0.12196103581653761,
      0.1141731671265001,
      0.09820917078813678,
      0.08051888429443484,
      0.07601615436693722,
      0.07685559074693096,
      0.0618839331304316,
      0.04971916772474058,
      0.042985487772340576,
      0.039203479556546426,
      0.03490647655600933,
      0.030844329175515637,
      0.03049009404021396,
      0.030197513311800133,
      0.030006043483754734,
      0.02746755429770747,
      0.025837646172907444,
      0.02343613104191303,
      0.02481679570504381,
      0.02187631677407967,
      0.020749722358315625,
      0.020422989766068808,
      0.019666387502583562,
      0.019154208007981666,
      0.01940915126823603,
      0.020095942588425467,
      0.01902418855782411
    ],
    "stds": [
      0.0,
      0.0,
      0.0,
      0.0,
      0.0,
      0.0,
      0.0,
      0.0,
      0.0,
      0.0,
      0.0,
      0.0,
      0.0,
      0.0,
      0.0,
      0.0,
      0.0,
      0.0,
      0.0,
      0.0,
      0.0,
      0.0,
      0.0,
      0.0,
      0.0,
      0.0,
      0.0,
      0.0,
      0.0,
      0.0
    ]
  },
  "test_loss": {
    "means": [
      0.3811935941834275,
      0.2403218257243364,
      0.2127253352028598,
      0.17879701922972724,
      0.20035053426762467,
      0.1979989654175134,
      0.1929766051686148,
      0.21649144931542574,
      0.23014801430104756,
      0.21944874548395224,
      0.21482180540961246,
      0.21454341355347922,
      0.20697934111575092,
      0.21119454954177475,
      0.20719706257528755,
      0.20683059233966108,
      0.20623140405133852,
      0.2032719721145484,
      0.20420865812744668,
      0.20245514920365643,
      0.1957292782718148,
      0.19198266836198893,
      0.19366373764249406,
      0.19423973499921077,
      0.19794270969705843,
      0.1963467225487804,
      0.2009010163374332,
      0.2045317662847225,
      0.20746177165194427,
      0.20548338143173014
    ],
    "stds": [
      0.0,
      0.0,
      0.0,
      0.0,
      0.0,
      0.0,
      0.0,
      0.0,
      0.0,
      0.0,
      0.0,
      0.0,
      0.0,
      0.0,
      0.0,
      0.0,
      0.0,
      0.0,
      0.0,
      0.0,
      0.0,
      0.0,
      0.0,
      0.0,
      0.0,
      0.0,
      0.0,
      0.0,
      0.0,
      0.0
    ]
  },
  "test_accuracy": {
    "means": [
      0.8694444444444445,
      0.9138888888888889,
      0.925,
      0.9444444444444444,
      0.9333333333333333,
      0.9361111111111111,
      0.9416666666666667,
      0.9472222222222222,
      0.9444444444444444,
      0.9388888888888889,
      0.9444444444444444,
      0.9416666666666667,
      0.9527777777777777,
      0.9416666666666667,
      0.9444444444444444,
      0.9472222222222222,
      0.95,
      0.9472222222222222,
      0.9472222222222222,
      0.9527777777777777,
      0.9472222222222222,
      0.95,
      0.95,
      0.95,
      0.95,
      0.95,
      0.9472222222222222,
      0.95,
      0.95,
      0.95
    ],
    "stds": [
      0.0,
      0.0,
      0.0,
      0.0,
      0.0,
      0.0,
      0.0,
      0.0,
      0.0,
      0.0,
      0.0,
      0.0,
      0.0,
      0.0,
      0.0,
      0.0,
      0.0,
      0.0,
      0.0,
      0.0,
      0.0,
      0.0,
      0.0,
      0.0,
      0.0,
      0.0,
      0.0,
      0.0,
      0.0,
      0.0
    ]
  },
  "communication_bytes": {
    "means": [
      52000,
      104000,
      156000,
      208000,
      260000,
      312000,
      364000,
      416000,
      468000,
      520000,
      572000,
      624000,
      676000,
      728000,
      780000,
      832000,
      884000,
      936000,
      988000,
      1040000,
      1092000,
      1144000,
      1196000,
      1248000,
      1300000,
      1352000,
      1404000,
      1456000,
      1508000,
      1560000
    ],
    "stds": [
      0.0,
      0.0,
      0.0,
      0.0,
      0.0,
      0.0,
      0.0,
      0.0,
      0.0,
      0.0,
      0.0,
      0.0,
      0.0,
      0.0,
      0.0,
      0.0,
      0.0,
      0.0,
      0.0,
      0.0,
      0.0,
      0.0,
      0.0,
      0.0,
      0.0,
      0.0,
      0.0,
      0.0,
      0.0,
      0.0
    ]
  }
}