{
  "train_loss_fedavg": {
    "means": [
      0.5452074900706962,
      0.3376002936435009,
      0.24956173153879713,
      0.22016011449969006,
      0.23193528206507236,
      0.17205715154618134,
      0.14994113209424825,
      0.1592487767555178,
      0.1459584579127842,
      0.19120612628921851,
      0.14158890694219073,
      0.18126313721481666,
      0.18985106428218262,
      0.264660150902295,
      0.15900881988865972,
      0.1495476109453014,
      0.12001942649319103,
      0.1352695269684867,
      0.155977063683483,
      0.19024556736428563,
      0.15354062389257855,
      0.10940302449025677,
      0.14566781126128142,
      0.17150157741065136,
      0.13689581412115906,
      0.2292295041108241,
      0.1693516927017334,
      0.12134782567145999,
      0.12014795938443033,
      0.10258172987096556
    ],
    "stds": [
      0.0,
      0.0,
      0.0,
      0.0,
      0.0,
      0.0,
      0.0,
      0.0,
      0.0,
      0.0,
      0.0,
      0.0,
      0.0,
      0.0,
      0.0,
      0.0,
      0.0,
      0.0,
      0.0,
      0.0,
      0.0,
      0.0,
      0.0,
      0.0,
      0.0,
      0.0,
      0.0,
      0.0,
      0.0,
      0.0
    ]
  },
  "test_acc_fedavg": {
    "means": [
      0.8166666666666667,
      0.8916666666666667,
      0.9194444444444444,
      0.9111111111111111,
      0.9083333333333333,
      0.9305555555555556,
      0.9361111111111111,
      0.9305555555555556,
      0.9361111111111111,
      0.9333333333333333,
      0.9388888888888889,
      0.9277777777777778,
      0.9333333333333333,
      0.9277777777777778,
      0.9305555555555556,
      0.9416666666666667,
      0.9444444444444444,
      0.9472222222222222,
      0.9305555555555556,
      0.9388888888888889,
      0.9444444444444444,
      0.9527777777777777,
      0.9416666666666667,
      0.9305555555555556,
      0.95,
      0.9444444444444444,
      0.9388888888888889,
      0.9472222222222222,
      0.9388888888888889,
      0.9444444444444444
    ],
    "stds": [
      0.0,
      0.0,
      0.0,
      0.0,
      0.0,
      0.0,
      0.0,
      0.0,
      0.0,
      0.0,
      0.0,
      0.0,
      0.0,
      0.0,
      0.0,
      0.0,
      0.0,
      0.0,
      0.0,
      0.0,
      0.0,
      0.0,
      0.0,
      0.0,
      0.0,
      0.0,
      0.0,
      0.0,
      0.0,
      0.0
    ]
  },
  "comm_cost_fedavg": {
    "means": [
      819200.0,
      1638400.0,
      2457600.0,
      3276800.0,
      4096000.0,
      4915200.0,
      5734400.0,
      6553600.0,
      7372800.0,
      8192000.0,
      9011200.0,
      9830400.0,
      10649600.0,
      11468800.0,
      12288000.0,
      13107200.0,
      13926400.0,
      14745600.0,
      15564800.0,
      16384000.0,
      17203200.0,
      18022400.0,
      18841600.0,
      19660800.0,
      20480000.0,
      21299200.0,
      22118400.0,
      22937600.0,
      23756800.0,
      24576000.0
    ],
    "stds": [
      0.0,
      0.0,
      0.0,
      0.0,
      0.0,
      0.0,
      0.0,
      0.0,
      0.0,
      0.0,
      0.0,
      0.0,
      0.0,
      0.0,
      0.0,
      0.0,
      0.0,
      0.0,
      0.0,
      0.0,
      0.0,
      0.0,
      0.0,
      0.0,
      0.0,
      0.0,
      0.0,
      0.0,
      0.0,
      0.0
    ]
  },
  "effective_update_dims_fedavg": {
    "means": [
      409600.0,
      819200.0,
      1228800.0,
      1638400.0,
      2048000.0,
      2457600.0,
      2867200.0,
      3276800.0,
      3686400.0,
      4096000.0,
      4505600.0,
      4915200.0,
      5324800.0,
      5734400.0,
      6144000.0,
      6553600.0,
      6963200.0,
      7372800.0,
      7782400.0,
      8192000.0,
      8601600.0,
      9011200.0,
      9420800.0,
      9830400.0,
      10240000.0,
      10649600.0,
      11059200.0,
      11468800.0,
      11878400.0,
      12288000.0
    ],
    "stds": [
      0.0,
      0.0,
      0.0,
      0.0,
      0.0,
      0.0,
      0.0,
      0.0,
      0.0,
      0.0,
      0.0,
      0.0,
      0.0,
      0.0,
      0.0,
      0.0,
      0.0,
      0.0,
      0.0,
      0.0,
      0.0,
      0.0,
      0.0,
      0.0,
      0.0,
      0.0,
      0.0,
      0.0,
      0.0,
      0.0
    ]
  },
  "train_loss_sfedavg": {
    "means": [
      1.5328095798021601,
      1.1166706628119536,
      0.8852053075099005,
      0.729255198298481,
      0.631741301335557,
      0.5573330010933991,
      0.5035906007217991,
      0.46391278397164437,
      0.42936231763111643,
      0.4014126346402896,
      0.37809584236348215,
      0.357742180552747,
      0.3413992548840496,
      0.3278130813479716,
      0.3148827106915955,
      0.30216187745940243,
      0.29059849191049847,
      0.2797995797033876,
      0.27095519910817406,
      0.26456121937448807,
      0.25652879169784765,
      0.2481734706958946,
      0.2424754131694273,
      0.23649126393232275,
      0.2311223577621325,
      0.22674916003555365,
      0.22180664821524582,
      0.21742397695787544,
      0.21322204518162555,
      0.20925365659015419
    ],
    "stds": [
      0.0,
      0.0,
      0.0,
      0.0,
      0.0,
      0.0,
      0.0,
      0.0,
      0.0,
      0.0,
      0.0,
      0.0,
      0.0,
      0.0,
      0.0,
      0.0,
      0.0,
      0.0,
      0.0,
      0.0,
      0.0,
      0.0,
      0.0,
      0.0,
      0.0,
      0.0,
      0.0,
      0.0,
      0.0,
      0.0
    ]
  },
  "test_acc_sfedavg": {
    "means": [
      0.7694444444444445,
      0.8444444444444444,
      0.8694444444444445,
      0.9083333333333333,
      0.9055555555555556,
      0.9194444444444444,
      0.9194444444444444,
      0.9166666666666666,
      0.9194444444444444,
      0.925,
      0.9222222222222223,
      0.9166666666666666,
      0.9083333333333333,
      0.9138888888888889,
      0.9222222222222223,
      0.9194444444444444,
      0.9277777777777778,
      0.9305555555555556,
      0.9277777777777778,
      0.9277777777777778,
      0.9305555555555556,
      0.9388888888888889,
      0.9333333333333333,
      0.9361111111111111,
      0.9388888888888889,
      0.9388888888888889,
      0.9416666666666667,
      0.9416666666666667,
      0.9472222222222222,
      0.95
    ],
    "stds": [
      0.0,
      0.0,
      0.0,
      0.0,
      0.0,
      0.0,
      0.0,
      0.0,
      0.0,
      0.0,
      0.0,
      0.0,
      0.0,
      0.0,
      0.0,
      0.0,
      0.0,
      0.0,
      0.0,
      0.0,
      0.0,
      0.0,
      0.0,
      0.0,
      0.0,
      0.0,
      0.0,
      0.0,
      0.0,
      0.0
    ]
  },
  "comm_cost_sfedavg": {
    "means": [
      7086080.0,
      14172160.0,
      21258240.0,
      28344320.0,
      35430400.0,
      42516480.0,
      49602560.0,
      56688640.0,
      63774720.0,
      70860800.0,
      77946880.0,
      85032960.0,
      92119040.0,
      99205120.0,
      106291200.0,
      113377280.0,
      120463360.0,
      127549440.0,
      134635520.0,
      141721600.0,
      148807680.0,
      155893760.0,
      162979840.0,
      170065920.0,
      177152000.0,
      184238080.0,
      191324160.0,
      198410240.0,
      205496320.0,
      212582400.0
    ],
    "stds": [
      0.0,
      0.0,
      0.0,
      0.0,
      0.0,
      0.0,
      0.0,
      0.0,
      0.0,
      0.0,
      0.0,
      0.0,
      0.0,
      0.0,
      0.0,
      0.0,
      0.0,
      0.0,
      0.0,
      0.0,
      0.0,
      0.0,
      0.0,
      0.0,
      0.0,
      0.0,
      0.0,
      0.0,
      0.0,
      0.0
    ]
  },