{
  "train_loss_fedavg": {
    "means": [
      1.457066234208853,
      0.9117795306421584,
      0.6310754226550226,
      0.4741475150355839,
      0.40111544088602774,
      0.35639668252635126,
      0.32930051142753497,
      0.3196349004820779,
      0.31226798975983655,
      0.3143109288411376,
      0.3225770782093305,
      0.3443324625823786,
      0.3510269168349833,
      0.377582355478457,
      0.398873768564774,
      0.39678631095048017,
      0.3996810794124427,
      0.395522741294617,
      0.37613583716957677,
      0.373787277397755,
      0.3651569303125916,
      0.3613477706933374,
      0.35710560345775316,
      0.34896617656676115,
      0.3516516734361823,
      0.3605749390058615,
      0.36157438499894434,
      0.37622402094641194,
      0.38404989527652855,
      0.3931255861436609,
      0.3895645943588081,
      0.37059155261642746,
      0.35171694228626016,
      0.34673701014527797,
      0.3503375988203964,
      0.3549096310368203,
      0.36211145945705775,
      0.3767475897865393,
      0.38349088129602465,
      0.37067942391241054,
      0.3736459087383105,
      0.37808681016836526,
      0.37507794241254766,
      0.37624668220988533,
      0.3726533448155222,
      0.37175318588245176,
      0.3657184143723622,
      0.36234057931206937,
      0.3686642618752694,
      0.3737487430538818
    ],
    "stds": [
      0.0,
      0.0,
      0.0,
      0.0,
      0.0,
      0.0,
      0.0,
      0.0,
      0.0,
      0.0,
      0.0,
      0.0,
      0.0,
      0.0,
      0.0,
      0.0,
      0.0,
      0.0,
      0.0,
      0.0,
      0.0,
      0.0,
      0.0,
      0.0,
      0.0,
      0.0,
      0.0,
      0.0,
      0.0,
      0.0,
      0.0,
      0.0,
      0.0,
      0.0,
      0.0,
      0.0,
      0.0,
      0.0,
      0.0,
      0.0,
      0.0,
      0.0,
      0.0,
      0.0,
      0.0,
      0.0,
      0.0,
      0.0,
      0.0,
      0.0
    ]
  },
  "train_loss_sfedavg": {
    "means": [
      1.9805536897429235,
      1.763883829201798,
      1.549794939032126,
      1.33368297057995,
      1.1989262109152967,
      1.093727545642113,
      1.0047070087418621,
      0.9373090949330571,
      0.8719199888822029,
      0.8348155962895161,
      0.7882771022070543,
      0.7518542217014531,
      0.7196849031544811,
      0.6921188119527425,
      0.6752096036672774,
      0.6573903355992131,
      0.641653995658362,
      0.625419236749142,
      0.6094520978084544,
      0.5946325920285163,
      0.5775595054898085,
      0.5695032516865638,
      0.5595368971095135,
      0.5501414083510191,
      0.5417554791680796,
      0.5401091518157317,
      0.5348484418905515,
      0.528421237912784,
      0.5235394921898058,
      0.5197260377535626,
      0.5143323531572305,
      0.5081323757558411,
      0.5015603668070128,
      0.49828775280887083,
      0.49532973323623414,
      0.4932464026774824,
      0.49004279178023447,
      0.4876765513112653,
      0.4872986003420738,
      0.48114691931792825,
      0.47823867010932075,
      0.47649115364010686,
      0.47414902184215846,
      0.46915816865535875,
      0.46397474427690816,
      0.46209607160051996,
      0.4612907597290578,
      0.4608401991344084,
      0.46017729967967386,
      0.45985882646736553
    ],
    "stds": [
      0.0,
      0.0,
      0.0,
      0.0,
      0.0,
      0.0,
      0.0,
      0.0,
      0.0,
      0.0,
      0.0,
      0.0,
      0.0,
      0.0,
      0.0,
      0.0,
      0.0,
      0.0,
      0.0,
      0.0,
      0.0,
      0.0,
      0.0,
      0.0,
      0.0,
      0.0,
      0.0,
      0.0,
      0.0,
      0.0,
      0.0,
      0.0,
      0.0,
      0.0,
      0.0,
      0.0,
      0.0,
      0.0,
      0.0,
      0.0,
      0.0,
      0.0,
      0.0,
      0.0,
      0.0,
      0.0,
      0.0,
      0.0,
      0.0,
      0.0
    ]
  },
  "test_acc_fedavg": {
    "means": [
      0.8694444444444445,
      0.8805555555555555,
      0.8861111111111111,
      0.8916666666666667,
      0.9027777777777778,
      0.9166666666666666,
      0.9277777777777778,
      0.9333333333333333,
      0.9444444444444444,
      0.9416666666666667,
      0.9388888888888889,
      0.9277777777777778,
      0.9166666666666666,
      0.9138888888888889,
      0.9027777777777778,
      0.9027777777777778,
      0.9055555555555556,
      0.9166666666666666,
      0.9305555555555556,
      0.9361111111111111,
      0.9222222222222223,
      0.925,
      0.9277777777777778,
      0.9361111111111111,
      0.9361111111111111,
      0.9222222222222223,
      0.9333333333333333,
      0.9388888888888889,
      0.9333333333333333,
      0.925,
      0.9194444444444444,
      0.9277777777777778,
      0.9277777777777778,
      0.925,
      0.925,
      0.9277777777777778,
      0.9277777777777778,
      0.9166666666666666,
      0.9027777777777778,
      0.9166666666666666,
      0.9222222222222223,
      0.9083333333333333,
      0.9138888888888889,
      0.9222222222222223,
      0.9194444444444444,
      0.9194444444444444,
      0.9222222222222223,
      0.9194444444444444,
      0.9055555555555556,
      0.9
    ],
    "stds": [
      0.0,
      0.0,
      0.0,
      0.0,
      0.0,
      0.0,
      0.0,
      0.0,
      0.0,
      0.0,
      0.0,
      0.0,
      0.0,
      0.0,
      0.0,
      0.0,
      0.0,
      0.0,
      0.0,
      0.0,
      0.0,
      0.0,
      0.0,
      0.0,
      0.0,
      0.0,
      0.0,
      0.0,
      0.0,
      0.0,
      0.0,
      0.0,
      0.0,
      0.0,
      0.0,
      0.0,
      0.0,
      0.0,
      0.0,
      0.0,
      0.0,
      0.0,
      0.0,
      0.0,
      0.0,
      0.0,
      0.0,
      0.0,
      0.0,
      0.0
    ]
  },
  "test_acc_sfedavg": {
    "means": [
      0.7,
      0.7888888888888889,
      0.8305555555555556,
      0.8305555555555556,
      0.8111111111111111,
      0.8333333333333334,
      0.8555555555555555,
      0.8611111111111112,
      0.8666666666666667,
      0.8722222222222222,
      0.8861111111111111,
      0.8888888888888888,
      0.8944444444444445,
      0.9,
      0.9111111111111111,
      0.9138888888888889,
      0.9111111111111111,
      0.9083333333333333,
      0.9111111111111111,
      0.9111111111111111,
      0.9194444444444444,
      0.9194444444444444,
      0.9166666666666666,
      0.9194444444444444,
      0.925,
      0.9222222222222223,
      0.9166666666666666,
      0.9222222222222223,
      0.9333333333333333,
      0.9333333333333333,
      0.9361111111111111,
      0.9416666666666667,
      0.9388888888888889,
      0.9361111111111111,
      0.9333333333333333,
      0.9361111111111111,
      0.9333333333333333,
      0.9361111111111111,
      0.9361111111111111,
      0.9388888888888889,
      0.9388888888888889,
      0.9388888888888889,
      0.9416666666666667,
      0.9388888888888889,
      0.9444444444444444,
      0.9416666666666667,
      0.9388888888888889,
      0.9361111111111111,
      0.9388888888888889,
      0.9444444444444444
    ],
    "stds": [
      0.0,
      0.0,
      0.0,
      0.0,
      0.0,
      0.0,
      0.0,
      0.0,
      0.0,
      0.0,
      0.0,
      0.0,
      0.0,
      0.0,
      0.0,
      0.0,
      0.0,
      0.0,
      0.0,
      0.0,
      0.0,
      0.0,
      0.0,
      0.0,
      0.0,
      0.0,
      0.0,
      0.0,
      0.0,
      0.0,
      0.0,
      0.0,
      0.0,
      0.0,
      0.0,
      0.0,
      0.0,
      0.0,
      0.0,
      0.0,
      0.0,
      0.0,
      0.0,
      0.0,
      0.0,
      0.0,
      0.0,
      0.0,
      0.0,
      0.0
    ]
  },