{
  "train_loss": {
    "means": [
      2.289357586836039,
      2.275558246985808,
      2.263180224388537,
      2.2490113105476905,
      2.235400296229402,
      2.2198968658960783,
      2.2019815669552214,
      2.1895293429261935,
      2.174951789683067,
      2.1623431370053723,
      2.151683684918198,
      2.1394945428162613,
      2.124723416364109,
      2.108473256468677,
      2.0963709062560953,
      2.082955819809485,
      2.0723226621196416,
      2.0598767857845264,
      2.0461195338000775,
      2.0342784119013797,
      2.0204594143106016,
      2.008540092250529,
      1.9979452225599208,
      1.9892264037710152,
      1.9752507483978115,
      1.9620153717304794,
      1.9510308675844414,
      1.935440618355646,
      1.9238128442955236,
      1.911934615622479,
      1.897989796910813,
      1.890202667381095,
      1.8811514701719916,
      1.8678172398498052,
      1.8525056437400869,
      1.8377058208853851,
      1.8239839657313577,
      1.8115787024773298,
      1.8013056524193387,
      1.7905463589376807,
      1.782192140442938,
      1.771109395523819,
      1.7609460124887975,
      1.750536514425298,
      1.7419735347860832,
      1.7305772886477657,
      1.7235116764308633,
      1.7146221493056255,
      1.7066366810505926,
      1.6967327118733615
    ],
    "stds": [
      0.0,
      0.0,
      0.0,
      0.0,
      0.0,
      0.0,
      0.0,
      0.0,
      0.0,
      0.0,
      0.0,
      0.0,
      0.0,
      0.0,
      0.0,
      0.0,
      0.0,
      0.0,
      0.0,
      0.0,
      0.0,
      0.0,
      0.0,
      0.0,
      0.0,
      0.0,
      0.0,
      0.0,
      0.0,
      0.0,
      0.0,
      0.0,
      0.0,
      0.0,
      0.0,
      0.0,
      0.0,
      0.0,
      0.0,
      0.0,
      0.0,
      0.0,
      0.0,
      0.0,
      0.0,
      0.0,
      0.0,
      0.0,
      0.0,
      0.0
    ]
  },
  "test_accuracy": {
    "means": [
      0.3,
      0.347,
      0.373,
      0.4155,
      0.4265,
      0.456,
      0.4885,
      0.49,
      0.5115,
      0.5245,
      0.532,
      0.5455,
      0.5505,
      0.5635,
      0.5625,
      0.57,
      0.578,
      0.5835,
      0.59,
      0.584,
      0.588,
      0.6035,
      0.6095,
      0.613,
      0.6125,
      0.622,
      0.6265,
      0.628,
      0.625,
      0.6315,
      0.633,
      0.6355,
      0.642,
      0.651,
      0.6565,
      0.6605,
      0.6625,
      0.6695,
      0.675,
      0.6875,
      0.6875,
      0.688,
      0.689,
      0.6925,
      0.6915,
      0.6925,
      0.699,
      0.698,
      0.704,
      0.705
    ],
    "stds": [
      0.0,
      0.0,
      0.0,
      0.0,
      0.0,
      0.0,
      0.0,
      0.0,
      0.0,
      0.0,
      0.0,
      0.0,
      0.0,
      0.0,
      0.0,
      0.0,
      0.0,
      0.0,
      0.0,
      0.0,
      0.0,
      0.0,
      0.0,
      0.0,
      0.0,
      0.0,
      0.0,
      0.0,
      0.0,
      0.0,
      0.0,
      0.0,
      0.0,
      0.0,
      0.0,
      0.0,
      0.0,
      0.0,
      0.0,
      0.0,
      0.0,
      0.0,
      0.0,
      0.0,
      0.0,
      0.0,
      0.0,
      0.0,
      0.0,
      0.0
    ]
  },
  "uplink_floats": {
    "means": [
      320.0,
      640.0,
      960.0,
      1280.0,
      1600.0,
      1920.0,
      2240.0,
      2560.0,
      2880.0,
      3200.0,
      3520.0,
      3840.0,
      4160.0,
      4480.0,
      4800.0,
      5120.0,
      5440.0,
      5760.0,
      6080.0,
      6400.0,
      6720.0,
      7040.0,
      7360.0,
      7680.0,
      8000.0,
      8320.0,
      8640.0,
      8960.0,
      9280.0,
      9600.0,
      9920.0,
      10240.0,
      10560.0,
      10880.0,
      11200.0,
      11520.0,
      11840.0,
      12160.0,
      12480.0,
      12800.0,
      13120.0,
      13440.0,
      13760.0,
      14080.0,
      14400.0,
      14720.0,
      15040.0,
      15360.0,
      15680.0,
      16000.0
    ],
    "stds": [
      0.0,
      0.0,
      0.0,
      0.0,
      0.0,
      0.0,
      0.0,
      0.0,
      0.0,
      0.0,
      0.0,
      0.0,
      0.0,
      0.0,
      0.0,
      0.0,
      0.0,
      0.0,
      0.0,
      0.0,
      0.0,
      0.0,
      0.0,
      0.0,
      0.0,
      0.0,
      0.0,
      0.0,
      0.0,
      0.0,
      0.0,
      0.0,
      0.0,
      0.0,
      0.0,
      0.0,
      0.0,
      0.0,
      0.0,
      0.0,
      0.0,
      0.0,
      0.0,
      0.0,
      0.0,
      0.0,
      0.0,
      0.0,
      0.0,
      0.0
    ]
  },
  "downlink_floats": {
    "means": [
      2160.0,
      4320.0,
      6480.0,
      8640.0,
      10800.0,
      12960.0,
      15120.0,
      17280.0,
      19440.0,
      21600.0,
      23760.0,
      25920.0,
      28080.0,
      30240.0,
      32400.0,
      34560.0,
      36720.0,
      38880.0,
      41040.0,
      43200.0,
      45360.0,
      47520.0,
      49680.0,
      51840.0,
      54000.0,
      56160.0,
      58320.0,
      60480.0,
      62640.0,
      64800.0,
      66960.0,
      69120.0,
      71280.0,
      73440.0,
      75600.0,
      77760.0,
      79920.0,
      82080.0,
      84240.0,
      86400.0,
      88560.0,
      90720.0,
      92880.0,
      95040.0,
      97200.0,
      99360.0,
      101520.0,
      103680.0,
      105840.0,
      108000.0
    ],
    "stds": [
      0.0,
      0.0,
      0.0,
      0.0,
      0.0,
      0.0,
      0.0,
      0.0,
      0.0,
      0.0,
      0.0,
      0.0,
      0.0,
      0.0,
      0.0,
      0.0,
      0.0,
      0.0,
      0.0,
      0.0,
      0.0,
      0.0,
      0.0,
      0.0,
      0.0,
      0.0,
      0.0,
      0.0,
      0.0,
      0.0,
      0.0,
      0.0,
      0.0,
      0.0,
      0.0,
      0.0,
      0.0,
      0.0,
      0.0,
      0.0,
      0.0,
      0.0,
      0.0,
      0.0,
      0.0,
      0.0,
      0.0,
      0.0,
      0.0,
      0.0
    ]
  },
  "total_floats": {
    "means": [
      2480.0,
      4960.0,
      7440.0,
      9920.0,
      12400.0,
      14880.0,
      17360.0,
      19840.0,
      22320.0,
      24800.0,
      27280.0,
      29760.0,
      32240.0,
      34720.0,
      37200.0,
      39680.0,
      42160.0,
      44640.0,
      47120.0,
      49600.0,
      52080.0,
      54560.0,
      57040.0,
      59520.0,
      62000.0,
      64480.0,
      66960.0,
      69440.0,
      71920.0,
      74400.0,
      76880.0,
      79360.0,
      81840.0,
      84320.0,
      86800.0,
      89280.0,
      91760.0,
      94240.0,
      96720.0,
      99200.0,
      101680.0,
      104160.0,
      106640.0,
      109120.0,
      111600.0,
      114080.0,
      116560.0,
      119040.0,
      121520.0,
      124000.0
    ],
    "stds": [
      0.0,
      0.0,
      0.0,
      0.0,
      0.0,
      0.0,
      0.0,
      0.0,
      0.0,
      0.0,
      0.0,
      0.0,
      0.0,
      0.0,
      0.0,
      0.0,
      0.0,
      0.0,
      0.0,
      0.0,
      0.0,
      0.0,
      0.0,
      0.0,
      0.0,
      0.0,
      0.0,
      0.0,
      0.0,
      0.0,
      0.0,
      0.0,
      0.0,
      0.0,
      0.0,
      0.0,
      0.0,
      0.0,
      0.0,
      0.0,
      0.0,
      0.0,
      0.0,
      0.0,
      0.0,
      0.0,
      0.0,
      0.0,
      0.0,
      0.0
    ]
  }
}