{
  "train_loss/FedAvg": {
    "means": [
      1.0730069447876578,
      0.7372852523454732,
      0.5874598371116214,
      0.500334503095247,
      0.32773637975545,
      0.2645153493957766,
      0.2329269349773657,
      0.20659036322491936,
      0.19132248646235786,
      0.17341217820628285,
      0.1627938072893636,
      0.1498389587960432,
      0.14170100175306669,
      0.1323697208185012,
      0.12746017296928516,
      0.11989336396819332,
      0.11421429901860612,
      0.10856954707594338,
      0.10610293334365443,
      0.10044800884510931,
      0.0972930099051465,
      0.09388196252156004,
      0.09190071206928191,
      0.08728508896299922,
      0.08534714240219934,
      0.08307851830543012,
      0.08117496711693267,
      0.07766741281239471,
      0.07608115124885637,
      0.07448716690690801,
      0.0729313097551353,
      0.07051264624639604,
      0.06902389165048181,
      0.06790661457173235,
      0.06682165901547914,
      0.06518297214721147,
      0.06375929613099014,
      0.06298940712757878,
      0.062261864547254915,
      0.061056071875878755,
      0.05974431390918369,
      0.059234683443623724,
      0.05870837539134736,
      0.05773148847311721,
      0.05657674863984646,
      0.056241068149061435,
      0.05581781282230691,
      0.05498128761131862,
      0.05399131156263708,
      0.05374652975439094,
      0.053383476667896765,
      0.052653956758818274,
      0.051814857095236574,
      0.05160886205097289,
      0.05129113430195826,
      0.05065616541759097,
      0.04994469986201548,
      0.04975869683845619,
      0.04947898619625946,
      0.0489277850029775,
      0.04831575693218363,
      0.048149729559828144,
      0.047900875362744906,
      0.04741901621533481,
      0.046879828624612256,
      0.04673877593151382,
      0.04651426966733879,
      0.046086648786509546,
      0.04560040486263752,
      0.04548629681235285,
      0.04528178828055905,
      0.04489589318587071,
      0.044449945116001664,
      0.044359754665702106,
      0.044172959239284534,
      0.04381998607049499,
      0.043407057917647304,
      0.04333497782593949,
      0.04316456520690704,
      0.04283902320534433
    ],
    "stds": [
      0.0,
      0.0,
      0.0,
      0.0,
      0.0,
      0.0,
      0.0,
      0.0,
      0.0,
      0.0,
      0.0,
      0.0,
      0.0,
      0.0,
      0.0,
      0.0,
      0.0,
      0.0,
      0.0,
      0.0,
      0.0,
      0.0,
      0.0,
      0.0,
      0.0,
      0.0,
      0.0,
      0.0,
      0.0,
      0.0,
      0.0,
      0.0,
      0.0,
      0.0,
      0.0,
      0.0,
      0.0,
      0.0,
      0.0,
      0.0,
      0.0,
      0.0,
      0.0,
      0.0,
      0.0,
      0.0,
      0.0,
      0.0,
      0.0,
      0.0,
      0.0,
      0.0,
      0.0,
      0.0,
      0.0,
      0.0,
      0.0,
      0.0,
      0.0,
      0.0,
      0.0,
      0.0,
      0.0,
      0.0,
      0.0,
      0.0,
      0.0,
      0.0,
      0.0,
      0.0,
      0.0,
      0.0,
      0.0,
      0.0,
      0.0,
      0.0,
      0.0,
      0.0,
      0.0,
      0.0
    ]
  },
  "test_accuracy/FedAvg": {
    "means": [
      0.8333333333333334,
      0.875,
      0.8944444444444445,
      0.9111111111111111,
      0.9,
      0.9166666666666666,
      0.9194444444444444,
      0.9194444444444444,
      0.9222222222222223,
      0.925,
      0.9277777777777778,
      0.9277777777777778,
      0.9333333333333333,
      0.9361111111111111,
      0.9333333333333333,
      0.9388888888888889,
      0.9472222222222222,
      0.9527777777777777,
      0.9444444444444444,
      0.95,
      0.9527777777777777,
      0.95,
      0.95,
      0.9555555555555556,
      0.9555555555555556,
      0.9583333333333334,
      0.9583333333333334,
      0.9638888888888889,
      0.9583333333333334,
      0.9611111111111111,
      0.9638888888888889,
      0.9666666666666667,
      0.9666666666666667,
      0.9638888888888889,
      0.9638888888888889,
      0.9666666666666667,
      0.9638888888888889,
      0.9638888888888889,
      0.9638888888888889,
      0.9666666666666667,
      0.9638888888888889,
      0.9638888888888889,
      0.9638888888888889,
      0.9638888888888889,
      0.9638888888888889,
      0.9638888888888889,
      0.9638888888888889,
      0.9638888888888889,
      0.9638888888888889,
      0.9638888888888889,
      0.9638888888888889,
      0.9638888888888889,
      0.9638888888888889,
      0.9638888888888889,
      0.9638888888888889,
      0.9638888888888889,
      0.9638888888888889,
      0.9638888888888889,
      0.9638888888888889,
      0.9638888888888889,
      0.9638888888888889,
      0.9638888888888889,
      0.9638888888888889,
      0.9638888888888889,
      0.9638888888888889,
      0.9638888888888889,
      0.9638888888888889,
      0.9638888888888889,
      0.9638888888888889,
      0.9638888888888889,
      0.9638888888888889,
      0.9638888888888889,
      0.9638888888888889,
      0.9638888888888889,
      0.9638888888888889,
      0.9638888888888889,
      0.9638888888888889,
      0.9638888888888889,
      0.9666666666666667,
      0.9666666666666667
    ],
    "stds": [
      0.0,
      0.0,
      0.0,
      0.0,
      0.0,
      0.0,
      0.0,
      0.0,
      0.0,
      0.0,
      0.0,
      0.0,
      0.0,
      0.0,
      0.0,
      0.0,
      0.0,
      0.0,
      0.0,
      0.0,
      0.0,
      0.0,
      0.0,
      0.0,
      0.0,
      0.0,
      0.0,
      0.0,
      0.0,
      0.0,
      0.0,
      0.0,
      0.0,
      0.0,
      0.0,
      0.0,
      0.0,
      0.0,
      0.0,
      0.0,
      0.0,
      0.0,
      0.0,
      0.0,
      0.0,
      0.0,
      0.0,
      0.0,
      0.0,
      0.0,
      0.0,
      0.0,
      0.0,
      0.0,
      0.0,
      0.0,
      0.0,
      0.0,
      0.0,
      0.0,
      0.0,
      0.0,
      0.0,
      0.0,
      0.0,
      0.0,
      0.0,
      0.0,
      0.0,
      0.0,
      0.0,
      0.0,
      0.0,
      0.0,
      0.0,
      0.0,
      0.0,
      0.0,
      0.0,
      0.0
    ]
  },
  "cumulative_comm_params/FedAvg": {
    "means": [
      6400,
      12800,
      19200,
      25600,
      32000,
      38400,
      44800,
      51200,
      57600,
      64000,
      70400,
      76800,
      83200,
      89600,
      96000,
      102400,
      108800,
      115200,
      121600,
      128000,
      134400,
      140800,
      147200,
      153600,
      160000,
      166400,
      172800,
      179200,
      185600,
      192000,
      198400,
      204800,
      211200,
      217600,
      224000,
      230400,
      236800,
      243200,
      249600,
      256000,
      262400,
      268800,
      275200,
      281600,
      288000,
      294400,
      300800,
      307200,
      313600,
      320000,
      326400,
      332800,
      339200,
      345600,
      352000,
      358400,
      364800,
      371200,
      377600,
      384000,
      390400,
      396800,
      403200,
      409600,
      416000,
      422400,
      428800,
      435200,
      441600,
      448000,
      454400,
      460800,
      467200,
      473600,
      480000,
      486400,
      492800,
      499200,
      505600,
      512000
    ],
    "stds": [
      0,
      0,
      0,
      0,
      0,
      0,
      0,
      0,
      0,
      0,
      0,
      0,
      0,
      0,
      0,
      0,
      0,
      0,
      0,
      0,
      0,
      0,
      0,
      0,
      0,
      0,
      0,
      0,
      0,
      0,
      0,
      0,
      0,
      0,
      0,
      0,
      0,
      0,
      0,
      0,
      0,
      0,
      0,
      0,
      0,
      0,
      0,
      0,
      0,
      0,
      0,
      0,
      0,
      0,
      0,
      0,
      0,
      0,
      0,
      0,
      0,
      0,
      0,
      0,
      0,
      0,
      0,
      0,
      0,
      0,
      0,
      0,
      0,
      0,
      0,
      0,
      0,
      0,
      0,
      0
    ]
  },