{
  "train_loss_fedavg": {
    "means": [
      0.7230771780129467,
      0.6491586023140058,
      0.5909841349115167,
      0.5423304006422293,
      0.5034649615504433,
      0.4725944780175923,
      0.4464779741706948,
      0.4233562679494884,
      0.40584363319765304,
      0.3900297681900201,
      0.3762804936267679,
      0.3646204979021667,
      0.35433093581968567,
      0.3451797596354067,
      0.3371339010860461,
      0.32962124156544087,
      0.3228789055525445,
      0.31667445967520585,
      0.31139286129397065,
      0.3062200897454098,
      0.3015667831567574,
      0.29731100786873893,
      0.2931605528155476,
      0.28926435725312455,
      0.2857097824136953,
      0.28237071966111593,
      0.2792449724997377,
      0.27612431397300724,
      0.2732958734331097,
      0.27062003416255187,
      0.26810878790943565,
      0.26572574592408843,
      0.2634216694637734,
      0.26123503800091896,
      0.259088357005749,
      0.25706480370439827,
      0.2551439481263209,
      0.2533455721673525,
      0.2516478642835742,
      0.2499482902048271
    ],
    "stds": [
      0.0,
      0.0,
      0.0,
      0.0,
      0.0,
      0.0,
      0.0,
      0.0,
      0.0,
      0.0,
      0.0,
      0.0,
      0.0,
      0.0,
      0.0,
      0.0,
      0.0,
      0.0,
      0.0,
      0.0,
      0.0,
      0.0,
      0.0,
      0.0,
      0.0,
      0.0,
      0.0,
      0.0,
      0.0,
      0.0,
      0.0,
      0.0,
      0.0,
      0.0,
      0.0,
      0.0,
      0.0,
      0.0,
      0.0,
      0.0
    ]
  },
  "test_acc_fedavg": {
    "means": [
      0.5545,
      0.6155,
      0.671,
      0.72775,
      0.76925,
      0.807,
      0.8325,
      0.85775,
      0.87025,
      0.88325,
      0.8905,
      0.89375,
      0.90075,
      0.90275,
      0.90675,
      0.9085,
      0.91,
      0.914,
      0.9135,
      0.91575,
      0.918,
      0.9165,
      0.91825,
      0.91675,
      0.9185,
      0.919,
      0.92025,
      0.921,
      0.921,
      0.921,
      0.92025,
      0.92075,
      0.91925,
      0.92075,
      0.92125,
      0.92075,
      0.9205,
      0.92075,
      0.91975,
      0.9205
    ],
    "stds": [
      0.0,
      0.0,
      0.0,
      0.0,
      0.0,
      0.0,
      0.0,
      0.0,
      0.0,
      0.0,
      0.0,
      0.0,
      0.0,
      0.0,
      0.0,
      0.0,
      0.0,
      0.0,
      0.0,
      0.0,
      0.0,
      0.0,
      0.0,
      0.0,
      0.0,
      0.0,
      0.0,
      0.0,
      0.0,
      0.0,
      0.0,
      0.0,
      0.0,
      0.0,
      0.0,
      0.0,
      0.0,
      0.0,
      0.0,
      0.0
    ]
  },
  "comm_floats_fedavg": {
    "means": [
      2020.0,
      4040.0,
      6060.0,
      8080.0,
      10100.0,
      12120.0,
      14140.0,
      16160.0,
      18180.0,
      20200.0,
      22220.0,
      24240.0,
      26260.0,
      28280.0,
      30300.0,
      32320.0,
      34340.0,
      36360.0,
      38380.0,
      40400.0,
      42420.0,
      44440.0,
      46460.0,
      48480.0,
      50500.0,
      52520.0,
      54540.0,
      56560.0,
      58580.0,
      60600.0,
      62620.0,
      64640.0,
      66660.0,
      68680.0,
      70700.0,
      72720.0,
      74740.0,
      76760.0,
      78780.0,
      80800.0
    ],
    "stds": [
      0.0,
      0.0,
      0.0,
      0.0,
      0.0,
      0.0,
      0.0,
      0.0,
      0.0,
      0.0,
      0.0,
      0.0,
      0.0,
      0.0,
      0.0,
      0.0,
      0.0,
      0.0,
      0.0,
      0.0,
      0.0,
      0.0,
      0.0,
      0.0,
      0.0,
      0.0,
      0.0,
      0.0,
      0.0,
      0.0,
      0.0,
      0.0,
      0.0,
      0.0,
      0.0,
      0.0,
      0.0,
      0.0,
      0.0,
      0.0
    ]
  },
  "comm_per_0.8_acc_fedavg": {
    "means": [
      12120.0
    ],
    "stds": [
      0.0
    ]
  },
  "rounds_to_target_loss_fedavg": {
    "means": [
      6
    ],
    "stds": [
      0.0
    ]
  },
  "stability_index_fedavg": {
    "means": [
      60.48266547819749
    ],
    "stds": [
      0.0
    ]
  },
  "area_under_accuracy_curve_fedavg": {
    "means": [
      34.30225
    ],
    "stds": [
      0.0
    ]
  },
  "train_loss_sfedavg": {
    "means": [
      0.779680064891173,
      0.7516613548050828,
      0.7225946006245796,
      0.6891709359019917,
      0.6711252520324094,
      0.6621598514981091,
      0.6397547111277808,
      0.6260139822493679,
      0.6005478161411795,
      0.5787959374240332,
      0.5675845687523973,
      0.5607597134603525,
      0.5405823754065784,
      0.5319530341392436,
      0.5193230953619934,
      0.5070991057668359,
      0.49254831999919185,
      0.4781081631707848,
      0.469504969720825,
      0.4578902039538458,
      0.44444808154328436,
      0.43620153491498237,
      0.43119374592609033,
      0.4234836033294018,
      0.4122871755464344,
      0.4063845684775586,
      0.39934604688862807,
      0.3941546116499745,
      0.38994256300471464,
      0.3863718347537703,
      0.3794925935726443,
      0.3733589975269218,
      0.3685310028684042,
      0.3628622693964868,
      0.35788637990793964,
      0.35400611492005474,
      0.3512280797799768,
      0.3458570403667261,
      0.34185988258814876,
      0.33871620654535084
    ],
    "stds": [
      0.0,
      0.0,
      0.0,
      0.0,
      0.0,
      0.0,
      0.0,
      0.0,
      0.0,
      0.0,
      0.0,
      0.0,
      0.0,
      0.0,
      0.0,
      0.0,
      0.0,
      0.0,
      0.0,
      0.0,
      0.0,
      0.0,
      0.0,
      0.0,
      0.0,
      0.0,
      0.0,
      0.0,
      0.0,
      0.0,
      0.0,
      0.0,
      0.0,
      0.0,
      0.0,
      0.0,
      0.0,
      0.0,
      0.0,
      0.0
    ]
  },
  "test_acc_sfedavg": {
    "means": [
      0.521,
      0.54375,
      0.572,
      0.601,
      0.61075,
      0.6175,
      0.633,
      0.6425,
      0.66275,
      0.68025,
      0.69125,
      0.69575,
      0.71975,
      0.7285,
      0.73925,
      0.75125,
      0.7625,
      0.77725,
      0.7795,
      0.79,
      0.80275,
      0.8085,
      0.81375,
      0.81925,
      0.826,
      0.83075,
      0.84125,
      0.84375,
      0.841,
      0.8465,
      0.85025,
      0.85775,
      0.8645,
      0.86375,
      0.86575,
      0.8695,
      0.86875,
      0.87125,
      0.87725,
      0.88075
    ],
    "stds": [
      0.0,
      0.0,
      0.0,
      0.0,
      0.0,
      0.0,
      0.0,
      0.0,
      0.0,
      0.0,
      0.0,
      0.0,
      0.0,
      0.0,
      0.0,
      0.0,
      0.0,
      0.0,
      0.0,
      0.0,
      0.0,
      0.0,
      0.0,
      0.0,
      0.0,
      0.0,
      0.0,
      0.0,
      0.0,
      0.0,
      0.0,
      0.0,
      0.0,
      0.0,
      0.0,
      0.0,
      0.0,
      0.0,
      0.0,
      0.0
    ]
  },
  "comm_floats_sfedavg": {
    "means": [
      104030.0,
      208060.0,
      312090.0,
      416120.0,
      520150.0,
      624180.0,
      728210.0,
      832240.0,
      936270.0,
      1040300.0,
      1144330.0,
      1248360.0,
      1352390.0,
      1456420.0,
      1560450.0,
      1664480.0,
      1768510.0,
      1872540.0,
      1976570.0,
      2080600.0,
      2184630.0,
      2288660.0,
      2392690.0,
      2496720.0,
      2600750.0,
      2704780.0,
      2808810.0,
      2912840.0,
      3016870.0,
      3120900.0,
      3224930.0,
      3328960.0,
      3432990.0,
      3537020.0,
      3641050.0,
      3745080.0,
      3849110.0,
      3953140.0,
      4057170.0,
      4161200.0
    ],