{
  "train_loss_fedavg": {
    "means": [
      1.7111092776717185,
      1.330452321760553,
      1.0894930685013604,
      0.9283696146810013,
      0.8164811875044092,
      0.7351662588397078,
      0.6700818022402185,
      0.6189937988122367,
      0.5751133457625155,
      0.5387383195206046,
      0.5063741683065681,
      0.4802065956994274,
      0.45678929363848797,
      0.4376338031916837,
      0.41850833618234545,
      0.40200066198347095,
      0.3877794852361717,
      0.3750818329935595,
      0.36383904470947137,
      0.3532474131774942,
      0.342870324718784,
      0.33379390091047634,
      0.3257450516580798,
      0.3179933533516593,
      0.31062201666462086,
      0.3033027597581501,
      0.29680670559026995,
      0.29089094506658236,
      0.28535304124255456,
      0.27979810917975007
    ],
    "stds": [
      0.0,
      0.0,
      0.0,
      0.0,
      0.0,
      0.0,
      0.0,
      0.0,
      0.0,
      0.0,
      0.0,
      0.0,
      0.0,
      0.0,
      0.0,
      0.0,
      0.0,
      0.0,
      0.0,
      0.0,
      0.0,
      0.0,
      0.0,
      0.0,
      0.0,
      0.0,
      0.0,
      0.0,
      0.0,
      0.0
    ]
  },
  "test_acc_fedavg": {
    "means": [
      0.8444444444444444,
      0.8527777777777777,
      0.8722222222222222,
      0.8777777777777778,
      0.8861111111111111,
      0.8944444444444445,
      0.9055555555555556,
      0.9111111111111111,
      0.9138888888888889,
      0.9166666666666666,
      0.9194444444444444,
      0.9194444444444444,
      0.9222222222222223,
      0.9277777777777778,
      0.9277777777777778,
      0.9277777777777778,
      0.925,
      0.925,
      0.9277777777777778,
      0.9277777777777778,
      0.9277777777777778,
      0.9305555555555556,
      0.9305555555555556,
      0.9277777777777778,
      0.925,
      0.9305555555555556,
      0.9277777777777778,
      0.9305555555555556,
      0.9333333333333333,
      0.9333333333333333
    ],
    "stds": [
      0.0,
      0.0,
      0.0,
      0.0,
      0.0,
      0.0,
      0.0,
      0.0,
      0.0,
      0.0,
      0.0,
      0.0,
      0.0,
      0.0,
      0.0,
      0.0,
      0.0,
      0.0,
      0.0,
      0.0,
      0.0,
      0.0,
      0.0,
      0.0,
      0.0,
      0.0,
      0.0,
      0.0,
      0.0,
      0.0
    ]
  },
  "comm_cost_fedavg": {
    "means": [
      32000.0,
      64000.0,
      96000.0,
      128000.0,
      160000.0,
      192000.0,
      224000.0,
      256000.0,
      288000.0,
      320000.0,
      352000.0,
      384000.0,
      416000.0,
      448000.0,
      480000.0,
      512000.0,
      544000.0,
      576000.0,
      608000.0,
      640000.0,
      672000.0,
      704000.0,
      736000.0,
      768000.0,
      800000.0,
      832000.0,
      864000.0,
      896000.0,
      928000.0,
      960000.0
    ],
    "stds": [
      0.0,
      0.0,
      0.0,
      0.0,
      0.0,
      0.0,
      0.0,
      0.0,
      0.0,
      0.0,
      0.0,
      0.0,
      0.0,
      0.0,
      0.0,
      0.0,
      0.0,
      0.0,
      0.0,
      0.0,
      0.0,
      0.0,
      0.0,
      0.0,
      0.0,
      0.0,
      0.0,
      0.0,
      0.0,
      0.0
    ]
  },
  "effective_update_dims_fedavg": {
    "means": [
      16000.0,
      32000.0,
      48000.0,
      64000.0,
      80000.0,
      96000.0,
      112000.0,
      128000.0,
      144000.0,
      160000.0,
      176000.0,
      192000.0,
      208000.0,
      224000.0,
      240000.0,
      256000.0,
      272000.0,
      288000.0,
      304000.0,
      320000.0,
      336000.0,
      352000.0,
      368000.0,
      384000.0,
      400000.0,
      416000.0,
      432000.0,
      448000.0,
      464000.0,
      480000.0
    ],
    "stds": [
      0.0,
      0.0,
      0.0,
      0.0,
      0.0,
      0.0,
      0.0,
      0.0,
      0.0,
      0.0,
      0.0,
      0.0,
      0.0,
      0.0,
      0.0,
      0.0,
      0.0,
      0.0,
      0.0,
      0.0,
      0.0,
      0.0,
      0.0,
      0.0,
      0.0,
      0.0,
      0.0,
      0.0,
      0.0,
      0.0
    ]
  },
  "train_loss_sfedavg": {
    "means": [
      2.133531178831433,
      1.9633282543743116,
      1.7977364595706795,
      1.6864539336244229,
      1.566694326847155,
      1.4528257914895102,
      1.3584114368061986,
      1.2802174020365151,
      1.2118369052509812,
      1.1554326601681868,
      1.0904772814390067,
      1.044780394081611,
      0.999180808580139,
      0.9586057417114919,
      0.92004344738531,
      0.881664150879235,
      0.8524181430866535,
      0.8256430229000835,
      0.7985085972448958,
      0.7776740582826613,
      0.7537183695265962,
      0.7291563651669088,
      0.7066005821948415,
      0.6872762475759834,
      0.6701968700621357,
      0.6522991740293383,
      0.639124361026575,
      0.6249465880367224,
      0.6124635738052293,
      0.5997121904925748
    ],
    "stds": [
      0.0,
      0.0,
      0.0,
      0.0,
      0.0,
      0.0,
      0.0,
      0.0,
      0.0,
      0.0,
      0.0,
      0.0,
      0.0,
      0.0,
      0.0,
      0.0,
      0.0,
      0.0,
      0.0,
      0.0,
      0.0,
      0.0,
      0.0,
      0.0,
      0.0,
      0.0,
      0.0,
      0.0,
      0.0,
      0.0
    ]
  },
  "test_acc_sfedavg": {
    "means": [
      0.7277777777777777,
      0.8027777777777778,
      0.7833333333333333,
      0.8166666666666667,
      0.8333333333333334,
      0.8416666666666667,
      0.8472222222222222,
      0.85,
      0.8694444444444445,
      0.8805555555555555,
      0.8805555555555555,
      0.8888888888888888,
      0.8888888888888888,
      0.8972222222222223,
      0.8916666666666667,
      0.8972222222222223,
      0.9027777777777778,
      0.9027777777777778,
      0.9,
      0.9027777777777778,
      0.9055555555555556,
      0.9027777777777778,
      0.9111111111111111,
      0.9111111111111111,
      0.9111111111111111,
      0.9111111111111111,
      0.9138888888888889,
      0.9111111111111111,
      0.9138888888888889,
      0.9138888888888889
    ],
    "stds": [
      0.0,
      0.0,
      0.0,
      0.0,
      0.0,
      0.0,
      0.0,
      0.0,
      0.0,
      0.0,
      0.0,
      0.0,
      0.0,
      0.0,
      0.0,
      0.0,
      0.0,
      0.0,
      0.0,
      0.0,
      0.0,
      0.0,
      0.0,
      0.0,
      0.0,
      0.0,
      0.0,
      0.0,
      0.0,
      0.0
    ]
  },
  "comm_cost_sfedavg": {
    "means": [
      62400.0,
      124800.0,
      187200.0,
      249600.0,
      312000.0,
      374400.0,
      436800.0,
      499200.0,
      561600.0,
      624000.0,
      686400.0,
      748800.0,
      811200.0,
      873600.0,
      936000.0,
      998400.0,
      1060800.0,
      1123200.0,
      1185600.0,
      1248000.0,
      1310400.0,
      1372800.0,
      1435200.0,
      1497600.0,
      1560000.0,
      1622400.0,
      1684800.0,
      1747200.0,
      1809600.0,
      1872000.0
    ],
    "stds": [
      0.0,
      0.0,
      0.0,
      0.0,
      0.0,
      0.0,
      0.0,
      0.0,
      0.0,
      0.0,
      0.0,
      0.0,
      0.0,
      0.0,
      0.0,
      0.0,
      0.0,
      0.0,
      0.0,
      0.0,
      0.0,
      0.0,
      0.0,
      0.0,
      0.0,
      0.0,
      0.0,
      0.0,
      0.0,
      0.0
    ]
  },
  "effective_update_dims_sfedavg": {
    "means": [
      4750.0,
      9500.0,
      14250.0,
      19000.0,
      23750.0,
      28500.0,
      33250.0,
      38000.0,
      42750.0,
      47500.0,
      52250.0,
      57000.0,
      61750.0,
      66500.0,
      71250.0,
      76000.0,
      80750.0,
      85500.0,
      90250.0,
      95000.0,
      99750.0,
      104500.0,
      109250.0,
      114000.0,
      118750.0,
      123500.0,
      128250.0,
      133000.0,
      137750.0,
      142500.0
    ],