{
  "train_loss/FedAvg": {
    "means": [
      1.5603568606513132,
      1.1649727929115237,
      0.9300686807282892,
      0.7847976243718265,
      0.6834208416477855,
      0.6130329809636899,
      0.5577473688429017,
      0.5126631939786277,
      0.4771206584233345,
      0.4459072917077481,
      0.42235004669910026,
      0.4007365651001504,
      0.38184044034787606,
      0.3656189491459015,
      0.3498620416324903,
      0.33788641469716113,
      0.3260285178249508,
      0.3154089800850099,
      0.3059475498417382,
      0.2962235070324336,
      0.28882374747924316,
      0.2811690382349754,
      0.27421378362281223,
      0.26788826953214345,
      0.26119880632789527,
      0.2560888628419818,
      0.25065836960967114,
      0.24567222713458647,
      0.2410655067834389,
      0.23613512750307863,
      0.23234650530591802,
      0.22825004866314064,
      0.22446002826886047,
      0.22090569341502195,
      0.2170917228355599,
      0.21414105026932898,
      0.2109145406717769,
      0.20791337376561306,
      0.20505607295202521,
      0.20199758040893304,
      0.19961518668249886,
      0.196991012185239,
      0.19454137466328725,
      0.19217355755770094,
      0.1896518221760368,
      0.18767468225796458,
      0.1854868588431211,
      0.1834399991721378,
      0.18143176515362733,
      0.17930639492059333,
      0.17762979139351612,
      0.17576951772420063,
      0.17402694991426787,
      0.17229245302738122,
      0.1704691069309443,
      0.16902250009968858,
      0.16741528103387668,
      0.16590895536625835,
      0.16438891412719747,
      0.16280176156891382
    ],
    "stds": [
      0.0,
      0.0,
      0.0,
      0.0,
      0.0,
      0.0,
      0.0,
      0.0,
      0.0,
      0.0,
      0.0,
      0.0,
      0.0,
      0.0,
      0.0,
      0.0,
      0.0,
      0.0,
      0.0,
      0.0,
      0.0,
      0.0,
      0.0,
      0.0,
      0.0,
      0.0,
      0.0,
      0.0,
      0.0,
      0.0,
      0.0,
      0.0,
      0.0,
      0.0,
      0.0,
      0.0,
      0.0,
      0.0,
      0.0,
      0.0,
      0.0,
      0.0,
      0.0,
      0.0,
      0.0,
      0.0,
      0.0,
      0.0,
      0.0,
      0.0,
      0.0,
      0.0,
      0.0,
      0.0,
      0.0,
      0.0,
      0.0,
      0.0,
      0.0,
      0.0
    ]
  },
  "test_accuracy/FedAvg": {
    "means": [
      0.8444444444444444,
      0.8444444444444444,
      0.8638888888888889,
      0.8972222222222223,
      0.9111111111111111,
      0.9083333333333333,
      0.9138888888888889,
      0.9194444444444444,
      0.9194444444444444,
      0.9166666666666666,
      0.9194444444444444,
      0.9194444444444444,
      0.9222222222222223,
      0.925,
      0.9277777777777778,
      0.9277777777777778,
      0.9277777777777778,
      0.9305555555555556,
      0.9305555555555556,
      0.9305555555555556,
      0.9305555555555556,
      0.9305555555555556,
      0.9305555555555556,
      0.9305555555555556,
      0.9333333333333333,
      0.9305555555555556,
      0.9305555555555556,
      0.9305555555555556,
      0.9333333333333333,
      0.9333333333333333,
      0.9333333333333333,
      0.9333333333333333,
      0.9333333333333333,
      0.9333333333333333,
      0.9361111111111111,
      0.9333333333333333,
      0.9333333333333333,
      0.9388888888888889,
      0.9416666666666667,
      0.9388888888888889,
      0.9361111111111111,
      0.9416666666666667,
      0.9444444444444444,
      0.9444444444444444,
      0.9416666666666667,
      0.9388888888888889,
      0.9416666666666667,
      0.9472222222222222,
      0.9444444444444444,
      0.9472222222222222,
      0.9472222222222222,
      0.9472222222222222,
      0.9527777777777777,
      0.9472222222222222,
      0.95,
      0.9472222222222222,
      0.95,
      0.9527777777777777,
      0.9527777777777777,
      0.95
    ],
    "stds": [
      0.0,
      0.0,
      0.0,
      0.0,
      0.0,
      0.0,
      0.0,
      0.0,
      0.0,
      0.0,
      0.0,
      0.0,
      0.0,
      0.0,
      0.0,
      0.0,
      0.0,
      0.0,
      0.0,
      0.0,
      0.0,
      0.0,
      0.0,
      0.0,
      0.0,
      0.0,
      0.0,
      0.0,
      0.0,
      0.0,
      0.0,
      0.0,
      0.0,
      0.0,
      0.0,
      0.0,
      0.0,
      0.0,
      0.0,
      0.0,
      0.0,
      0.0,
      0.0,
      0.0,
      0.0,
      0.0,
      0.0,
      0.0,
      0.0,
      0.0,
      0.0,
      0.0,
      0.0,
      0.0,
      0.0,
      0.0,
      0.0,
      0.0,
      0.0,
      0.0
    ]
  },
  "cumulative_comm_params/FedAvg": {
    "means": [
      5120,
      10240,
      15360,
      20480,
      25600,
      30720,
      35840,
      40960,
      46080,
      51200,
      56320,
      61440,
      66560,
      71680,
      76800,
      81920,
      87040,
      92160,
      97280,
      102400,
      107520,
      112640,
      117760,
      122880,
      128000,
      133120,
      138240,
      143360,
      148480,
      153600,
      158720,
      163840,
      168960,
      174080,
      179200,
      184320,
      189440,
      194560,
      199680,
      204800,
      209920,
      215040,
      220160,
      225280,
      230400,
      235520,
      240640,
      245760,
      250880,
      256000,
      261120,
      266240,
      271360,
      276480,
      281600,
      286720,
      291840,
      296960,
      302080,
      307200
    ],
    "stds": [
      0,
      0,
      0,
      0,
      0,
      0,
      0,
      0,
      0,
      0,
      0,
      0,
      0,
      0,
      0,
      0,
      0,
      0,
      0,
      0,
      0,
      0,
      0,
      0,
      0,
      0,
      0,
      0,
      0,
      0,
      0,
      0,
      0,
      0,
      0,
      0,
      0,
      0,
      0,
      0,
      0,
      0,
      0,
      0,
      0,
      0,
      0,
      0,
      0,
      0,
      0,
      0,
      0,
      0,
      0,
      0,
      0,
      0,
      0,
      0
    ]
  },
  "train_loss/SFedAvg": {
    "means": [
      2.2626171947205322,
      2.2199483317272204,
      2.174017973786994,
      2.142889135165522,
      2.1018410172205026,
      2.063865378086585,
      2.0154534627139653,
      1.992175048134182,
      1.9425167252025637,
      1.9102959898386704,
      1.8719184729988116,
      1.8239031736516338,
      1.7949957043243592,
      1.7612366854800174,
      1.7138743203879818,
      1.6976061586975297,
      1.6743198093227876,
      1.6392614582448848,
      1.6114918923177888,
      1.5817344391026162,
      1.5541921967253238,
      1.533299669294855,
      1.5137609276454473,
      1.4827774110457408,
      1.4656734280935284,
      1.4423733434989776,
      1.4177763536575188,
      1.3976441580435015,
      1.372501287510604,
      1.3465589181236057,
      1.3217242627132377,
      1.2965515146588862,
      1.2785697322189506,
      1.266783094263828,
      1.252692261153126,
      1.2393970601857331,
      1.2203968340681948,
      1.2056586430000396,
      1.1947901059956618,
      1.1717049715004275,
      1.159170925766755,
      1.1460099237610366,
      1.1338307488116406,
      1.120355259950154,
      1.1088264723276835,
      1.0995750455293358,
      1.0791704584839183,
      1.063982165243943,
      1.0495070115448824,
      1.040292053201764,
      1.0283887819693234,
      1.0205533690950117,
      1.0110795573696139,
      0.9986118979399292,
      0.9874639921585685,
      0.9752938080042711,
      0.964710262679993,
      0.9547060025433278,
      0.9446749932191486,
      0.9306518659732981
    ],