{
  "train_loss_fedavg": {
    "means": [
      0.5452074900706962,
      0.3392481649366765,
      0.25047234600288293,
      0.2224789398652783,
      0.23793631929443812,
      0.1762816819054171,
      0.1531654833149461,
      0.16696062253181854,
      0.15549637228098984,
      0.2119148632717675,
      0.15302486415699063,
      0.19378455748022813,
      0.21035144525433544,
      0.29669822851830185,
      0.18701394078225442,
      0.17384434435150728,
      0.13847268690899062,
      0.15758617349532855,
      0.18061297884653965,
      0.236233981599333,
      0.19262774127680007,
      0.13850736169542352,
      0.16619612614102466,
      0.22144666556853596,
      0.17601439734505292,
      0.2743007740802321,
      0.2253738212708323,
      0.15651131291289813,
      0.16451660788084277,
      0.1263705605362768
    ],
    "stds": [
      0.0,
      0.0,
      0.0,
      0.0,
      0.0,
      0.0,
      0.0,
      0.0,
      0.0,
      0.0,
      0.0,
      0.0,
      0.0,
      0.0,
      0.0,
      0.0,
      0.0,
      0.0,
      0.0,
      0.0,
      0.0,
      0.0,
      0.0,
      0.0,
      0.0,
      0.0,
      0.0,
      0.0,
      0.0,
      0.0
    ]
  },
  "test_acc_fedavg": {
    "means": [
      0.8166666666666667,
      0.8916666666666667,
      0.9194444444444444,
      0.9138888888888889,
      0.9111111111111111,
      0.9305555555555556,
      0.9333333333333333,
      0.9305555555555556,
      0.9361111111111111,
      0.9333333333333333,
      0.9333333333333333,
      0.9277777777777778,
      0.9305555555555556,
      0.925,
      0.9305555555555556,
      0.9416666666666667,
      0.9416666666666667,
      0.9444444444444444,
      0.9305555555555556,
      0.9333333333333333,
      0.9333333333333333,
      0.9527777777777777,
      0.9388888888888889,
      0.9361111111111111,
      0.9444444444444444,
      0.9444444444444444,
      0.9333333333333333,
      0.9444444444444444,
      0.9333333333333333,
      0.9388888888888889
    ],
    "stds": [
      0.0,
      0.0,
      0.0,
      0.0,
      0.0,
      0.0,
      0.0,
      0.0,
      0.0,
      0.0,
      0.0,
      0.0,
      0.0,
      0.0,
      0.0,
      0.0,
      0.0,
      0.0,
      0.0,
      0.0,
      0.0,
      0.0,
      0.0,
      0.0,
      0.0,
      0.0,
      0.0,
      0.0,
      0.0,
      0.0
    ]
  },
  "comm_cost_fedavg": {
    "means": [
      819200.0,
      1638400.0,
      2457600.0,
      3276800.0,
      4096000.0,
      4915200.0,
      5734400.0,
      6553600.0,
      7372800.0,
      8192000.0,
      9011200.0,
      9830400.0,
      10649600.0,
      11468800.0,
      12288000.0,
      13107200.0,
      13926400.0,
      14745600.0,
      15564800.0,
      16384000.0,
      17203200.0,
      18022400.0,
      18841600.0,
      19660800.0,
      20480000.0,
      21299200.0,
      22118400.0,
      22937600.0,
      23756800.0,
      24576000.0
    ],
    "stds": [
      0.0,
      0.0,
      0.0,
      0.0,
      0.0,
      0.0,
      0.0,
      0.0,
      0.0,
      0.0,
      0.0,
      0.0,
      0.0,
      0.0,
      0.0,
      0.0,
      0.0,
      0.0,
      0.0,
      0.0,
      0.0,
      0.0,
      0.0,
      0.0,
      0.0,
      0.0,
      0.0,
      0.0,
      0.0,
      0.0
    ]
  },
  "effective_update_dims_fedavg": {
    "means": [
      409600.0,
      819200.0,
      1228800.0,
      1638400.0,
      2048000.0,
      2457600.0,
      2867200.0,
      3276800.0,
      3686400.0,
      4096000.0,
      4505600.0,
      4915200.0,
      5324800.0,
      5734400.0,
      6144000.0,
      6553600.0,
      6963200.0,
      7372800.0,
      7782400.0,
      8192000.0,
      8601600.0,
      9011200.0,
      9420800.0,
      9830400.0,
      10240000.0,
      10649600.0,
      11059200.0,
      11468800.0,
      11878400.0,
      12288000.0
    ],
    "stds": [
      0.0,
      0.0,
      0.0,
      0.0,
      0.0,
      0.0,
      0.0,
      0.0,
      0.0,
      0.0,
      0.0,
      0.0,
      0.0,
      0.0,
      0.0,
      0.0,
      0.0,
      0.0,
      0.0,
      0.0,
      0.0,
      0.0,
      0.0,
      0.0,
      0.0,
      0.0,
      0.0,
      0.0,
      0.0,
      0.0
    ]
  },
  "train_loss_sfedavg": {
    "means": [
      1.6618290917273948,
      1.2585155045066438,
      1.014414599838137,
      0.8609941897063432,
      0.7454874018919571,
      0.6626120999993893,
      0.5953655898167135,
      0.5476501659734634,
      0.5044999918603863,
      0.4717508598574795,
      0.44497247182442745,
      0.4202498852973763,
      0.3992956852002519,
      0.38211816781891744,
      0.3649383899509397,
      0.35011901131315726,
      0.3359225999622453,
      0.32452537439444484,
      0.3155773080658313,
      0.307209278047599,
      0.2995414877210829,
      0.2911104759978317,
      0.284687248370138,
      0.27770780083455976,
      0.2708993477571367,
      0.2650388610362608,
      0.2587991352121431,
      0.25377360309172714,
      0.24791214338830153,
      0.2422156575517507
    ],
    "stds": [
      0.0,
      0.0,
      0.0,
      0.0,
      0.0,
      0.0,
      0.0,
      0.0,
      0.0,
      0.0,
      0.0,
      0.0,
      0.0,
      0.0,
      0.0,
      0.0,
      0.0,
      0.0,
      0.0,
      0.0,
      0.0,
      0.0,
      0.0,
      0.0,
      0.0,
      0.0,
      0.0,
      0.0,
      0.0,
      0.0
    ]
  },
  "test_acc_sfedavg": {
    "means": [
      0.7527777777777778,
      0.8361111111111111,
      0.8611111111111112,
      0.8888888888888888,
      0.8861111111111111,
      0.8972222222222223,
      0.8972222222222223,
      0.9083333333333333,
      0.9166666666666666,
      0.9194444444444444,
      0.9166666666666666,
      0.9138888888888889,
      0.9166666666666666,
      0.9138888888888889,
      0.9194444444444444,
      0.9166666666666666,
      0.9166666666666666,
      0.9194444444444444,
      0.9138888888888889,
      0.9194444444444444,
      0.9222222222222223,
      0.9222222222222223,
      0.9194444444444444,
      0.925,
      0.9333333333333333,
      0.9361111111111111,
      0.9361111111111111,
      0.9388888888888889,
      0.9388888888888889,
      0.9416666666666667
    ],
    "stds": [
      0.0,
      0.0,
      0.0,
      0.0,
      0.0,
      0.0,
      0.0,
      0.0,
      0.0,
      0.0,
      0.0,
      0.0,
      0.0,
      0.0,
      0.0,
      0.0,
      0.0,
      0.0,
      0.0,
      0.0,
      0.0,
      0.0,
      0.0,
      0.0,
      0.0,
      0.0,
      0.0,
      0.0,
      0.0,
      0.0
    ]
  },
  "comm_cost_sfedavg": {
    "means": [
      5816320.0,
      11632640.0,
      17448960.0,
      23265280.0,
      29081600.0,
      34897920.0,
      40714240.0,
      46530560.0,
      52346880.0,
      58163200.0,
      63979520.0,
      69795840.0,
      75612160.0,
      81428480.0,
      87244800.0,
      93061120.0,
      98877440.0,
      104693760.0,
      110510080.0,
      116326400.0,
      122142720.0,
      127959040.0,
      133775360.0,
      139591680.0,
      145408000.0,
      151224320.0,
      157040640.0,
      162856960.0,
      168673280.0,
      174489600.0
    ],
    "stds": [
      0.0,
      0.0,
      0.0,
      0.0,
      0.0,
      0.0,
      0.0,
      0.0,
      0.0,
      0.0,
      0.0,
      0.0,
      0.0,
      0.0,
      0.0,
      0.0,
      0.0,
      0.0,
      0.0,
      0.0,
      0.0,
      0.0,
      0.0,
      0.0,
      0.0,
      0.0,
      0.0,
      0.0,
      0.0,
      0.0
    ]
  },