{
  "FedAvg/train_loss": {
    "means": [
      1.219466209411621,
      0.9474493265151978,
      0.7317550778388977,
      0.6277244687080383,
      0.5990768671035767,
      0.5178926587104797,
      0.4766862094402313,
      0.4768390357494354,
      0.44860854744911194,
      0.41798046231269836,
      0.44096776843070984,
      0.41376155614852905,
      0.4011048972606659,
      0.3944264352321625,
      0.35662105679512024,
      0.33184170722961426,
      0.33306270837783813,
      0.33024030923843384,
      0.32968494296073914,
      0.3441410958766937,
      0.3394775688648224,
      0.31169357895851135,
      0.3101485073566437,
      0.31317681074142456,
      0.3119092881679535,
      0.30239298939704895,
      0.3004821240901947,
      0.2868911027908325,
      0.2959712743759155,
      0.30145588517189026
    ],
    "stds": [
      0.0,
      0.0,
      0.0,
      0.0,
      0.0,
      0.0,
      0.0,
      0.0,
      0.0,
      0.0,
      0.0,
      0.0,
      0.0,
      0.0,
      0.0,
      0.0,
      0.0,
      0.0,
      0.0,
      0.0,
      0.0,
      0.0,
      0.0,
      0.0,
      0.0,
      0.0,
      0.0,
      0.0,
      0.0,
      0.0
    ]
  },
  "FedAvg/test_accuracy": {
    "means": [
      0.5341666666666667,
      0.6270833333333333,
      0.7179166666666666,
      0.7575,
      0.7654166666666666,
      0.7904166666666667,
      0.8033333333333333,
      0.7904166666666667,
      0.7991666666666667,
      0.8204166666666667,
      0.8029166666666666,
      0.8170833333333334,
      0.8179166666666666,
      0.8095833333333333,
      0.84,
      0.8545833333333334,
      0.8475,
      0.83875,
      0.8445833333333334,
      0.83125,
      0.8366666666666667,
      0.85125,
      0.8554166666666667,
      0.8508333333333333,
      0.8483333333333334,
      0.8558333333333333,
      0.8475,
      0.8633333333333333,
      0.8516666666666667,
      0.8466666666666667
    ],
    "stds": [
      0.0,
      0.0,
      0.0,
      0.0,
      0.0,
      0.0,
      0.0,
      0.0,
      0.0,
      0.0,
      0.0,
      0.0,
      0.0,
      0.0,
      0.0,
      0.0,
      0.0,
      0.0,
      0.0,
      0.0,
      0.0,
      0.0,
      0.0,
      0.0,
      0.0,
      0.0,
      0.0,
      0.0,
      0.0,
      0.0
    ]
  },
  "FedAvg/communication_bytes": {
    "means": [
      16000.0,
      32000.0,
      48000.0,
      64000.0,
      80000.0,
      96000.0,
      112000.0,
      128000.0,
      144000.0,
      160000.0,
      176000.0,
      192000.0,
      208000.0,
      224000.0,
      240000.0,
      256000.0,
      272000.0,
      288000.0,
      304000.0,
      320000.0,
      336000.0,
      352000.0,
      368000.0,
      384000.0,
      400000.0,
      416000.0,
      432000.0,
      448000.0,
      464000.0,
      480000.0
    ],
    "stds": [
      0.0,
      0.0,
      0.0,
      0.0,
      0.0,
      0.0,
      0.0,
      0.0,
      0.0,
      0.0,
      0.0,
      0.0,
      0.0,
      0.0,
      0.0,
      0.0,
      0.0,
      0.0,
      0.0,
      0.0,
      0.0,
      0.0,
      0.0,
      0.0,
      0.0,
      0.0,
      0.0,
      0.0,
      0.0,
      0.0
    ]
  },
  "SFedAvg/train_loss": {
    "means": [
      2.303443193435669,
      2.304746389389038,
      2.3040685653686523,
      2.3025403022766113,
      2.3003835678100586,
      2.3003792762756348,
      2.291508436203003,
      2.2888052463531494,
      2.287938117980957,
      2.292762041091919,
      2.2925775051116943,
      2.290052890777588,
      2.2863948345184326,
      2.285818576812744,
      2.2851738929748535,
      2.283249616622925,
      2.284869909286499,
      2.2840168476104736,
      2.2858011722564697,
      2.2857885360717773,
      2.2787065505981445,
      2.278435468673706,
      2.2785208225250244,
      2.276958703994751,
      2.2740707397460938,
      2.276047468185425,
      2.276534080505371,
      2.275871515274048,
      2.2744274139404297,
      2.2745161056518555
    ],
    "stds": [
      0.0,
      0.0,
      0.0,
      0.0,
      0.0,
      0.0,
      0.0,
      0.0,
      0.0,
      0.0,
      0.0,
      0.0,
      0.0,
      0.0,
      0.0,
      0.0,
      0.0,
      0.0,
      0.0,
      0.0,
      0.0,
      0.0,
      0.0,
      0.0,
      0.0,
      0.0,
      0.0,
      0.0,
      0.0,
      0.0
    ]
  },
  "SFedAvg/test_accuracy": {
    "means": [
      0.09708333333333333,
      0.09666666666666666,
      0.10125,
      0.11333333333333333,
      0.12208333333333334,
      0.12291666666666666,
      0.13708333333333333,
      0.13875,
      0.14333333333333334,
      0.13708333333333333,
      0.13041666666666665,
      0.14208333333333334,
      0.1425,
      0.14583333333333334,
      0.14083333333333334,
      0.15,
      0.14375,
      0.14708333333333334,
      0.14375,
      0.14625,
      0.14625,
      0.1475,
      0.14583333333333334,
      0.14791666666666667,
      0.14666666666666667,
      0.14666666666666667,
      0.14791666666666667,
      0.14708333333333334,
      0.14333333333333334,
      0.14208333333333334
    ],
    "stds": [
      0.0,
      0.0,
      0.0,
      0.0,
      0.0,
      0.0,
      0.0,
      0.0,
      0.0,
      0.0,
      0.0,
      0.0,
      0.0,
      0.0,
      0.0,
      0.0,
      0.0,
      0.0,
      0.0,
      0.0,
      0.0,
      0.0,
      0.0,
      0.0,
      0.0,
      0.0,
      0.0,
      0.0,
      0.0,
      0.0
    ]
  },
  "SFedAvg/communication_bytes": {
    "means": [
      8024.0,
      16048.0,
      24072.0,
      32096.0,
      40120.0,
      48144.0,
      56168.0,
      64192.0,
      72216.0,
      80240.0,
      88264.0,
      96288.0,
      104312.0,
      112336.0,
      120360.0,
      128384.0,
      136408.0,
      144432.0,
      152456.0,
      160480.0,
      168504.0,
      176528.0,
      184552.0,
      192576.0,
      200600.0,
      208624.0,
      216648.0,
      224672.0,
      232696.0,
      240720.0
    ],
    "stds": [
      0.0,
      0.0,
      0.0,
      0.0,
      0.0,
      0.0,
      0.0,
      0.0,
      0.0,
      0.0,
      0.0,
      0.0,
      0.0,
      0.0,
      0.0,
      0.0,
      0.0,
      0.0,
      0.0,
      0.0,
      0.0,
      0.0,
      0.0,
      0.0,
      0.0,
      0.0,
      0.0,
      0.0,
      0.0,
      0.0
    ]
  }
}