{
  "train_loss_sfedavg": {
    "means": [
      2.052046895733942,
      1.7943122030929448,
      1.5670095410489644,
      1.4554721791633116,
      1.284856830289926,
      1.1636207639553224,
      1.1020885594710217,
      1.0209976576315551,
      0.9373244612304588,
      0.890938268881767,
      0.8180862100205317,
      0.7736104784543758,
      0.7380248221974474,
      0.6955972644594662,
      0.6679630429888025,
      0.6439154904026921,
      0.6238874735741933,
      0.6094640331156979,
      0.5976563081339125,
      0.5762644581482714,
      0.5553004265527123,
      0.5380698143984489,
      0.5251706392839129,
      0.5126258210007664,
      0.5026652435873615,
      0.488391052548889,
      0.4796177527610241,
      0.469998167232454,
      0.46168857282100795,
      0.4508524605429389,
      0.4416729384261285,
      0.43535663480526826,
      0.4248118688395102,
      0.4173967556534653,
      0.40983815841037974,
      0.40519858448257107,
      0.3984589323349717,
      0.39306261286948235,
      0.3846334538235932,
      0.3782084163022461,
      0.37197038518909004,
      0.36805806242399697,
      0.36247148808431784,
      0.3565495490600038,
      0.3535334832294996,
      0.3508133610212941,
      0.3469169285600495,
      0.34322387009872535,
      0.33919527469770183,
      0.3366764306457835,
      0.3340794701283607,
      0.33134142449398735,
      0.32837814831674184,
      0.32351613595173756,
      0.3206841786330713,
      0.3170842170382842,
      0.31368520358177326,
      0.3103585542215258,
      0.30792316510523565,
      0.3053680660228068
    ],
    "stds": [
      0.0,
      0.0,
      0.0,
      0.0,
      0.0,
      0.0,
      0.0,
      0.0,
      0.0,
      0.0,
      0.0,
      0.0,
      0.0,
      0.0,
      0.0,
      0.0,
      0.0,
      0.0,
      0.0,
      0.0,
      0.0,
      0.0,
      0.0,
      0.0,
      0.0,
      0.0,
      0.0,
      0.0,
      0.0,
      0.0,
      0.0,
      0.0,
      0.0,
      0.0,
      0.0,
      0.0,
      0.0,
      0.0,
      0.0,
      0.0,
      0.0,
      0.0,
      0.0,
      0.0,
      0.0,
      0.0,
      0.0,
      0.0,
      0.0,
      0.0,
      0.0,
      0.0,
      0.0,
      0.0,
      0.0,
      0.0,
      0.0,
      0.0,
      0.0,
      0.0
    ]
  },
  "test_acc_sfedavg": {
    "means": [
      0.48333333333333334,
      0.6222222222222222,
      0.7111111111111111,
      0.7694444444444445,
      0.7861111111111111,
      0.7972222222222223,
      0.8,
      0.8388888888888889,
      0.8527777777777777,
      0.8611111111111112,
      0.8638888888888889,
      0.8611111111111112,
      0.8638888888888889,
      0.8722222222222222,
      0.875,
      0.8777777777777778,
      0.8777777777777778,
      0.8805555555555555,
      0.875,
      0.8805555555555555,
      0.8916666666666667,
      0.8972222222222223,
      0.9027777777777778,
      0.9027777777777778,
      0.9027777777777778,
      0.9027777777777778,
      0.8972222222222223,
      0.8972222222222223,
      0.9027777777777778,
      0.9055555555555556,
      0.9055555555555556,
      0.9083333333333333,
      0.9083333333333333,
      0.9055555555555556,
      0.9027777777777778,
      0.9055555555555556,
      0.9083333333333333,
      0.9083333333333333,
      0.9083333333333333,
      0.9083333333333333,
      0.9083333333333333,
      0.9111111111111111,
      0.9111111111111111,
      0.9111111111111111,
      0.9138888888888889,
      0.9138888888888889,
      0.9138888888888889,
      0.9138888888888889,
      0.9166666666666666,
      0.9166666666666666,
      0.9166666666666666,
      0.9166666666666666,
      0.9194444444444444,
      0.9166666666666666,
      0.9166666666666666,
      0.9166666666666666,
      0.9166666666666666,
      0.9194444444444444,
      0.9166666666666666,
      0.9222222222222223
    ],
    "stds": [
      0.0,
      0.0,
      0.0,
      0.0,
      0.0,
      0.0,
      0.0,
      0.0,
      0.0,
      0.0,
      0.0,
      0.0,
      0.0,
      0.0,
      0.0,
      0.0,
      0.0,
      0.0,
      0.0,
      0.0,
      0.0,
      0.0,
      0.0,
      0.0,
      0.0,
      0.0,
      0.0,
      0.0,
      0.0,
      0.0,
      0.0,
      0.0,
      0.0,
      0.0,
      0.0,
      0.0,
      0.0,
      0.0,
      0.0,
      0.0,
      0.0,
      0.0,
      0.0,
      0.0,
      0.0,
      0.0,
      0.0,
      0.0,
      0.0,
      0.0,
      0.0,
      0.0,
      0.0,
      0.0,
      0.0,
      0.0,
      0.0,
      0.0,
      0.0,
      0.0
    ]
  },
  "comm_MB_sfedavg": {
    "means": [
      1.68704,
      3.37408,
      5.061120000000001,
      6.74816,
      8.4352,
      10.12224,
      11.80928,
      13.496319999999999,
      15.183359999999999,
      16.8704,
      18.55744,
      20.24448,
      21.93152,
      23.61856,
      25.3056,
      26.992639999999998,
      28.679679999999998,
      30.366719999999997,
      32.05376,
      33.7408,
      35.42784,
      37.11488000000001,
      38.80192000000001,
      40.48896000000001,
      42.176000000000016,
      43.86304000000002,
      45.55008000000002,
      47.237120000000026,
      48.92416000000003,
      50.61120000000003,
      52.298240000000035,
      53.98528000000004,
      55.67232000000004,
      57.359360000000045,
      59.04640000000005,
      60.73344000000005,
      62.420480000000055,
      64.10752000000005,
      65.79456000000005,
      67.48160000000004,
      69.16864000000004,
      70.85568000000004,
      72.54272000000003,
      74.22976000000003,
      75.91680000000002,
      77.60384000000002,
      79.29088000000002,
      80.97792000000001,
      82.66496000000001,
      84.352,
      86.03904,
      87.72608,
      89.41311999999999,
      91.10015999999999,
      92.78719999999998,
      94.47423999999998,
      96.16127999999998,
      97.84831999999997,
      99.53535999999997,
      101.22239999999996
    ],
    "stds": [
      0.0,
      0.0,
      0.0,
      0.0,
      0.0,
      0.0,
      0.0,
      0.0,
      0.0,
      0.0,
      0.0,
      0.0,
      0.0,
      0.0,
      0.0,
      0.0,
      0.0,
      0.0,
      0.0,
      0.0,
      0.0,
      0.0,
      0.0,
      0.0,
      0.0,
      0.0,
      0.0,
      0.0,
      0.0,
      0.0,
      0.0,
      0.0,
      0.0,
      0.0,
      0.0,
      0.0,
      0.0,
      0.0,
      0.0,
      0.0,
      0.0,
      0.0,
      0.0,
      0.0,
      0.0,
      0.0,
      0.0,
      0.0,
      0.0,
      0.0,
      0.0,
      0.0,
      0.0,
      0.0,
      0.0,
      0.0,
      0.0,
      0.0,
      0.0,
      0.0
    ]
  }
}