{
  "train_loss": {
    "means": [
      0.6691689848899841,
      0.6687187767028808,
      0.6658694314956665,
      0.6644180750846863,
      0.6627457857131958,
      0.6579677844047547,
      0.6573218393325806,
      0.6560977053642273,
      0.6547017312049865,
      0.6536974573135376,
      0.6523485946655273,
      0.651544270515442,
      0.6492758202552795,
      0.6487987518310547,
      0.6487341928482055,
      0.6479237174987793,
      0.647031033039093,
      0.6452874398231506,
      0.6448441863059997,
      0.643597092628479,
      0.6407133579254151,
      0.6400582504272461,
      0.6397567248344421,
      0.6393773651123047,
      0.6381972074508667,
      0.6376175355911254,
      0.6371849727630615,
      0.6358550834655762,
      0.6356753826141357,
      0.634949049949646,
      0.6340601134300232,
      0.6337475085258484,
      0.6327010917663575,
      0.6323421049118042,
      0.631337604522705
    ],
    "stds": [
      0.0031826484539558687,
      0.003419639421602665,
      0.003492671103861062,
      0.003993739868174876,
      0.004225976928359734,
      0.004913296207219973,
      0.004972708880640236,
      0.0050622616336783435,
      0.005325615772257271,
      0.005915528991269206,
      0.006091312308389614,
      0.006009926050108884,
      0.0062086020600008755,
      0.006279238548940144,
      0.006147020639568644,
      0.006542374022872483,
      0.006583100743748793,
      0.006823536682538084,
      0.007132567013473488,
      0.007177504283795114,
      0.0077308550646623345,
      0.007831899210284939,
      0.007875394462354666,
      0.007943593612115326,
      0.00817116439737022,
      0.008151580346450507,
      0.008125429089673382,
      0.008247189954054265,
      0.008312367364207417,
      0.008752024651328098,
      0.008927625203025308,
      0.008953690934587833,
      0.009245079891913978,
      0.009565557182233331,
      0.009720334350559892
    ]
  },
  "test_accuracy": {
    "means": [
      0.661,
      0.6456666666666667,
      0.6483333333333333,
      0.6456666666666667,
      0.647,
      0.641,
      0.635,
      0.6383333333333333,
      0.6326666666666667,
      0.627,
      0.63,
      0.6323333333333333,
      0.6373333333333333,
      0.637,
      0.6393333333333333,
      0.6396666666666667,
      0.635,
      0.638,
      0.6316666666666667,
      0.639,
      0.6343333333333333,
      0.6343333333333333,
      0.631,
      0.6333333333333333,
      0.64,
      0.6393333333333333,
      0.64,
      0.646,
      0.6443333333333333,
      0.6413333333333333,
      0.637,
      0.637,
      0.6373333333333333,
      0.636,
      0.637
    ],
    "stds": [
      0.0,
      0.0,
      0.0,
      0.0,
      0.0,
      0.0,
      0.0,
      0.0,
      0.0,
      0.0,
      0.0,
      0.0,
      0.0,
      0.0,
      0.0,
      0.0,
      0.0,
      0.0,
      0.0,
      0.0,
      0.0,
      0.0,
      0.0,
      0.0,
      0.0,
      0.0,
      0.0,
      0.0,
      0.0,
      0.0,
      0.0,
      0.0,
      0.0,
      0.0,
      0.0
    ]
  },
  "communication_MB": {
    "means": [
      0.5584716796875,
      1.116943359375,
      1.6754150390625,
      2.23388671875,
      2.7923583984375,
      3.350830078125,
      3.9093017578125,
      4.4677734375,
      5.0262451171875,
      5.584716796875,
      6.1431884765625,
      6.70166015625,
      7.2601318359375,
      7.818603515625,
      8.3770751953125,
      8.935546875,
      9.4940185546875,
      10.052490234375,
      10.6109619140625,
      11.16943359375,
      11.7279052734375,
      12.286376953125,
      12.8448486328125,
      13.4033203125,
      13.9617919921875,
      14.520263671875,
      15.0787353515625,
      15.63720703125,
      16.1956787109375,
      16.754150390625,
      17.3126220703125,
      17.87109375,
      18.4295654296875,
      18.988037109375,
      19.5465087890625
    ],
    "stds": [
      0.0,
      0.0,
      0.0,
      0.0,
      0.0,
      0.0,
      0.0,
      0.0,
      0.0,
      0.0,
      0.0,
      0.0,
      0.0,
      0.0,
      0.0,
      0.0,
      0.0,
      0.0,
      0.0,
      0.0,
      0.0,
      0.0,
      0.0,
      0.0,
      0.0,
      0.0,
      0.0,
      0.0,
      0.0,
      0.0,
      0.0,
      0.0,
      0.0,
      0.0,
      0.0
    ]
  }
}