{
  "train_loss": {
    "means": [
      0.6723164677619934,
      0.6617875854174297,
      0.6584597865740458,
      0.653461237748464,
      0.6500878691673279,
      0.6409569064776103,
      0.6344372828801473,
      0.6338239312171936,
      0.6330800970395406,
      0.626532793045044,
      0.6266169508298238,
      0.6204763372739156,
      0.6197399139404297,
      0.6183836817741394,
      0.6153246521949768,
      0.614523442586263,
      0.6133550723393758,
      0.6118767937024434,
      0.6120885372161865,
      0.6086575945218404,
      0.6099417686462403,
      0.6082373261451721,
      0.6082907160123189,
      0.6083258112271627,
      0.6061839580535888,
      0.6053753614425659,
      0.6043698628743489,
      0.6036221265792847,
      0.6042438666025798,
      0.6038564642270406,
      0.6041896104812622,
      0.6037360350290935,
      0.6038942575454712,
      0.6021534125010173,
      0.6012666424115499,
      0.6023301839828491,
      0.6024817824363708,
      0.6036713282267253,
      0.6044178009033203,
      0.6043786923090617,
      0.6045067071914673,
      0.6035507162412007,
      0.6044195214907329,
      0.6036714156468709,
      0.6031409064928691,
      0.6042139848073323,
      0.6031607111295064,
      0.6037588795026143,
      0.6037060101826985,
      0.6038602034250895
    ],
    "stds": [
      0.0026702945941713754,
      0.005009222042255335,
      0.005983425929891193,
      0.006082538481087915,
      0.006815756731116099,
      0.007702691837642852,
      0.008596692332622266,
      0.00903299803424507,
      0.010026656302284252,
      0.010264695303930522,
      0.010800054307039167,
      0.011409747131158518,
      0.0116284710548725,
      0.011668781850690809,
      0.011518092932956697,
      0.011896149473700589,
      0.012180265355450463,
      0.012701807439184658,
      0.01275463207169695,
      0.012985700956442948,
      0.013589528561469435,
      0.014286116464657222,
      0.014638411782636971,
      0.014890305059086782,
      0.015045225961906064,
      0.015164443471692206,
      0.015060957487599762,
      0.014715712159166078,
      0.014909633736219773,
      0.015067360202454323,
      0.015413053711475298,
      0.015686970036540203,
      0.015700353079547983,
      0.01606922574253523,
      0.015993129449821595,
      0.016925290793731642,
      0.017087511756394096,
      0.017059222950872407,
      0.01634292069900084,
      0.01624266618804865,
      0.016183880563704827,
      0.015866784407801347,
      0.01615703446464569,
      0.0161555983142705,
      0.015305500491738575,
      0.014684228955549855,
      0.01513953065529229,
      0.015609299936870371,
      0.015919383585181836,
      0.016039299520466396
    ]
  },
  "test_accuracy": {
    "means": [
      0.62425,
      0.618,
      0.6055,
      0.61725,
      0.6195,
      0.63575,
      0.6395,
      0.6345,
      0.632,
      0.64475,
      0.63825,
      0.65,
      0.6515,
      0.651,
      0.65225,
      0.654,
      0.66225,
      0.66275,
      0.65725,
      0.66175,
      0.6625,
      0.6635,
      0.661,
      0.6555,
      0.66475,
      0.66725,
      0.66475,
      0.663,
      0.66275,
      0.6655,
      0.66175,
      0.6655,
      0.6655,
      0.66275,
      0.66425,
      0.66425,
      0.6585,
      0.65825,
      0.6595,
      0.66125,
      0.66,
      0.66125,
      0.65625,
      0.661,
      0.65925,
      0.6615,
      0.66225,
      0.663,
      0.665,
      0.661
    ],
    "stds": [
      0.0,
      0.0,
      0.0,
      0.0,
      0.0,
      0.0,
      0.0,
      0.0,
      0.0,
      0.0,
      0.0,
      0.0,
      0.0,
      0.0,
      0.0,
      0.0,
      0.0,
      0.0,
      0.0,
      0.0,
      0.0,
      0.0,
      0.0,
      0.0,
      0.0,
      0.0,
      0.0,
      0.0,
      0.0,
      0.0,
      0.0,
      0.0,
      0.0,
      0.0,
      0.0,
      0.0,
      0.0,
      0.0,
      0.0,
      0.0,
      0.0,
      0.0,
      0.0,
      0.0,
      0.0,
      0.0,
      0.0,
      0.0,
      0.0,
      0.0
    ]
  },
  "communication_MB": {
    "means": [
      0.1251220703125,
      0.250244140625,
      0.3753662109375,
      0.50048828125,
      0.6256103515625,
      0.750732421875,
      0.8758544921875,
      1.0009765625,
      1.1260986328125,
      1.251220703125,
      1.3763427734375,
      1.50146484375,
      1.6265869140625,
      1.751708984375,
      1.8768310546875,
      2.001953125,
      2.1270751953125,
      2.252197265625,
      2.3773193359375,
      2.50244140625,
      2.6275634765625,
      2.752685546875,
      2.8778076171875,
      3.0029296875,
      3.1280517578125,
      3.253173828125,
      3.3782958984375,
      3.50341796875,
      3.6285400390625,
      3.753662109375,
      3.8787841796875,
      4.00390625,
      4.1290283203125,
      4.254150390625,
      4.3792724609375,
      4.50439453125,
      4.6295166015625,
      4.754638671875,
      4.8797607421875,
      5.0048828125,
      5.1300048828125,
      5.255126953125,
      5.3802490234375,
      5.50537109375,
      5.6304931640625,
      5.755615234375,
      5.8807373046875,
      6.005859375,
      6.1309814453125,
      6.256103515625
    ],
    "stds": [
      0.0,
      0.0,
      0.0,
      0.0,
      0.0,
      0.0,
      0.0,
      0.0,
      0.0,
      0.0,
      0.0,
      0.0,
      0.0,
      0.0,
      0.0,
      0.0,
      0.0,
      0.0,
      0.0,
      0.0,
      0.0,
      0.0,
      0.0,
      0.0,
      0.0,
      0.0,
      0.0,
      0.0,
      0.0,
      0.0,
      0.0,
      0.0,
      0.0,
      0.0,
      0.0,
      0.0,
      0.0,
      0.0,
      0.0,
      0.0,
      0.0,
      0.0,
      0.0,
      0.0,
      0.0,
      0.0,
      0.0,
      0.0,
      0.0,
      0.0
    ]
  }
}