{
  "train_loss_fedavg": {
    "means": [
      1.6032991636105047,
      1.2082488320749434,
      0.9764734523162389,
      0.8235642773497436,
      0.7194254407085509,
      0.6438400586910704,
      0.5857700155144491,
      0.5397410839646125,
      0.5025726024675663,
      0.47119759181392995,
      0.4447319696766247,
      0.42224406243571394,
      0.40313105393566734,
      0.38580529817774506,
      0.37145750069684486,
      0.3579937089602673,
      0.3459838794924865,
      0.3351505254594437,
      0.32562491113770886,
      0.3165545522728358,
      0.30755678508108214,
      0.29972272384533694,
      0.29278490162818144,
      0.2865827611354918,
      0.2806318360981369,
      0.27456644512747225,
      0.2694964582376306,
      0.26413591822082727,
      0.25928649500661866,
      0.25494028953754383,
      0.25069198040989216,
      0.2465764893701671,
      0.24313020413024605,
      0.23905753000883578,
      0.23566223370706457,
      0.23226229402379536,
      0.22902508223123513,
      0.2260831538997301,
      0.22330740865295867,
      0.22069078417763466
    ],
    "stds": [
      0.0,
      0.0,
      0.0,
      0.0,
      0.0,
      0.0,
      0.0,
      0.0,
      0.0,
      0.0,
      0.0,
      0.0,
      0.0,
      0.0,
      0.0,
      0.0,
      0.0,
      0.0,
      0.0,
      0.0,
      0.0,
      0.0,
      0.0,
      0.0,
      0.0,
      0.0,
      0.0,
      0.0,
      0.0,
      0.0,
      0.0,
      0.0,
      0.0,
      0.0,
      0.0,
      0.0,
      0.0,
      0.0,
      0.0,
      0.0
    ]
  },
  "test_acc_fedavg": {
    "means": [
      0.8166666666666667,
      0.85,
      0.8833333333333333,
      0.8916666666666667,
      0.9027777777777778,
      0.9,
      0.9111111111111111,
      0.9138888888888889,
      0.9194444444444444,
      0.9305555555555556,
      0.9222222222222223,
      0.9277777777777778,
      0.9305555555555556,
      0.925,
      0.925,
      0.9277777777777778,
      0.9361111111111111,
      0.9305555555555556,
      0.9333333333333333,
      0.9388888888888889,
      0.9416666666666667,
      0.9416666666666667,
      0.9444444444444444,
      0.9444444444444444,
      0.9444444444444444,
      0.95,
      0.9555555555555556,
      0.9555555555555556,
      0.9555555555555556,
      0.9555555555555556,
      0.9472222222222222,
      0.9472222222222222,
      0.9472222222222222,
      0.9583333333333334,
      0.9583333333333334,
      0.9583333333333334,
      0.9583333333333334,
      0.9611111111111111,
      0.9611111111111111,
      0.9611111111111111
    ],
    "stds": [
      0.0,
      0.0,
      0.0,
      0.0,
      0.0,
      0.0,
      0.0,
      0.0,
      0.0,
      0.0,
      0.0,
      0.0,
      0.0,
      0.0,
      0.0,
      0.0,
      0.0,
      0.0,
      0.0,
      0.0,
      0.0,
      0.0,
      0.0,
      0.0,
      0.0,
      0.0,
      0.0,
      0.0,
      0.0,
      0.0,
      0.0,
      0.0,
      0.0,
      0.0,
      0.0,
      0.0,
      0.0,
      0.0,
      0.0,
      0.0
    ]
  },
  "comm_MB_fedavg": {
    "means": [
      0.03328,
      0.06656,
      0.09983999999999998,
      0.13312,
      0.1664,
      0.19968,
      0.23296,
      0.26624,
      0.29951999999999995,
      0.33279999999999993,
      0.3660799999999999,
      0.3993599999999999,
      0.43263999999999986,
      0.46591999999999983,
      0.4991999999999998,
      0.5324799999999998,
      0.5657599999999998,
      0.5990399999999998,
      0.6323199999999998,
      0.6655999999999997,
      0.6988799999999997,
      0.7321599999999997,
      0.7654399999999997,
      0.7987199999999997,
      0.8319999999999996,
      0.8652799999999996,
      0.8985599999999996,
      0.9318399999999996,
      0.9651199999999995,
      0.9983999999999995,
      1.0316799999999995,
      1.0649599999999995,
      1.0982399999999994,
      1.1315199999999994,
      1.1647999999999994,
      1.1980799999999994,
      1.2313599999999993,
      1.2646399999999993,
      1.2979199999999993,
      1.3311999999999993
    ],
    "stds": [
      0.0,
      0.0,
      0.0,
      0.0,
      0.0,
      0.0,
      0.0,
      0.0,
      0.0,
      0.0,
      0.0,
      0.0,
      0.0,
      0.0,
      0.0,
      0.0,
      0.0,
      0.0,
      0.0,
      0.0,
      0.0,
      0.0,
      0.0,
      0.0,
      0.0,
      0.0,
      0.0,
      0.0,
      0.0,
      0.0,
      0.0,
      0.0,
      0.0,
      0.0,
      0.0,
      0.0,
      0.0,
      0.0,
      0.0,
      0.0
    ]
  },
  "train_loss_sfedavg": {
    "means": [
      1.8139960444352634,
      1.4265271830831283,
      1.1616745235595378,
      0.9389343921700044,
      0.8141253716151269,
      0.7082914580785186,
      0.6351546820997678,
      0.5815400864719639,
      0.5370124253354769,
      0.49649689552479964,
      0.469757678217623,
      0.4455086286432358,
      0.421293963388372,
      0.4037872126658968,
      0.3868274450536136,
      0.37188471450889893,
      0.3602238503364382,
      0.3458145993535666,
      0.33629646462294593,
      0.32606229243277207,
      0.31619034084918846,
      0.3075378099693158,
      0.3016759296621444,
      0.2949603919395965,
      0.28818800961553276,
      0.2829193286592394,
      0.2767393409475511,
      0.27186049571477705,
      0.2660211323301077,
      0.26009738429388035,
      0.2548270014636425,
      0.25126054333265807,
      0.2472989553302125,
      0.2428616627064045,
      0.23933670494641296,
      0.23612364351823426,
      0.23228258359706014,
      0.22918007298550175,
      0.22586520000955287,
      0.22377603888588618
    ],
    "stds": [
      0.0,
      0.0,
      0.0,
      0.0,
      0.0,
      0.0,
      0.0,
      0.0,
      0.0,
      0.0,
      0.0,
      0.0,
      0.0,
      0.0,
      0.0,
      0.0,
      0.0,
      0.0,
      0.0,
      0.0,
      0.0,
      0.0,
      0.0,
      0.0,
      0.0,
      0.0,
      0.0,
      0.0,
      0.0,
      0.0,
      0.0,
      0.0,
      0.0,
      0.0,
      0.0,
      0.0,
      0.0,
      0.0,
      0.0,
      0.0
    ]
  },
  "test_acc_sfedavg": {
    "means": [
      0.6333333333333333,
      0.7055555555555556,
      0.7916666666666666,
      0.8138888888888889,
      0.8527777777777777,
      0.8722222222222222,
      0.875,
      0.8805555555555555,
      0.8888888888888888,
      0.8805555555555555,
      0.8833333333333333,
      0.8916666666666667,
      0.8972222222222223,
      0.9083333333333333,
      0.9138888888888889,
      0.9111111111111111,
      0.9166666666666666,
      0.9138888888888889,
      0.9166666666666666,
      0.9194444444444444,
      0.9194444444444444,
      0.9194444444444444,
      0.9194444444444444,
      0.9222222222222223,
      0.9222222222222223,
      0.925,
      0.9277777777777778,
      0.925,
      0.925,
      0.9305555555555556,
      0.9305555555555556,
      0.9361111111111111,
      0.9361111111111111,
      0.9361111111111111,
      0.9361111111111111,
      0.9361111111111111,
      0.9333333333333333,
      0.9333333333333333,
      0.9333333333333333,
      0.9361111111111111
    ],
    "stds": [
      0.0,
      0.0,
      0.0,
      0.0,
      0.0,
      0.0,
      0.0,
      0.0,
      0.0,
      0.0,
      0.0,
      0.0,
      0.0,
      0.0,
      0.0,
      0.0,
      0.0,
      0.0,
      0.0,
      0.0,
      0.0,
      0.0,
      0.0,
      0.0,
      0.0,
      0.0,
      0.0,
      0.0,
      0.0,
      0.0,
      0.0,
      0.0,
      0.0,
      0.0,
      0.0,
      0.0,
      0.0,
      0.0,
      0.0,
      0.0
    ]
  },