{
  "train_loss/FedAvg": {
    "means": [
      0.934536596286583,
      0.6364476948560466,
      0.5042034232547935,
      0.42803369380336975,
      0.2923623731516353,
      0.24001303932335896,
      0.21334778550615088,
      0.19091544084554504,
      0.1730809712467827,
      0.15901511393708895,
      0.15017500609738146,
      0.14081077647914567,
      0.13198661740451076,
      0.12549402147231886,
      0.12171883118676685,
      0.11660977875917167,
      0.11215350303174489,
      0.1085027521938941,
      0.106100496996911,
      0.1026902727532687,
      0.09991685477607773,
      0.09749157033719899,
      0.09573916180711602,
      0.09344717625587559,
      0.09130422059368333,
      0.08960854931168462,
      0.08836697780314148,
      0.08672561849664742,
      0.08492029398796573,
      0.08367510406642566,
      0.08274802409130472,
      0.081448558972505,
      0.07990684958037818,
      0.0789383002925789,
      0.07819601354523843,
      0.07711213460185369,
      0.07578567144965152,
      0.0749867900556682,
      0.07436645076202188,
      0.07344613885159988,
      0.0722875643814716,
      0.07160602316229207,
      0.07107469947778738,
      0.07028325571329246,
      0.06925406858333065,
      0.06866605908995559,
      0.06820191084875185,
      0.06751038381195516,
      0.06658334392388535,
      0.06607273528134289,
      0.06566081777891322,
      0.06504777431399683,
      0.06420455688838135,
      0.06375677096790718,
      0.0633872704455073,
      0.06283823890988093,
      0.0620659285397562,
      0.0616687877060908,
      0.06133487703418685,
      0.06083971582075436,
      0.06012847571549872,
      0.05977289783378827,
      0.05946928821314998,
      0.05902014668019746,
      0.05836205046752874,
      0.058041386569501245,
      0.057763805348713886,
      0.05735425913136722,
      0.056742749158146505,
      0.056451897081208104,
      0.05619691981772221,
      0.05582168707341822,
      0.055251282016112686,
      0.05498615309001514,
      0.054751027554985336,
      0.05440578347058725,
      0.0538718750659732,
      0.05362913326429513,
      0.053411591608292015,
      0.05309277047264336
    ],
    "stds": [
      0.0,
      0.0,
      0.0,
      0.0,
      0.0,
      0.0,
      0.0,
      0.0,
      0.0,
      0.0,
      0.0,
      0.0,
      0.0,
      0.0,
      0.0,
      0.0,
      0.0,
      0.0,
      0.0,
      0.0,
      0.0,
      0.0,
      0.0,
      0.0,
      0.0,
      0.0,
      0.0,
      0.0,
      0.0,
      0.0,
      0.0,
      0.0,
      0.0,
      0.0,
      0.0,
      0.0,
      0.0,
      0.0,
      0.0,
      0.0,
      0.0,
      0.0,
      0.0,
      0.0,
      0.0,
      0.0,
      0.0,
      0.0,
      0.0,
      0.0,
      0.0,
      0.0,
      0.0,
      0.0,
      0.0,
      0.0,
      0.0,
      0.0,
      0.0,
      0.0,
      0.0,
      0.0,
      0.0,
      0.0,
      0.0,
      0.0,
      0.0,
      0.0,
      0.0,
      0.0,
      0.0,
      0.0,
      0.0,
      0.0,
      0.0,
      0.0,
      0.0,
      0.0,
      0.0,
      0.0
    ]
  },
  "test_accuracy/FedAvg": {
    "means": [
      0.8416666666666667,
      0.8833333333333333,
      0.9111111111111111,
      0.9138888888888889,
      0.9166666666666666,
      0.9194444444444444,
      0.925,
      0.9277777777777778,
      0.9277777777777778,
      0.9361111111111111,
      0.9361111111111111,
      0.9333333333333333,
      0.9472222222222222,
      0.9416666666666667,
      0.9416666666666667,
      0.9416666666666667,
      0.9583333333333334,
      0.9527777777777777,
      0.9583333333333334,
      0.9583333333333334,
      0.9611111111111111,
      0.9638888888888889,
      0.9611111111111111,
      0.9611111111111111,
      0.9611111111111111,
      0.9638888888888889,
      0.9611111111111111,
      0.9638888888888889,
      0.9611111111111111,
      0.9611111111111111,
      0.9611111111111111,
      0.9666666666666667,
      0.9666666666666667,
      0.9611111111111111,
      0.9583333333333334,
      0.9638888888888889,
      0.9666666666666667,
      0.9611111111111111,
      0.9583333333333334,
      0.9638888888888889,
      0.9666666666666667,
      0.9638888888888889,
      0.9666666666666667,
      0.9666666666666667,
      0.9666666666666667,
      0.9638888888888889,
      0.9666666666666667,
      0.9666666666666667,
      0.9666666666666667,
      0.9638888888888889,
      0.9666666666666667,
      0.9694444444444444,
      0.9666666666666667,
      0.9638888888888889,
      0.9666666666666667,
      0.9694444444444444,
      0.9666666666666667,
      0.9638888888888889,
      0.9666666666666667,
      0.9694444444444444,
      0.9694444444444444,
      0.9638888888888889,
      0.9666666666666667,
      0.9694444444444444,
      0.9694444444444444,
      0.9666666666666667,
      0.9666666666666667,
      0.9694444444444444,
      0.9694444444444444,
      0.9666666666666667,
      0.9666666666666667,
      0.9694444444444444,
      0.9666666666666667,
      0.9666666666666667,
      0.9666666666666667,
      0.9694444444444444,
      0.9666666666666667,
      0.9666666666666667,
      0.9666666666666667,
      0.9694444444444444
    ],
    "stds": [
      0.0,
      0.0,
      0.0,
      0.0,
      0.0,
      0.0,
      0.0,
      0.0,
      0.0,
      0.0,
      0.0,
      0.0,
      0.0,
      0.0,
      0.0,
      0.0,
      0.0,
      0.0,
      0.0,
      0.0,
      0.0,
      0.0,
      0.0,
      0.0,
      0.0,
      0.0,
      0.0,
      0.0,
      0.0,
      0.0,
      0.0,
      0.0,
      0.0,
      0.0,
      0.0,
      0.0,
      0.0,
      0.0,
      0.0,
      0.0,
      0.0,
      0.0,
      0.0,
      0.0,
      0.0,
      0.0,
      0.0,
      0.0,
      0.0,
      0.0,
      0.0,
      0.0,
      0.0,
      0.0,
      0.0,
      0.0,
      0.0,
      0.0,
      0.0,
      0.0,
      0.0,
      0.0,
      0.0,
      0.0,
      0.0,
      0.0,
      0.0,
      0.0,
      0.0,
      0.0,
      0.0,
      0.0,
      0.0,
      0.0,
      0.0,
      0.0,
      0.0,
      0.0,
      0.0,
      0.0
    ]
  },
  "cumulative_comm_params/FedAvg": {
    "means": [
      6400,
      12800,
      19200,
      25600,
      32000,
      38400,
      44800,
      51200,
      57600,
      64000,
      70400,
      76800,
      83200,
      89600,
      96000,
      102400,
      108800,
      115200,
      121600,
      128000,
      134400,
      140800,
      147200,
      153600,
      160000,
      166400,
      172800,
      179200,
      185600,
      192000,
      198400,
      204800,
      211200,
      217600,
      224000,
      230400,
      236800,
      243200,
      249600,
      256000,
      262400,
      268800,
      275200,
      281600,
      288000,
      294400,
      300800,
      307200,
      313600,
      320000,
      326400,
      332800,
      339200,
      345600,
      352000,
      358400,
      364800,
      371200,
      377600,
      384000,
      390400,
      396800,
      403200,
      409600,
      416000,
      422400,
      428800,
      435200,
      441600,
      448000,
      454400,
      460800,
      467200,
      473600,
      480000,
      486400,
      492800,
      499200,
      505600,
      512000
    ],