{
  "train_loss": {
    "means": [
      1.3971161107029721,
      0.9020495817918067,
      0.6879540647496746,
      0.5525567380037564,
      0.4770287675024419,
      0.42909952289482833,
      0.37819110227379416,
      0.3484845531593924,
      0.3241127231946627,
      0.29822784243638356,
      0.2755138120675574,
      0.26117822283270015,
      0.2509873880792653,
      0.2382429326097761,
      0.22931269775234736,
      0.22077252909348766,
      0.21366514992374422,
      0.20635818587428434,
      0.19977984364983647,
      0.1935481201459308,
      0.1880148996395796,
      0.18179982183292162,
      0.17497031368438234,
      0.17034925428426437,
      0.16464105520171377,
      0.16144387563784388,
      0.15752951205564225,
      0.15453964821568136,
      0.15122185087146942,
      0.14882600983607205,
      0.14684564392560204,
      0.14448996723625895,
      0.14264184865067714,
      0.13907466159477475,
      0.1379417097054878,
      0.13702093616417071,
      0.13450298228442562,
      0.13161231891416747,
      0.12972099142140897,
      0.1283995653275897
    ],
    "stds": [
      0.0,
      0.0,
      0.0,
      0.0,
      0.0,
      0.0,
      0.0,
      0.0,
      0.0,
      0.0,
      0.0,
      0.0,
      0.0,
      0.0,
      0.0,
      0.0,
      0.0,
      0.0,
      0.0,
      0.0,
      0.0,
      0.0,
      0.0,
      0.0,
      0.0,
      0.0,
      0.0,
      0.0,
      0.0,
      0.0,
      0.0,
      0.0,
      0.0,
      0.0,
      0.0,
      0.0,
      0.0,
      0.0,
      0.0,
      0.0
    ]
  },
  "test_loss": {
    "means": [
      1.3480690413212215,
      0.892590334634137,
      0.699694053038287,
      0.578730114779654,
      0.5061160764664625,
      0.4653107376262224,
      0.41389808266955586,
      0.37552234371284887,
      0.3541481233430431,
      0.3227133166341149,
      0.301604712512361,
      0.2865580655563022,
      0.2788433750383224,
      0.26437740775811636,
      0.2531546779786013,
      0.23811837571688008,
      0.23514338323508016,
      0.2277799199656947,
      0.2236979324719572,
      0.21906074957553665,
      0.2172472636921989,
      0.2113136754501188,
      0.20261318494794395,
      0.19693250237011187,
      0.18984103104726616,
      0.18762536275576744,
      0.18533547317899182,
      0.18136149463561504,
      0.1792227092956048,
      0.17709984243084897,
      0.17696045769107444,
      0.1734281328274925,
      0.17146829390227597,
      0.1708850232183566,
      0.16961760255986622,
      0.16666670744155762,
      0.16531392503845715,
      0.16207868472791748,
      0.16098599922226633,
      0.15607713787138341
    ],
    "stds": [
      0.0,
      0.0,
      0.0,
      0.0,
      0.0,
      0.0,
      0.0,
      0.0,
      0.0,
      0.0,
      0.0,
      0.0,
      0.0,
      0.0,
      0.0,
      0.0,
      0.0,
      0.0,
      0.0,
      0.0,
      0.0,
      0.0,
      0.0,
      0.0,
      0.0,
      0.0,
      0.0,
      0.0,
      0.0,
      0.0,
      0.0,
      0.0,
      0.0,
      0.0,
      0.0,
      0.0,
      0.0,
      0.0,
      0.0,
      0.0
    ]
  },
  "test_accuracy": {
    "means": [
      0.5833333333333334,
      0.7194444444444444,
      0.7777777777777778,
      0.825,
      0.8527777777777777,
      0.8638888888888889,
      0.8777777777777778,
      0.8861111111111111,
      0.8861111111111111,
      0.9,
      0.9138888888888889,
      0.9083333333333333,
      0.9055555555555556,
      0.9222222222222223,
      0.9222222222222223,
      0.9333333333333333,
      0.9305555555555556,
      0.9305555555555556,
      0.9361111111111111,
      0.9361111111111111,
      0.9388888888888889,
      0.9361111111111111,
      0.9388888888888889,
      0.9388888888888889,
      0.9472222222222222,
      0.9472222222222222,
      0.9416666666666667,
      0.9444444444444444,
      0.9527777777777777,
      0.9527777777777777,
      0.9527777777777777,
      0.9555555555555556,
      0.9555555555555556,
      0.9555555555555556,
      0.9555555555555556,
      0.9583333333333334,
      0.9583333333333334,
      0.9527777777777777,
      0.9527777777777777,
      0.9583333333333334
    ],
    "stds": [
      0.0,
      0.0,
      0.0,
      0.0,
      0.0,
      0.0,
      0.0,
      0.0,
      0.0,
      0.0,
      0.0,
      0.0,
      0.0,
      0.0,
      0.0,
      0.0,
      0.0,
      0.0,
      0.0,
      0.0,
      0.0,
      0.0,
      0.0,
      0.0,
      0.0,
      0.0,
      0.0,
      0.0,
      0.0,
      0.0,
      0.0,
      0.0,
      0.0,
      0.0,
      0.0,
      0.0,
      0.0,
      0.0,
      0.0,
      0.0
    ]
  },
  "communication_bytes": {
    "means": [
      4264000,
      8528000,
      12792000,
      17056000,
      21320000,
      25584000,
      29848000,
      34112000,
      38376000,
      42640000,
      46904000,
      51168000,
      55432000,
      59696000,
      63960000,
      68224000,
      72488000,
      76752000,
      81016000,
      85280000,
      89544000,
      93808000,
      98072000,
      102336000,
      106600000,
      110864000,
      115128000,
      119392000,
      123656000,
      127920000,
      132184000,
      136448000,
      140712000,
      144976000,
      149240000,
      153504000,
      157768000,
      162032000,
      166296000,
      170560000
    ],
    "stds": [
      0.0,
      0.0,
      0.0,
      0.0,
      0.0,
      0.0,
      0.0,
      0.0,
      0.0,
      0.0,
      0.0,
      0.0,
      0.0,
      0.0,
      0.0,
      0.0,
      0.0,
      0.0,
      0.0,
      0.0,
      0.0,
      0.0,
      0.0,
      0.0,
      0.0,
      0.0,
      0.0,
      0.0,
      0.0,
      0.0,
      0.0,
      0.0,
      0.0,
      0.0,
      0.0,
      0.0,
      0.0,
      0.0,
      0.0,
      0.0
    ]
  }
}