{
  "train_loss_fedavg": {
    "means": [
      1.5821818983645015,
      1.177431534477444,
      0.9451066628382659,
      0.7948753769233722,
      0.694249104065279,
      0.6205459117577845,
      0.5650847336840348,
      0.5212475238885028,
      0.48402137698831427,
      0.45256086759067626,
      0.42526426827895464,
      0.4036455443408863,
      0.3845960554151136,
      0.3683545222044483,
      0.35303627870533005,
      0.3397289679506522,
      0.32765908956681755,
      0.31678025406358945,
      0.30744656912838686,
      0.29847724622047334,
      0.28981149762054575,
      0.2819589114805214,
      0.27527319222804764,
      0.2689534732413559,
      0.26253261512384635,
      0.25646402489612163,
      0.2508158054269154,
      0.24590536418489245,
      0.24121363955851788,
      0.23671595021341554
    ],
    "stds": [
      0.0,
      0.0,
      0.0,
      0.0,
      0.0,
      0.0,
      0.0,
      0.0,
      0.0,
      0.0,
      0.0,
      0.0,
      0.0,
      0.0,
      0.0,
      0.0,
      0.0,
      0.0,
      0.0,
      0.0,
      0.0,
      0.0,
      0.0,
      0.0,
      0.0,
      0.0,
      0.0,
      0.0,
      0.0,
      0.0
    ]
  },
  "test_acc_fedavg": {
    "means": [
      0.8611111111111112,
      0.8833333333333333,
      0.8888888888888888,
      0.8944444444444445,
      0.9083333333333333,
      0.9138888888888889,
      0.9138888888888889,
      0.9111111111111111,
      0.9194444444444444,
      0.925,
      0.925,
      0.925,
      0.925,
      0.9305555555555556,
      0.9277777777777778,
      0.9277777777777778,
      0.9305555555555556,
      0.9277777777777778,
      0.9305555555555556,
      0.9333333333333333,
      0.9333333333333333,
      0.9333333333333333,
      0.9333333333333333,
      0.9333333333333333,
      0.9333333333333333,
      0.9361111111111111,
      0.9333333333333333,
      0.9333333333333333,
      0.9333333333333333,
      0.9361111111111111
    ],
    "stds": [
      0.0,
      0.0,
      0.0,
      0.0,
      0.0,
      0.0,
      0.0,
      0.0,
      0.0,
      0.0,
      0.0,
      0.0,
      0.0,
      0.0,
      0.0,
      0.0,
      0.0,
      0.0,
      0.0,
      0.0,
      0.0,
      0.0,
      0.0,
      0.0,
      0.0,
      0.0,
      0.0,
      0.0,
      0.0,
      0.0
    ]
  },
  "comm_cost_fedavg": {
    "means": [
      32000.0,
      64000.0,
      96000.0,
      128000.0,
      160000.0,
      192000.0,
      224000.0,
      256000.0,
      288000.0,
      320000.0,
      352000.0,
      384000.0,
      416000.0,
      448000.0,
      480000.0,
      512000.0,
      544000.0,
      576000.0,
      608000.0,
      640000.0,
      672000.0,
      704000.0,
      736000.0,
      768000.0,
      800000.0,
      832000.0,
      864000.0,
      896000.0,
      928000.0,
      960000.0
    ],
    "stds": [
      0.0,
      0.0,
      0.0,
      0.0,
      0.0,
      0.0,
      0.0,
      0.0,
      0.0,
      0.0,
      0.0,
      0.0,
      0.0,
      0.0,
      0.0,
      0.0,
      0.0,
      0.0,
      0.0,
      0.0,
      0.0,
      0.0,
      0.0,
      0.0,
      0.0,
      0.0,
      0.0,
      0.0,
      0.0,
      0.0
    ]
  },
  "effective_update_dims_fedavg": {
    "means": [
      16000.0,
      32000.0,
      48000.0,
      64000.0,
      80000.0,
      96000.0,
      112000.0,
      128000.0,
      144000.0,
      160000.0,
      176000.0,
      192000.0,
      208000.0,
      224000.0,
      240000.0,
      256000.0,
      272000.0,
      288000.0,
      304000.0,
      320000.0,
      336000.0,
      352000.0,
      368000.0,
      384000.0,
      400000.0,
      416000.0,
      432000.0,
      448000.0,
      464000.0,
      480000.0
    ],
    "stds": [
      0.0,
      0.0,
      0.0,
      0.0,
      0.0,
      0.0,
      0.0,
      0.0,
      0.0,
      0.0,
      0.0,
      0.0,
      0.0,
      0.0,
      0.0,
      0.0,
      0.0,
      0.0,
      0.0,
      0.0,
      0.0,
      0.0,
      0.0,
      0.0,
      0.0,
      0.0,
      0.0,
      0.0,
      0.0,
      0.0
    ]
  },
  "train_loss_sfedavg": {
    "means": [
      2.22071191355543,
      2.1476392327487166,
      2.092716908301757,
      2.015385320275888,
      1.951926587285132,
      1.8915017182566667,
      1.826992828005087,
      1.7775850274675478,
      1.7131298569830944,
      1.6590256232607652,
      1.6325153393757919,
      1.5838546840405028,
      1.5195369611195781,
      1.4738630102463088,
      1.429990501560054,
      1.3915920901855394,
      1.3506654703649452,
      1.3207358971949683,
      1.288906368511716,
      1.2529824990359233,
      1.2266552051473716,
      1.1970302026002726,
      1.1715768706974916,
      1.146506206241555,
      1.1317664630954316,
      1.1058405148401496,
      1.0860621287954013,
      1.0630171965518016,
      1.041210922511507,
      1.0191754814685086
    ],
    "stds": [
      0.0,
      0.0,
      0.0,
      0.0,
      0.0,
      0.0,
      0.0,
      0.0,
      0.0,
      0.0,
      0.0,
      0.0,
      0.0,
      0.0,
      0.0,
      0.0,
      0.0,
      0.0,
      0.0,
      0.0,
      0.0,
      0.0,
      0.0,
      0.0,
      0.0,
      0.0,
      0.0,
      0.0,
      0.0,
      0.0
    ]
  },
  "test_acc_sfedavg": {
    "means": [
      0.48055555555555557,
      0.6027777777777777,
      0.6777777777777778,
      0.7027777777777777,
      0.7666666666666667,
      0.7805555555555556,
      0.7972222222222223,
      0.7861111111111111,
      0.8,
      0.8027777777777778,
      0.7972222222222223,
      0.8083333333333333,
      0.8166666666666667,
      0.8277777777777777,
      0.825,
      0.8277777777777777,
      0.8305555555555556,
      0.8416666666666667,
      0.8444444444444444,
      0.8388888888888889,
      0.8416666666666667,
      0.8388888888888889,
      0.8333333333333334,
      0.8416666666666667,
      0.8444444444444444,
      0.8527777777777777,
      0.8583333333333333,
      0.8583333333333333,
      0.8638888888888889,
      0.8638888888888889
    ],
    "stds": [
      0.0,
      0.0,
      0.0,
      0.0,
      0.0,
      0.0,
      0.0,
      0.0,
      0.0,
      0.0,
      0.0,
      0.0,
      0.0,
      0.0,
      0.0,
      0.0,
      0.0,
      0.0,
      0.0,
      0.0,
      0.0,
      0.0,
      0.0,
      0.0,
      0.0,
      0.0,
      0.0,
      0.0,
      0.0,
      0.0
    ]
  },
  "comm_cost_sfedavg": {
    "means": [
      41600.0,
      83200.0,
      124800.0,
      166400.0,
      208000.0,
      249600.0,
      291200.0,
      332800.0,
      374400.0,
      416000.0,
      457600.0,
      499200.0,
      540800.0,
      582400.0,
      624000.0,
      665600.0,
      707200.0,
      748800.0,
      790400.0,
      832000.0,
      873600.0,
      915200.0,
      956800.0,
      998400.0,
      1040000.0,
      1081600.0,
      1123200.0,
      1164800.0,
      1206400.0,
      1248000.0
    ],
    "stds": [
      0.0,
      0.0,
      0.0,
      0.0,
      0.0,
      0.0,
      0.0,
      0.0,
      0.0,
      0.0,
      0.0,
      0.0,
      0.0,
      0.0,
      0.0,
      0.0,
      0.0,
      0.0,
      0.0,
      0.0,
      0.0,
      0.0,
      0.0,
      0.0,
      0.0,
      0.0,
      0.0,
      0.0,
      0.0,
      0.0
    ]
  },
  "effective_update_dims_sfedavg": {
    "means": [
      1500.0,
      3000.0,
      4500.0,
      6000.0,
      7500.0,
      9000.0,
      10500.0,
      12000.0,
      13500.0,
      15000.0,
      16500.0,
      18000.0,
      19500.0,
      21000.0,
      22500.0,
      24000.0,
      25500.0,
      27000.0,
      28500.0,
      30000.0,
      31500.0,
      33000.0,
      34500.0,
      36000.0,
      37500.0,
      39000.0,
      40500.0,
      42000.0,
      43500.0,
      45000.0
    ],