{
  "train_loss_fedavg": {
    "means": [
      1.5791005762245416,
      1.0194815784893556,
      0.6934901707382387,
      0.5065724887578402,
      0.4159940545362392,
      0.3593740618824388,
      0.3219553125967262,
      0.30339271558106923,
      0.28942929154992075,
      0.2824336967927084,
      0.2818620872803665,
      0.3016709886226654,
      0.3130979439489185,
      0.348873252172059,
      0.38154350767207995,
      0.3888043692267456,
      0.4079903848647009,
      0.4121198335070264,
      0.388232634589882,
      0.38733385918263985,
      0.3788287092920802,
      0.3693485031743555,
      0.3657049997979298,
      0.3526509750005311,
      0.3556062600684612,
      0.35993367453109165,
      0.3542788291979276,
      0.36781479462092853,
      0.37858117119781787,
      0.39594128460416134,
      0.3993326251740734,
      0.3808606798385563,
      0.3572751319507816,
      0.35085773580381774,
      0.3544963122226773,
      0.3584727399204112,
      0.3632142967486346,
      0.37671882912031823,
      0.3856968235437146,
      0.3761063193800569,
      0.38056368780500016,
      0.3847711958628601,
      0.37924164139340694,
      0.38142700256026524,
      0.3809595365727015,
      0.3820349324898893,
      0.37510266694055405,
      0.3713809378697161,
      0.37926748939455973,
      0.38469203270239594
    ],
    "stds": [
      0.0,
      0.0,
      0.0,
      0.0,
      0.0,
      0.0,
      0.0,
      0.0,
      0.0,
      0.0,
      0.0,
      0.0,
      0.0,
      0.0,
      0.0,
      0.0,
      0.0,
      0.0,
      0.0,
      0.0,
      0.0,
      0.0,
      0.0,
      0.0,
      0.0,
      0.0,
      0.0,
      0.0,
      0.0,
      0.0,
      0.0,
      0.0,
      0.0,
      0.0,
      0.0,
      0.0,
      0.0,
      0.0,
      0.0,
      0.0,
      0.0,
      0.0,
      0.0,
      0.0,
      0.0,
      0.0,
      0.0,
      0.0,
      0.0,
      0.0
    ]
  },
  "train_loss_sfedavg": {
    "means": [
      2.0350127064961723,
      1.8438094227509116,
      1.6482807532835266,
      1.438887769295986,
      1.29964449815042,
      1.1900565296621533,
      1.0968649752752047,
      1.0246161800928923,
      0.952297334135764,
      0.9098921826870763,
      0.8598380384816215,
      0.8182263825278248,
      0.78128793664449,
      0.7487701385060264,
      0.7284738631727651,
      0.7080214810532581,
      0.689365822474609,
      0.6712390729836429,
      0.6532095221005427,
      0.6359401659798569,
      0.61685732166987,
      0.6067901685796789,
      0.5953396683445386,
      0.5845143700782287,
      0.5748205456503194,
      0.5715526174037107,
      0.5652626792318657,
      0.5578870418848506,
      0.5521335178034815,
      0.5476142320806204,
      0.5414514797324986,
      0.5343607566010928,
      0.5267838822884471,
      0.5225377516341004,
      0.5189943653620874,
      0.5158303275310402,
      0.5117611737141392,
      0.5085294973896564,
      0.507210442180762,
      0.501012295717934,
      0.49760421974073715,
      0.4954320174491314,
      0.49281410996461505,
      0.4876720607116205,
      0.4824343220845522,
      0.4800413358948575,
      0.47837365396826526,
      0.4771406024466203,
      0.4759222357174231,
      0.4750032677736531
    ],
    "stds": [
      0.0,
      0.0,
      0.0,
      0.0,
      0.0,
      0.0,
      0.0,
      0.0,
      0.0,
      0.0,
      0.0,
      0.0,
      0.0,
      0.0,
      0.0,
      0.0,
      0.0,
      0.0,
      0.0,
      0.0,
      0.0,
      0.0,
      0.0,
      0.0,
      0.0,
      0.0,
      0.0,
      0.0,
      0.0,
      0.0,
      0.0,
      0.0,
      0.0,
      0.0,
      0.0,
      0.0,
      0.0,
      0.0,
      0.0,
      0.0,
      0.0,
      0.0,
      0.0,
      0.0,
      0.0,
      0.0,
      0.0,
      0.0,
      0.0,
      0.0
    ]
  },
  "test_acc_fedavg": {
    "means": [
      0.8666666666666667,
      0.8777777777777778,
      0.8805555555555555,
      0.8861111111111111,
      0.9,
      0.9055555555555556,
      0.925,
      0.9305555555555556,
      0.9333333333333333,
      0.9388888888888889,
      0.9444444444444444,
      0.9277777777777778,
      0.9138888888888889,
      0.9083333333333333,
      0.8916666666666667,
      0.8888888888888888,
      0.8805555555555555,
      0.8944444444444445,
      0.9111111111111111,
      0.9222222222222223,
      0.9138888888888889,
      0.9166666666666666,
      0.9194444444444444,
      0.9305555555555556,
      0.925,
      0.9083333333333333,
      0.9222222222222223,
      0.9222222222222223,
      0.925,
      0.9222222222222223,
      0.9138888888888889,
      0.9083333333333333,
      0.9138888888888889,
      0.9111111111111111,
      0.9111111111111111,
      0.9138888888888889,
      0.9166666666666666,
      0.9055555555555556,
      0.8944444444444445,
      0.9083333333333333,
      0.9111111111111111,
      0.9,
      0.9083333333333333,
      0.925,
      0.9166666666666666,
      0.9111111111111111,
      0.9111111111111111,
      0.9055555555555556,
      0.9027777777777778,
      0.8888888888888888
    ],
    "stds": [
      0.0,
      0.0,
      0.0,
      0.0,
      0.0,
      0.0,
      0.0,
      0.0,
      0.0,
      0.0,
      0.0,
      0.0,
      0.0,
      0.0,
      0.0,
      0.0,
      0.0,
      0.0,
      0.0,
      0.0,
      0.0,
      0.0,
      0.0,
      0.0,
      0.0,
      0.0,
      0.0,
      0.0,
      0.0,
      0.0,
      0.0,
      0.0,
      0.0,
      0.0,
      0.0,
      0.0,
      0.0,
      0.0,
      0.0,
      0.0,
      0.0,
      0.0,
      0.0,
      0.0,
      0.0,
      0.0,
      0.0,
      0.0,
      0.0,
      0.0
    ]
  },
  "test_acc_sfedavg": {
    "means": [
      0.7,
      0.7861111111111111,
      0.8166666666666667,
      0.8277777777777777,
      0.8055555555555556,
      0.8305555555555556,
      0.8444444444444444,
      0.8555555555555555,
      0.8638888888888889,
      0.8583333333333333,
      0.8833333333333333,
      0.8833333333333333,
      0.8916666666666667,
      0.8833333333333333,
      0.9055555555555556,
      0.9027777777777778,
      0.8972222222222223,
      0.8972222222222223,
      0.9055555555555556,
      0.9027777777777778,
      0.9166666666666666,
      0.9166666666666666,
      0.9166666666666666,
      0.9222222222222223,
      0.9222222222222223,
      0.9194444444444444,
      0.9166666666666666,
      0.9166666666666666,
      0.9166666666666666,
      0.9194444444444444,
      0.925,
      0.9277777777777778,
      0.9277777777777778,
      0.9333333333333333,
      0.9361111111111111,
      0.9333333333333333,
      0.9333333333333333,
      0.9361111111111111,
      0.9361111111111111,
      0.9361111111111111,
      0.9388888888888889,
      0.9416666666666667,
      0.9416666666666667,
      0.9388888888888889,
      0.9416666666666667,
      0.9416666666666667,
      0.9361111111111111,
      0.9361111111111111,
      0.9388888888888889,
      0.9388888888888889
    ],
    "stds": [
      0.0,
      0.0,
      0.0,
      0.0,
      0.0,
      0.0,
      0.0,
      0.0,
      0.0,
      0.0,
      0.0,
      0.0,
      0.0,
      0.0,
      0.0,
      0.0,
      0.0,
      0.0,
      0.0,
      0.0,
      0.0,
      0.0,
      0.0,
      0.0,
      0.0,
      0.0,
      0.0,
      0.0,
      0.0,
      0.0,
      0.0,
      0.0,
      0.0,
      0.0,
      0.0,
      0.0,
      0.0,
      0.0,
      0.0,
      0.0,
      0.0,
      0.0,
      0.0,
      0.0,
      0.0,
      0.0,
      0.0,
      0.0,
      0.0,
      0.0
    ]
  },