{
  "train_loss_fedavg": {
    "means": [
      0.36021317088313926,
      0.2885028597195814,
      0.25868412488478393,
      0.24372212984475997,
      0.2294289974136072,
      0.220945120274065,
      0.2140607398779649,
      0.20962777040688296,
      0.20791241891245504,
      0.20569757973240613,
      0.2020556303975432,
      0.19917785421846032,
      0.19719840818567838,
      0.19442806124914044,
      0.19814677418213697,
      0.19551843876316047,
      0.19559780011030015,
      0.19509151370996552,
      0.19125866612176273,
      0.19048482384464338,
      0.19036245041114347,
      0.18811125094844022,
      0.18865064845648905,
      0.1878102417634679,
      0.18731183623528702,
      0.18658044229293838,
      0.18777720290772854,
      0.18591926209762397,
      0.18632048124957315,
      0.18975238151416113,
      0.18668743380135694,
      0.1889696542830738,
      0.18708954474085826,
      0.18394517824906367,
      0.18283993767775214,
      0.18306502745501094,
      0.18433614636859874,
      0.18733422312022288,
      0.18612778804179156,
      0.1829202289987621,
      0.18614089730038963,
      0.18494527833378507,
      0.1825936658887411,
      0.18367885191918296,
      0.1828155753238042,
      0.18376483459066215,
      0.182140824081312,
      0.18294245108439244,
      0.18274226132999516,
      0.18225356521405095,
      0.1817485189738125,
      0.1813939873118964,
      0.18251572099442734,
      0.18328881189645788,
      0.1837306288617051,
      0.1821499848631101,
      0.18298231715881275,
      0.18320077905507168,
      0.18016390239704538,
      0.1838496935089044
    ],
    "stds": [
      0.0,
      0.0,
      0.0,
      0.0,
      0.0,
      0.0,
      0.0,
      0.0,
      0.0,
      0.0,
      0.0,
      0.0,
      0.0,
      0.0,
      0.0,
      0.0,
      0.0,
      0.0,
      0.0,
      0.0,
      0.0,
      0.0,
      0.0,
      0.0,
      0.0,
      0.0,
      0.0,
      0.0,
      0.0,
      0.0,
      0.0,
      0.0,
      0.0,
      0.0,
      0.0,
      0.0,
      0.0,
      0.0,
      0.0,
      0.0,
      0.0,
      0.0,
      0.0,
      0.0,
      0.0,
      0.0,
      0.0,
      0.0,
      0.0,
      0.0,
      0.0,
      0.0,
      0.0,
      0.0,
      0.0,
      0.0,
      0.0,
      0.0,
      0.0,
      0.0
    ]
  },
  "test_acc_fedavg": {
    "means": [
      0.8854,
      0.9066,
      0.9118,
      0.9083,
      0.9171,
      0.9155,
      0.9144,
      0.917,
      0.9172,
      0.9154,
      0.9158,
      0.9195,
      0.9186,
      0.9174,
      0.9137,
      0.913,
      0.914,
      0.9129,
      0.9156,
      0.9145,
      0.914,
      0.9183,
      0.9157,
      0.9193,
      0.9183,
      0.9157,
      0.9171,
      0.9152,
      0.9167,
      0.916,
      0.9169,
      0.9153,
      0.9171,
      0.9166,
      0.9165,
      0.9189,
      0.9163,
      0.9172,
      0.9181,
      0.9202,
      0.9159,
      0.9163,
      0.9184,
      0.9196,
      0.9191,
      0.9183,
      0.9166,
      0.9177,
      0.9168,
      0.9178,
      0.9187,
      0.9176,
      0.9162,
      0.9172,
      0.9179,
      0.919,
      0.9198,
      0.9165,
      0.9205,
      0.9172
    ],
    "stds": [
      0.0,
      0.0,
      0.0,
      0.0,
      0.0,
      0.0,
      0.0,
      0.0,
      0.0,
      0.0,
      0.0,
      0.0,
      0.0,
      0.0,
      0.0,
      0.0,
      0.0,
      0.0,
      0.0,
      0.0,
      0.0,
      0.0,
      0.0,
      0.0,
      0.0,
      0.0,
      0.0,
      0.0,
      0.0,
      0.0,
      0.0,
      0.0,
      0.0,
      0.0,
      0.0,
      0.0,
      0.0,
      0.0,
      0.0,
      0.0,
      0.0,
      0.0,
      0.0,
      0.0,
      0.0,
      0.0,
      0.0,
      0.0,
      0.0,
      0.0,
      0.0,
      0.0,
      0.0,
      0.0,
      0.0,
      0.0,
      0.0,
      0.0,
      0.0,
      0.0
    ]
  },
  "comm_floats_fedavg": {
    "means": [
      204.0,
      408.0,
      612.0,
      816.0,
      1020.0,
      1224.0,
      1428.0,
      1632.0,
      1836.0,
      2040.0,
      2244.0,
      2448.0,
      2652.0,
      2856.0,
      3060.0,
      3264.0,
      3468.0,
      3672.0,
      3876.0,
      4080.0,
      4284.0,
      4488.0,
      4692.0,
      4896.0,
      5100.0,
      5304.0,
      5508.0,
      5712.0,
      5916.0,
      6120.0,
      6324.0,
      6528.0,
      6732.0,
      6936.0,
      7140.0,
      7344.0,
      7548.0,
      7752.0,
      7956.0,
      8160.0,
      8364.0,
      8568.0,
      8772.0,
      8976.0,
      9180.0,
      9384.0,
      9588.0,
      9792.0,
      9996.0,
      10200.0,
      10404.0,
      10608.0,
      10812.0,
      11016.0,
      11220.0,
      11424.0,
      11628.0,
      11832.0,
      12036.0,
      12240.0
    ],
    "stds": [
      0.0,
      0.0,
      0.0,
      0.0,
      0.0,
      0.0,
      0.0,
      0.0,
      0.0,
      0.0,
      0.0,
      0.0,
      0.0,
      0.0,
      0.0,
      0.0,
      0.0,
      0.0,
      0.0,
      0.0,
      0.0,
      0.0,
      0.0,
      0.0,
      0.0,
      0.0,
      0.0,
      0.0,
      0.0,
      0.0,
      0.0,
      0.0,
      0.0,
      0.0,
      0.0,
      0.0,
      0.0,
      0.0,
      0.0,
      0.0,
      0.0,
      0.0,
      0.0,
      0.0,
      0.0,
      0.0,
      0.0,
      0.0,
      0.0,
      0.0,
      0.0,
      0.0,
      0.0,
      0.0,
      0.0,
      0.0,
      0.0,
      0.0,
      0.0,
      0.0
    ]
  },
  "comm_per_0.8_acc_fedavg": {
    "means": [
      204.0
    ],
    "stds": [
      0.0
    ]
  },
  "rounds_to_target_loss_fedavg": {
    "means": [
      1
    ],
    "stds": [
      0.0
    ]
  },
  "stability_index_fedavg": {
    "means": [
      96.95566869949273
    ],
    "stds": [
      0.0
    ]
  },
  "area_under_accuracy_curve_fedavg": {
    "means": [
      54.0589
    ],
    "stds": [
      0.0
    ]
  },
  "rounds_to_0.7_acc_fedavg": {
    "means": [
      1
    ],
    "stds": [
      0.0
    ]
  },
  "max_loss_spike_fedavg": {
    "means": [
      0.0037187129329965263
    ],
    "stds": [
      0.0
    ]
  },
  "train_loss_sfedavg": {
    "means": [
      0.7769785974434656,
      0.7826871228828554,
      0.7850150317179634,
      0.775675770109736,
      0.7806983523465159,
      0.7887499848260685,
      0.787964258065547,
      0.780410526909181,
      0.7756479964978629,
      0.7755112043725968,
      0.7774238143268825,
      0.7591728564200836,
      0.7588953271520841,
      0.7598222965719417,
      0.7528476361529447,
      0.753640543714468,
      0.7485381991177951,
      0.7397156016949288,
      0.7274336106528257,
      0.7212467621305358,
      0.7137139349421192,
      0.7001496302585017,
      0.6909203187987281,
      0.6910222227265481,
      0.6779208428209654,
      0.6597460569622806,
      0.6537059105311915,
      0.6492777138772255,
      0.6372016321119212,
      0.6368012035181678,
      0.6397482835035452,
      0.6368694614985377,
      0.6433108827279383,
      0.6275858513845755,
      0.6299275613060643,
      0.6527954788943439,
      0.6373490074386172,
      0.6393089931267373,
      0.628463717777111,
      0.600152097948963,
      0.5808748729979244,
      0.5809861187078946,
      0.5748975191466101,
      0.5249905125375953,
      0.5256235747136573,
      0.5174354049020605,
      0.506970126584566,
      0.5006511903960349,
      0.5024938479280018,
      0.49923428191268504,
      0.5076272034850262,
      0.5116920337559362,
      0.5138600759142866,
      0.5119321615570376,
      0.5130655150051953,
      0.5058693719645261,
      0.5063174918163702,
      0.5057309146016312,
      0.507503321119775,
      0.508114918944508
    ],