{
  "train_loss_fedavg": {
    "means": [
      1.9917961148138648,
      1.6508392098507574,
      1.3465009360695828,
      1.135267158544038,
      0.9804546136076727,
      0.8605282388258356,
      0.7873996842218801,
      0.7422513308780022,
      0.6901886281841532,
      0.6542718090550136,
      0.6242592273820847,
      0.6018562915632775,
      0.5881575627149046,
      0.5699206809696284,
      0.5593526786328931,
      0.5527015641964331,
      0.542686759718171,
      0.5450855598130478,
      0.5430460421853074,
      0.538534418356927,
      0.5369127465128715,
      0.5355527459464902,
      0.5311992824406883,
      0.531879179721143,
      0.5337594298909384,
      0.5303370108374993,
      0.5342363667180823,
      0.5199291728155869,
      0.5186957776037145,
      0.50876688603099,
      0.5102352387761724,
      0.5078408598736768,
      0.4989707595659697,
      0.4994121501776027,
      0.5021842059205145,
      0.500505757748084,
      0.49546806932174403,
      0.4970611777841822,
      0.49202762704548364,
      0.49011918335989185,
      0.49633342304792494,
      0.4946196271382803,
      0.48898218483569644,
      0.495888551377589,
      0.48770632231603656,
      0.48318816391537944,
      0.4862169994739423,
      0.4876546366979286,
      0.4843835067049859,
      0.49267699500120393
    ],
    "stds": [
      0.0,
      0.0,
      0.0,
      0.0,
      0.0,
      0.0,
      0.0,
      0.0,
      0.0,
      0.0,
      0.0,
      0.0,
      0.0,
      0.0,
      0.0,
      0.0,
      0.0,
      0.0,
      0.0,
      0.0,
      0.0,
      0.0,
      0.0,
      0.0,
      0.0,
      0.0,
      0.0,
      0.0,
      0.0,
      0.0,
      0.0,
      0.0,
      0.0,
      0.0,
      0.0,
      0.0,
      0.0,
      0.0,
      0.0,
      0.0,
      0.0,
      0.0,
      0.0,
      0.0,
      0.0,
      0.0,
      0.0,
      0.0,
      0.0,
      0.0
    ]
  },
  "test_acc_fedavg": {
    "means": [
      0.59375,
      0.65875,
      0.6725,
      0.69625,
      0.71125,
      0.715,
      0.72625,
      0.72875,
      0.7375,
      0.745,
      0.745,
      0.7525,
      0.76,
      0.7675,
      0.76625,
      0.76375,
      0.75875,
      0.7525,
      0.75625,
      0.76,
      0.76,
      0.7725,
      0.765,
      0.7675,
      0.76375,
      0.76125,
      0.76125,
      0.765,
      0.75375,
      0.765,
      0.77125,
      0.77125,
      0.7725,
      0.775,
      0.7775,
      0.77625,
      0.78,
      0.775,
      0.77625,
      0.7775,
      0.775,
      0.77625,
      0.775,
      0.77375,
      0.76875,
      0.77125,
      0.77875,
      0.775,
      0.77625,
      0.78
    ],
    "stds": [
      0.0,
      0.0,
      0.0,
      0.0,
      0.0,
      0.0,
      0.0,
      0.0,
      0.0,
      0.0,
      0.0,
      0.0,
      0.0,
      0.0,
      0.0,
      0.0,
      0.0,
      0.0,
      0.0,
      0.0,
      0.0,
      0.0,
      0.0,
      0.0,
      0.0,
      0.0,
      0.0,
      0.0,
      0.0,
      0.0,
      0.0,
      0.0,
      0.0,
      0.0,
      0.0,
      0.0,
      0.0,
      0.0,
      0.0,
      0.0,
      0.0,
      0.0,
      0.0,
      0.0,
      0.0,
      0.0,
      0.0,
      0.0,
      0.0,
      0.0
    ]
  },
  "comm_eff_fedavg": {
    "means": [
      1.0,
      2.0,
      3.0,
      4.0,
      5.0,
      6.0,
      7.0,
      8.0,
      9.0,
      10.0,
      11.0,
      12.0,
      13.0,
      14.0,
      15.0,
      16.0,
      17.0,
      18.0,
      19.0,
      20.0,
      21.0,
      22.0,
      23.0,
      24.0,
      25.0,
      26.0,
      27.0,
      28.0,
      29.0,
      30.0,
      31.0,
      32.0,
      33.0,
      34.0,
      35.0,
      36.0,
      37.0,
      38.0,
      39.0,
      40.0,
      41.0,
      42.0,
      43.0,
      44.0,
      45.0,
      46.0,
      47.0,
      48.0,
      49.0,
      50.0
    ],
    "stds": [
      0.0,
      0.0,
      0.0,
      0.0,
      0.0,
      0.0,
      0.0,
      0.0,
      0.0,
      0.0,
      0.0,
      0.0,
      0.0,
      0.0,
      0.0,
      0.0,
      0.0,
      0.0,
      0.0,
      0.0,
      0.0,
      0.0,
      0.0,
      0.0,
      0.0,
      0.0,
      0.0,
      0.0,
      0.0,
      0.0,
      0.0,
      0.0,
      0.0,
      0.0,
      0.0,
      0.0,
      0.0,
      0.0,
      0.0,
      0.0,
      0.0,
      0.0,
      0.0,
      0.0,
      0.0,
      0.0,
      0.0,
      0.0,
      0.0,
      0.0
    ]
  },
  "train_loss_sfedavg": {
    "means": [
      2.2352922252753444,
      2.183709720254264,
      2.12157527923647,
      2.0640786653361274,
      2.0115254173087664,
      1.9558832264373687,
      1.905673716046153,
      1.8539322506498104,
      1.806166767454495,
      1.7640024271670487,
      1.7120359373500293,
      1.6685765891086617,
      1.6328704790580821,
      1.5969731654882904,
      1.5613807620562343,
      1.5296673669589618,
      1.4896482433140654,
      1.4564753482213952,
      1.4271573869730259,
      1.4045515660129666,
      1.3777951344003014,
      1.3540249340327228,
      1.3325627026308937,
      1.3058810764358015,
      1.2840284299988192,
      1.2655367617794417,
      1.2466594874771049,
      1.2323586392684864,
      1.2134398551634524,
      1.2000632274900918,
      1.1859285728416884,
      1.1713104746108127,
      1.1564685649507458,
      1.1429001272609525,
      1.1293099596482554,
      1.114884847914897,
      1.1013941289462748,
      1.0897259651791043,
      1.0800092914781418,
      1.0671692695729238,
      1.0592958767978424,
      1.0487213428574036,
      1.038573074675028,
      1.0290754151243573,
      1.0208516164744283,
      1.0110428643843878,
      1.0032023550453857,
      0.9934084496532394,
      0.9866422617084768,
      0.9798297139961162
    ],
    "stds": [
      0.0,
      0.0,
      0.0,
      0.0,
      0.0,
      0.0,
      0.0,
      0.0,
      0.0,
      0.0,
      0.0,
      0.0,
      0.0,
      0.0,
      0.0,
      0.0,
      0.0,
      0.0,
      0.0,
      0.0,
      0.0,
      0.0,
      0.0,
      0.0,
      0.0,
      0.0,
      0.0,
      0.0,
      0.0,
      0.0,
      0.0,
      0.0,
      0.0,
      0.0,
      0.0,
      0.0,
      0.0,
      0.0,
      0.0,
      0.0,
      0.0,
      0.0,
      0.0,
      0.0,
      0.0,
      0.0,
      0.0,
      0.0,
      0.0,
      0.0
    ]
  },
  "test_acc_sfedavg": {
    "means": [
      0.24875,
      0.26375,
      0.33125,
      0.3675,
      0.42125,
      0.44625,
      0.45,
      0.46375,
      0.48875,
      0.51375,
      0.5225,
      0.5425,
      0.54625,
      0.54625,
      0.56125,
      0.56875,
      0.585,
      0.59375,
      0.6025,
      0.61875,
      0.6275,
      0.62,
      0.63125,
      0.62875,
      0.63625,
      0.65,
      0.65875,
      0.66125,
      0.67125,
      0.6825,
      0.6775,
      0.68,
      0.685,
      0.69625,
      0.6925,
      0.695,
      0.70625,
      0.70875,
      0.71125,
      0.70875,
      0.71375,
      0.72,
      0.7175,
      0.72125,
      0.7175,
      0.72,
      0.73125,
      0.7325,
      0.73,
      0.7225
    ],
    "stds": [
      0.0,
      0.0,
      0.0,
      0.0,
      0.0,
      0.0,
      0.0,
      0.0,
      0.0,
      0.0,
      0.0,
      0.0,
      0.0,
      0.0,
      0.0,
      0.0,
      0.0,
      0.0,
      0.0,
      0.0,
      0.0,
      0.0,
      0.0,
      0.0,
      0.0,
      0.0,
      0.0,
      0.0,
      0.0,
      0.0,
      0.0,
      0.0,
      0.0,
      0.0,
      0.0,
      0.0,
      0.0,
      0.0,
      0.0,
      0.0,
      0.0,
      0.0,
      0.0,
      0.0,
      0.0,
      0.0,
      0.0,
      0.0,
      0.0,
      0.0
    ]
  },