{
  "train_loss_fedavg": {
    "means": [
      1.7111092776717185,
      1.330452321760553,
      1.0894930685013604,
      0.9283696146810013,
      0.8164811875044092,
      0.7351662588397078,
      0.6700818022402185,
      0.6189937988122367,
      0.5751133457625155,
      0.5387383195206046,
      0.5063741683065681,
      0.4802065956994274,
      0.45678929363848797,
      0.4376338031916837,
      0.41850833618234545,
      0.40200066198347095,
      0.3877794852361717,
      0.3750818329935595,
      0.36383904470947137,
      0.3532474131774942,
      0.342870324718784,
      0.33379390091047634,
      0.3257450516580798,
      0.3179933533516593,
      0.31062201666462086,
      0.3033027597581501,
      0.29680670559026995,
      0.29089094506658236,
      0.28535304124255456,
      0.27979810917975007
    ],
    "stds": [
      0.0,
      0.0,
      0.0,
      0.0,
      0.0,
      0.0,
      0.0,
      0.0,
      0.0,
      0.0,
      0.0,
      0.0,
      0.0,
      0.0,
      0.0,
      0.0,
      0.0,
      0.0,
      0.0,
      0.0,
      0.0,
      0.0,
      0.0,
      0.0,
      0.0,
      0.0,
      0.0,
      0.0,
      0.0,
      0.0
    ]
  },
  "test_acc_fedavg": {
    "means": [
      0.8444444444444444,
      0.8527777777777777,
      0.8722222222222222,
      0.8777777777777778,
      0.8861111111111111,
      0.8944444444444445,
      0.9055555555555556,
      0.9111111111111111,
      0.9138888888888889,
      0.9166666666666666,
      0.9194444444444444,
      0.9194444444444444,
      0.9222222222222223,
      0.9277777777777778,
      0.9277777777777778,
      0.9277777777777778,
      0.925,
      0.925,
      0.9277777777777778,
      0.9277777777777778,
      0.9277777777777778,
      0.9305555555555556,
      0.9305555555555556,
      0.9277777777777778,
      0.925,
      0.9305555555555556,
      0.9277777777777778,
      0.9305555555555556,
      0.9333333333333333,
      0.9333333333333333
    ],
    "stds": [
      0.0,
      0.0,
      0.0,
      0.0,
      0.0,
      0.0,
      0.0,
      0.0,
      0.0,
      0.0,
      0.0,
      0.0,
      0.0,
      0.0,
      0.0,
      0.0,
      0.0,
      0.0,
      0.0,
      0.0,
      0.0,
      0.0,
      0.0,
      0.0,
      0.0,
      0.0,
      0.0,
      0.0,
      0.0,
      0.0
    ]
  },
  "comm_cost_fedavg": {
    "means": [
      32000.0,
      64000.0,
      96000.0,
      128000.0,
      160000.0,
      192000.0,
      224000.0,
      256000.0,
      288000.0,
      320000.0,
      352000.0,
      384000.0,
      416000.0,
      448000.0,
      480000.0,
      512000.0,
      544000.0,
      576000.0,
      608000.0,
      640000.0,
      672000.0,
      704000.0,
      736000.0,
      768000.0,
      800000.0,
      832000.0,
      864000.0,
      896000.0,
      928000.0,
      960000.0
    ],
    "stds": [
      0.0,
      0.0,
      0.0,
      0.0,
      0.0,
      0.0,
      0.0,
      0.0,
      0.0,
      0.0,
      0.0,
      0.0,
      0.0,
      0.0,
      0.0,
      0.0,
      0.0,
      0.0,
      0.0,
      0.0,
      0.0,
      0.0,
      0.0,
      0.0,
      0.0,
      0.0,
      0.0,
      0.0,
      0.0,
      0.0
    ]
  },
  "effective_update_dims_fedavg": {
    "means": [
      16000.0,
      32000.0,
      48000.0,
      64000.0,
      80000.0,
      96000.0,
      112000.0,
      128000.0,
      144000.0,
      160000.0,
      176000.0,
      192000.0,
      208000.0,
      224000.0,
      240000.0,
      256000.0,
      272000.0,
      288000.0,
      304000.0,
      320000.0,
      336000.0,
      352000.0,
      368000.0,
      384000.0,
      400000.0,
      416000.0,
      432000.0,
      448000.0,
      464000.0,
      480000.0
    ],
    "stds": [
      0.0,
      0.0,
      0.0,
      0.0,
      0.0,
      0.0,
      0.0,
      0.0,
      0.0,
      0.0,
      0.0,
      0.0,
      0.0,
      0.0,
      0.0,
      0.0,
      0.0,
      0.0,
      0.0,
      0.0,
      0.0,
      0.0,
      0.0,
      0.0,
      0.0,
      0.0,
      0.0,
      0.0,
      0.0,
      0.0
    ]
  },
  "train_loss_sfedavg": {
    "means": [
      2.2123746300655656,
      2.1120411369320076,
      2.032158890431131,
      1.9457731814036359,
      1.8735431569869287,
      1.8036010473525768,
      1.7266778102855929,
      1.6619843072233347,
      1.6044123935172927,
      1.546315535254209,
      1.5010165822494859,
      1.4470353964332594,
      1.4086312922001358,
      1.3604408803407506,
      1.3148887139911511,
      1.2907115599519468,
      1.2555452359001473,
      1.223693290856,
      1.1947882923393125,
      1.1656449447280013,
      1.1321025541937912,
      1.1127907827127717,
      1.081990643435453,
      1.0578040419958068,
      1.0336725291036815,
      1.0096871886219423,
      0.9822217943994936,
      0.9601179781689537,
      0.9444849801909011,
      0.9253218928744528
    ],
    "stds": [
      0.0,
      0.0,
      0.0,
      0.0,
      0.0,
      0.0,
      0.0,
      0.0,
      0.0,
      0.0,
      0.0,
      0.0,
      0.0,
      0.0,
      0.0,
      0.0,
      0.0,
      0.0,
      0.0,
      0.0,
      0.0,
      0.0,
      0.0,
      0.0,
      0.0,
      0.0,
      0.0,
      0.0,
      0.0,
      0.0
    ]
  },
  "test_acc_sfedavg": {
    "means": [
      0.5555555555555556,
      0.6972222222222222,
      0.75,
      0.7944444444444444,
      0.8,
      0.7944444444444444,
      0.7972222222222223,
      0.8138888888888889,
      0.8166666666666667,
      0.8166666666666667,
      0.8083333333333333,
      0.825,
      0.8333333333333334,
      0.8416666666666667,
      0.8472222222222222,
      0.8527777777777777,
      0.8555555555555555,
      0.8527777777777777,
      0.8555555555555555,
      0.8555555555555555,
      0.8555555555555555,
      0.8611111111111112,
      0.8666666666666667,
      0.8638888888888889,
      0.8694444444444445,
      0.8694444444444445,
      0.8694444444444445,
      0.8666666666666667,
      0.8722222222222222,
      0.875
    ],
    "stds": [
      0.0,
      0.0,
      0.0,
      0.0,
      0.0,
      0.0,
      0.0,
      0.0,
      0.0,
      0.0,
      0.0,
      0.0,
      0.0,
      0.0,
      0.0,
      0.0,
      0.0,
      0.0,
      0.0,
      0.0,
      0.0,
      0.0,
      0.0,
      0.0,
      0.0,
      0.0,
      0.0,
      0.0,
      0.0,
      0.0
    ]
  },
  "comm_cost_sfedavg": {
    "means": [
      46400.0,
      92800.0,
      139200.0,
      185600.0,
      232000.0,
      278400.0,
      324800.0,
      371200.0,
      417600.0,
      464000.0,
      510400.0,
      556800.0,
      603200.0,
      649600.0,
      696000.0,
      742400.0,
      788800.0,
      835200.0,
      881600.0,
      928000.0,
      974400.0,
      1020800.0,
      1067200.0,
      1113600.0,
      1160000.0,
      1206400.0,
      1252800.0,
      1299200.0,
      1345600.0,
      1392000.0
    ],
    "stds": [
      0.0,
      0.0,
      0.0,
      0.0,
      0.0,
      0.0,
      0.0,
      0.0,
      0.0,
      0.0,
      0.0,
      0.0,
      0.0,
      0.0,
      0.0,
      0.0,
      0.0,
      0.0,
      0.0,
      0.0,
      0.0,
      0.0,
      0.0,
      0.0,
      0.0,
      0.0,
      0.0,
      0.0,
      0.0,
      0.0
    ]
  },
  "effective_update_dims_sfedavg": {
    "means": [
      2250.0,
      4500.0,
      6750.0,
      9000.0,
      11250.0,
      13500.0,
      15750.0,
      18000.0,
      20250.0,
      22500.0,
      24750.0,
      27000.0,
      29250.0,
      31500.0,
      33750.0,
      36000.0,
      38250.0,
      40500.0,
      42750.0,
      45000.0,
      47250.0,
      49500.0,
      51750.0,
      54000.0,
      56250.0,
      58500.0,
      60750.0,
      63000.0,
      65250.0,
      67500.0
    ],