{
  "train_loss/FedAvg": {
    "means": [
      0.8411282762281702,
      0.5832888892435653,
      0.4613609463678667,
      0.3904174632769201,
      0.27833303303427154,
      0.23317326299178742,
      0.20535618873505032,
      0.18180393261454847,
      0.20202402960221633,
      0.18845622898050832,
      0.17635950875969258,
      0.16726578843229156,
      0.1855477033045436,
      0.17915612266921263,
      0.1717566152670033,
      0.16859078309660053,
      0.18251882418951337,
      0.17921837760552703,
      0.17422796711340652,
      0.17297035908083577,
      0.18275302969003376,
      0.18147869120116414,
      0.17712290344498827,
      0.17650500936018698,
      0.18288370576806795,
      0.18265075503975645,
      0.1781782915551141,
      0.17763575413251015,
      0.1817309408995996,
      0.18174821662199292,
      0.177422128497928,
      0.17641167517417666,
      0.17889994053847824,
      0.17880850800411208,
      0.17497269111056798,
      0.17338311855810107,
      0.17454960907661693,
      0.1741929016911873,
      0.17093938309978135,
      0.16899284290363045,
      0.16901031135936248,
      0.16840362803212133,
      0.16563337812311557,
      0.16355898055999063,
      0.16271974344714593,
      0.16189931002629146,
      0.15943657120160373,
      0.15735660256084927,
      0.15604613736213244,
      0.15499636263431696,
      0.15271273427120188,
      0.15067712603239417,
      0.1492282692863676,
      0.14793390988933844,
      0.14578155536337128,
      0.14381859960626392,
      0.14241184844561713,
      0.14091378430015977,
      0.13888409620133974,
      0.1370180733525652,
      0.13569228871468517,
      0.13408165277440487,
      0.13217708357185906,
      0.13042522401343165,
      0.12915213518102275,
      0.12753240739752936,
      0.12575992529368377,
      0.12413088701090659,
      0.12287820586009451,
      0.12133678152211044,
      0.11970659291694383,
      0.11820333132247482,
      0.1169644544019104,
      0.1155595146271723,
      0.11408425018322643,
      0.11270615655555656,
      0.11150224449275378,
      0.11026102508694219,
      0.10895220643647203,
      0.1076958824833124
    ],
    "stds": [
      0.0,
      0.0,
      0.0,
      0.0,
      0.0,
      0.0,
      0.0,
      0.0,
      0.0,
      0.0,
      0.0,
      0.0,
      0.0,
      0.0,
      0.0,
      0.0,
      0.0,
      0.0,
      0.0,
      0.0,
      0.0,
      0.0,
      0.0,
      0.0,
      0.0,
      0.0,
      0.0,
      0.0,
      0.0,
      0.0,
      0.0,
      0.0,
      0.0,
      0.0,
      0.0,
      0.0,
      0.0,
      0.0,
      0.0,
      0.0,
      0.0,
      0.0,
      0.0,
      0.0,
      0.0,
      0.0,
      0.0,
      0.0,
      0.0,
      0.0,
      0.0,
      0.0,
      0.0,
      0.0,
      0.0,
      0.0,
      0.0,
      0.0,
      0.0,
      0.0,
      0.0,
      0.0,
      0.0,
      0.0,
      0.0,
      0.0,
      0.0,
      0.0,
      0.0,
      0.0,
      0.0,
      0.0,
      0.0,
      0.0,
      0.0,
      0.0,
      0.0,
      0.0,
      0.0,
      0.0
    ]
  },
  "test_accuracy/FedAvg": {
    "means": [
      0.8305555555555556,
      0.8861111111111111,
      0.9194444444444444,
      0.9138888888888889,
      0.9166666666666666,
      0.9194444444444444,
      0.925,
      0.9333333333333333,
      0.925,
      0.9277777777777778,
      0.9333333333333333,
      0.9444444444444444,
      0.9388888888888889,
      0.9416666666666667,
      0.95,
      0.9472222222222222,
      0.9527777777777777,
      0.9555555555555556,
      0.9638888888888889,
      0.9583333333333334,
      0.9583333333333334,
      0.9638888888888889,
      0.9611111111111111,
      0.9638888888888889,
      0.9694444444444444,
      0.9694444444444444,
      0.9666666666666667,
      0.9694444444444444,
      0.9722222222222222,
      0.9666666666666667,
      0.9638888888888889,
      0.9666666666666667,
      0.9666666666666667,
      0.9638888888888889,
      0.9638888888888889,
      0.9611111111111111,
      0.9638888888888889,
      0.9611111111111111,
      0.9611111111111111,
      0.9611111111111111,
      0.9638888888888889,
      0.9611111111111111,
      0.9611111111111111,
      0.9638888888888889,
      0.9638888888888889,
      0.9611111111111111,
      0.9611111111111111,
      0.9638888888888889,
      0.9638888888888889,
      0.9611111111111111,
      0.9611111111111111,
      0.9638888888888889,
      0.9638888888888889,
      0.9611111111111111,
      0.9611111111111111,
      0.9638888888888889,
      0.9611111111111111,
      0.9611111111111111,
      0.9611111111111111,
      0.9611111111111111,
      0.9638888888888889,
      0.9611111111111111,
      0.9611111111111111,
      0.9638888888888889,
      0.9638888888888889,
      0.9638888888888889,
      0.9611111111111111,
      0.9638888888888889,
      0.9638888888888889,
      0.9638888888888889,
      0.9638888888888889,
      0.9638888888888889,
      0.9638888888888889,
      0.9638888888888889,
      0.9638888888888889,
      0.9638888888888889,
      0.9638888888888889,
      0.9638888888888889,
      0.9638888888888889,
      0.9638888888888889
    ],
    "stds": [
      0.0,
      0.0,
      0.0,
      0.0,
      0.0,
      0.0,
      0.0,
      0.0,
      0.0,
      0.0,
      0.0,
      0.0,
      0.0,
      0.0,
      0.0,
      0.0,
      0.0,
      0.0,
      0.0,
      0.0,
      0.0,
      0.0,
      0.0,
      0.0,
      0.0,
      0.0,
      0.0,
      0.0,
      0.0,
      0.0,
      0.0,
      0.0,
      0.0,
      0.0,
      0.0,
      0.0,
      0.0,
      0.0,
      0.0,
      0.0,
      0.0,
      0.0,
      0.0,
      0.0,
      0.0,
      0.0,
      0.0,
      0.0,
      0.0,
      0.0,
      0.0,
      0.0,
      0.0,
      0.0,
      0.0,
      0.0,
      0.0,
      0.0,
      0.0,
      0.0,
      0.0,
      0.0,
      0.0,
      0.0,
      0.0,
      0.0,
      0.0,
      0.0,
      0.0,
      0.0,
      0.0,
      0.0,
      0.0,
      0.0,
      0.0,
      0.0,
      0.0,
      0.0,
      0.0,
      0.0
    ]
  },
  "cumulative_comm_params/FedAvg": {
    "means": [
      6400,
      12800,
      19200,
      25600,
      32000,
      38400,
      44800,
      51200,
      57600,
      64000,
      70400,
      76800,
      83200,
      89600,
      96000,
      102400,
      108800,
      115200,
      121600,
      128000,
      134400,
      140800,
      147200,
      153600,
      160000,
      166400,
      172800,
      179200,
      185600,
      192000,
      198400,
      204800,
      211200,
      217600,
      224000,
      230400,
      236800,
      243200,
      249600,
      256000,
      262400,
      268800,
      275200,
      281600,
      288000,
      294400,
      300800,
      307200,
      313600,
      320000,
      326400,
      332800,
      339200,
      345600,
      352000,
      358400,
      364800,
      371200,
      377600,
      384000,
      390400,
      396800,
      403200,
      409600,
      416000,
      422400,
      428800,
      435200,
      441600,
      448000,
      454400,
      460800,
      467200,
      473600,
      480000,
      486400,
      492800,
      499200,
      505600,
      512000
    ],
    "stds": [
      0,
      0,
      0,
      0,
      0,
      0,
      0,
      0,
      0,
      0,
      0,
      0,
      0,
      0,
      0,
      0,
      0,
      0,
      0,
      0,
      0,
      0,
      0,
      0,
      0,
      0,
      0,
      0,
      0,
      0,
      0,
      0,
      0,
      0,
      0,
      0,
      0,
      0,
      0,
      0,
      0,
      0,
      0,
      0,
      0,
      0,
      0,
      0,
      0,
      0,
      0,
      0,
      0,
      0,
      0,
      0,
      0,
      0,
      0,
      0,
      0,
      0,
      0,
      0,
      0,
      0,
      0,
      0,
      0,
      0,
      0,
      0,
      0,
      0,
      0,
      0,
      0,
      0,
      0,
      0
    ]
  },