{
  "train_loss/FedAvg": {
    "means": [
      0.8827018004495627,
      0.6131418180484738,
      0.4886955231817929,
      0.4190885964596016,
      0.36858696541440117,
      0.264952763145232,
      0.21324118174348256,
      0.19305012128239415,
      0.17421602885589377,
      0.15861496564059424,
      0.15734207485609153,
      0.13817170210031657,
      0.13458294509347524,
      0.1230748520118113,
      0.11654823138843881,
      0.11540687768104277,
      0.10487721435653126,
      0.10352074800153824,
      0.09791398478834995,
      0.09245449204770663,
      0.09129642559733725,
      0.08716736585118409,
      0.08614865715882136,
      0.0823314364083698,
      0.0773893072202293,
      0.0757838388060107,
      0.07443565804787462,
      0.0734633794589126,
      0.0704783349736936,
      0.06705702745114331,
      0.0652514933072028,
      0.0646020408428641,
      0.0637883224663655,
      0.061698177604445154,
      0.05975709301604953,
      0.05803883910582592,
      0.05748922266686268,
      0.056987960488145396,
      0.05560050930627192,
      0.054417341461145616,
      0.052863139095874895,
      0.052455200435674344,
      0.05224552220558268,
      0.051246461435278605,
      0.05031025331230404,
      0.04894244321251527,
      0.04876297745646317,
      0.04872639734068519,
      0.047912098233491345,
      0.047071127447043934,
      0.04591687121327581,
      0.04588867686137764,
      0.045926479018688474,
      0.04521437225892557,
      0.0444708197838023,
      0.043537729400710254,
      0.04355520055328167,
      0.04361978434475968,
      0.04298610821475009,
      0.04236153451253881
    ],
    "stds": [
      0.0,
      0.0,
      0.0,
      0.0,
      0.0,
      0.0,
      0.0,
      0.0,
      0.0,
      0.0,
      0.0,
      0.0,
      0.0,
      0.0,
      0.0,
      0.0,
      0.0,
      0.0,
      0.0,
      0.0,
      0.0,
      0.0,
      0.0,
      0.0,
      0.0,
      0.0,
      0.0,
      0.0,
      0.0,
      0.0,
      0.0,
      0.0,
      0.0,
      0.0,
      0.0,
      0.0,
      0.0,
      0.0,
      0.0,
      0.0,
      0.0,
      0.0,
      0.0,
      0.0,
      0.0,
      0.0,
      0.0,
      0.0,
      0.0,
      0.0,
      0.0,
      0.0,
      0.0,
      0.0,
      0.0,
      0.0,
      0.0,
      0.0,
      0.0,
      0.0
    ]
  },
  "train_loss/SFedAvg": {
    "means": [
      1.3692232399129387,
      0.994115278373486,
      0.7744893496449424,
      0.6663508383686831,
      0.5843341924008563,
      0.4721134836141175,
      0.40419495169679076,
      0.3569242162443429,
      0.32535005527953004,
      0.2939216727423096,
      0.27635013541729003,
      0.25535855503182525,
      0.2422913899424061,
      0.23214841319444957,
      0.21968491096235485,
      0.21320692371674407,
      0.20313845445419762,
      0.19654881411365557,
      0.19107811821987852,
      0.18411126262028887,
      0.17981625751221855,
      0.17390589336829104,
      0.17011599923980752,
      0.1669843259142057,
      0.162634295490395,
      0.15963560647199204,
      0.15564072835733717,
      0.15283095157104049,
      0.15044372037839931,
      0.14751455390050658,
      0.14550630293354466,
      0.14214944318310646,
      0.1398209725044665,
      0.13800820500380112,
      0.13538543212149942,
      0.1334379274597146,
      0.13106472031952396,
      0.12963794856944807,
      0.12821078114465403,
      0.12637860189800962,
      0.12490744402054033,
      0.12295392167179385,
      0.12179461088214696,
      0.1204785615311726,
      0.1190049650425922,
      0.11744238328867197,
      0.11575718709070505,
      0.1147707226577665,
      0.11347735372919554,
      0.11223854025725392,
      0.11111351625140917,
      0.10962447636754596,
      0.10874436429533521,
      0.10768623471924839,
      0.1067278146748749,
      0.10552208489606164,
      0.10421227248063115,
      0.10356456775096974,
      0.10265476599676464,
      0.10182082510901065
    ],
    "stds": [
      0.0,
      0.0,
      0.0,
      0.0,
      0.0,
      0.0,
      0.0,
      0.0,
      0.0,
      0.0,
      0.0,
      0.0,
      0.0,
      0.0,
      0.0,
      0.0,
      0.0,
      0.0,
      0.0,
      0.0,
      0.0,
      0.0,
      0.0,
      0.0,
      0.0,
      0.0,
      0.0,
      0.0,
      0.0,
      0.0,
      0.0,
      0.0,
      0.0,
      0.0,
      0.0,
      0.0,
      0.0,
      0.0,
      0.0,
      0.0,
      0.0,
      0.0,
      0.0,
      0.0,
      0.0,
      0.0,
      0.0,
      0.0,
      0.0,
      0.0,
      0.0,
      0.0,
      0.0,
      0.0,
      0.0,
      0.0,
      0.0,
      0.0,
      0.0,
      0.0
    ]
  },
  "test_accuracy/FedAvg": {
    "means": [
      0.8444444444444444,
      0.8805555555555555,
      0.9055555555555556,
      0.925,
      0.925,
      0.925,
      0.9277777777777778,
      0.9277777777777778,
      0.9277777777777778,
      0.9277777777777778,
      0.9333333333333333,
      0.9361111111111111,
      0.9388888888888889,
      0.9361111111111111,
      0.9333333333333333,
      0.95,
      0.9472222222222222,
      0.9472222222222222,
      0.9527777777777777,
      0.9472222222222222,
      0.9555555555555556,
      0.9583333333333334,
      0.9583333333333334,
      0.9583333333333334,
      0.9583333333333334,
      0.9555555555555556,
      0.9583333333333334,
      0.9555555555555556,
      0.9583333333333334,
      0.9666666666666667,
      0.9638888888888889,
      0.9666666666666667,
      0.9638888888888889,
      0.9638888888888889,
      0.9694444444444444,
      0.9638888888888889,
      0.9638888888888889,
      0.9638888888888889,
      0.9638888888888889,
      0.9666666666666667,
      0.9638888888888889,
      0.9638888888888889,
      0.9638888888888889,
      0.9638888888888889,
      0.9638888888888889,
      0.9638888888888889,
      0.9638888888888889,
      0.9638888888888889,
      0.9638888888888889,
      0.9638888888888889,
      0.9638888888888889,
      0.9638888888888889,
      0.9638888888888889,
      0.9638888888888889,
      0.9638888888888889,
      0.9638888888888889,
      0.9638888888888889,
      0.9638888888888889,
      0.9638888888888889,
      0.9638888888888889
    ],
    "stds": [
      0.0,
      0.0,
      0.0,
      0.0,
      0.0,
      0.0,
      0.0,
      0.0,
      0.0,
      0.0,
      0.0,
      0.0,
      0.0,
      0.0,
      0.0,
      0.0,
      0.0,
      0.0,
      0.0,
      0.0,
      0.0,
      0.0,
      0.0,
      0.0,
      0.0,
      0.0,
      0.0,
      0.0,
      0.0,
      0.0,
      0.0,
      0.0,
      0.0,
      0.0,
      0.0,
      0.0,
      0.0,
      0.0,
      0.0,
      0.0,
      0.0,
      0.0,
      0.0,
      0.0,
      0.0,
      0.0,
      0.0,
      0.0,
      0.0,
      0.0,
      0.0,
      0.0,
      0.0,
      0.0,
      0.0,
      0.0,
      0.0,
      0.0,
      0.0,
      0.0
    ]
  },