{
  "train_loss_fedavg": {
    "means": [
      1.3494316862359919,
      0.9348741078279565,
      0.7749771270681249,
      0.5052260988220848,
      0.4205192070883702,
      0.39064424549938426,
      0.3704773460925401,
      0.3526484339689781,
      0.35148310224235213,
      0.3353324395845988,
      0.27261266068407297,
      0.2769906977693178,
      0.2362825474961221,
      0.21771859576882566,
      0.21651852630860177,
      0.19386306886547883,
      0.22821592238225769,
      0.18109891144901116,
      0.2056540753186188,
      0.1716615764164638,
      0.16112318337319434,
      0.13802642249689223,
      0.12530338589050494,
      0.11763033786582369,
      0.12067432396015591,
      0.11595181754562496,
      0.12899562817274135,
      0.12220716667801111,
      0.11801810534881872,
      0.11256247444118193
    ],
    "stds": [
      0.0,
      0.0,
      0.0,
      0.0,
      0.0,
      0.0,
      0.0,
      0.0,
      0.0,
      0.0,
      0.0,
      0.0,
      0.0,
      0.0,
      0.0,
      0.0,
      0.0,
      0.0,
      0.0,
      0.0,
      0.0,
      0.0,
      0.0,
      0.0,
      0.0,
      0.0,
      0.0,
      0.0,
      0.0,
      0.0
    ]
  },
  "test_acc_fedavg": {
    "means": [
      0.7722222222222223,
      0.8666666666666667,
      0.8611111111111112,
      0.9,
      0.9111111111111111,
      0.9333333333333333,
      0.925,
      0.9305555555555556,
      0.925,
      0.9361111111111111,
      0.9388888888888889,
      0.9472222222222222,
      0.9416666666666667,
      0.9472222222222222,
      0.9333333333333333,
      0.9444444444444444,
      0.9333333333333333,
      0.9444444444444444,
      0.9444444444444444,
      0.9444444444444444,
      0.9527777777777777,
      0.9472222222222222,
      0.95,
      0.95,
      0.9611111111111111,
      0.9527777777777777,
      0.9527777777777777,
      0.9555555555555556,
      0.9555555555555556,
      0.9555555555555556
    ],
    "stds": [
      0.0,
      0.0,
      0.0,
      0.0,
      0.0,
      0.0,
      0.0,
      0.0,
      0.0,
      0.0,
      0.0,
      0.0,
      0.0,
      0.0,
      0.0,
      0.0,
      0.0,
      0.0,
      0.0,
      0.0,
      0.0,
      0.0,
      0.0,
      0.0,
      0.0,
      0.0,
      0.0,
      0.0,
      0.0,
      0.0
    ]
  },
  "comm_MB_fedavg": {
    "means": [
      0.2624,
      0.5248,
      0.7872000000000001,
      1.0496,
      1.312,
      1.5744,
      1.8368,
      2.0992,
      2.3616,
      2.624,
      2.8864,
      3.1488,
      3.4112,
      3.6736,
      3.936,
      4.1984,
      4.460800000000001,
      4.723200000000001,
      4.985600000000002,
      5.248000000000002,
      5.510400000000002,
      5.772800000000003,
      6.035200000000003,
      6.297600000000004,
      6.560000000000004,
      6.8224000000000045,
      7.084800000000005,
      7.347200000000005,
      7.609600000000006,
      7.872000000000006
    ],
    "stds": [
      0.0,
      0.0,
      0.0,
      0.0,
      0.0,
      0.0,
      0.0,
      0.0,
      0.0,
      0.0,
      0.0,
      0.0,
      0.0,
      0.0,
      0.0,
      0.0,
      0.0,
      0.0,
      0.0,
      0.0,
      0.0,
      0.0,
      0.0,
      0.0,
      0.0,
      0.0,
      0.0,
      0.0,
      0.0,
      0.0
    ]
  },
  "train_loss_sfedavg": {
    "means": [
      1.5597150808577926,
      1.0553939368333278,
      0.851013985735848,
      0.6420754688916395,
      0.49877939884781747,
      0.43914120848220706,
      0.39956743281172935,
      0.3683764536118906,
      0.3342333589786783,
      0.3168819933492812,
      0.30434609382034966,
      0.2805032862695644,
      0.27608293553884766,
      0.25647748565571654,
      0.24203437318698276,
      0.22858390896108038,
      0.22201532138449978,
      0.2157970583913322,
      0.20568685360050487,
      0.20085892420779464,
      0.18604661329040606,
      0.17956722577361786,
      0.17523901864460914,
      0.17516807128061307,
      0.17138835233567734,
      0.16839456080877202,
      0.1639146977903715,
      0.16060520218938804,
      0.15544629389884818,
      0.15145139541704736
    ],
    "stds": [
      0.0,
      0.0,
      0.0,
      0.0,
      0.0,
      0.0,
      0.0,
      0.0,
      0.0,
      0.0,
      0.0,
      0.0,
      0.0,
      0.0,
      0.0,
      0.0,
      0.0,
      0.0,
      0.0,
      0.0,
      0.0,
      0.0,
      0.0,
      0.0,
      0.0,
      0.0,
      0.0,
      0.0,
      0.0,
      0.0
    ]
  },
  "test_acc_sfedavg": {
    "means": [
      0.5055555555555555,
      0.65,
      0.7555555555555555,
      0.8083333333333333,
      0.825,
      0.8638888888888889,
      0.875,
      0.8861111111111111,
      0.9,
      0.9055555555555556,
      0.9166666666666666,
      0.9194444444444444,
      0.9222222222222223,
      0.9222222222222223,
      0.9222222222222223,
      0.925,
      0.9222222222222223,
      0.9194444444444444,
      0.9222222222222223,
      0.9194444444444444,
      0.9194444444444444,
      0.9277777777777778,
      0.925,
      0.925,
      0.925,
      0.9277777777777778,
      0.9305555555555556,
      0.9277777777777778,
      0.9277777777777778,
      0.9333333333333333
    ],
    "stds": [
      0.0,
      0.0,
      0.0,
      0.0,
      0.0,
      0.0,
      0.0,
      0.0,
      0.0,
      0.0,
      0.0,
      0.0,
      0.0,
      0.0,
      0.0,
      0.0,
      0.0,
      0.0,
      0.0,
      0.0,
      0.0,
      0.0,
      0.0,
      0.0,
      0.0,
      0.0,
      0.0,
      0.0,
      0.0,
      0.0
    ]
  },
  "comm_MB_sfedavg": {
    "means": [
      10.5024,
      21.0048,
      31.507199999999997,
      42.0096,
      52.512,
      63.0144,
      73.5168,
      84.0192,
      94.52159999999999,
      105.02399999999999,
      115.52639999999998,
      126.02879999999998,
      136.53119999999998,
      147.03359999999998,
      157.53599999999997,
      168.03839999999997,
      178.54079999999996,
      189.04319999999996,
      199.54559999999995,
      210.04799999999994,
      220.55039999999994,
      231.05279999999993,
      241.55519999999993,
      252.05759999999992,
      262.55999999999995,
      273.06239999999997,
      283.5648,
      294.0672,
      304.56960000000004,
      315.07200000000006
    ],
    "stds": [
      0.0,
      0.0,
      0.0,
      0.0,
      0.0,
      0.0,
      0.0,
      0.0,
      0.0,
      0.0,
      0.0,
      0.0,
      0.0,
      0.0,
      0.0,
      0.0,
      0.0,
      0.0,
      0.0,
      0.0,
      0.0,
      0.0,
      0.0,
      0.0,
      0.0,
      0.0,
      0.0,
      0.0,
      0.0,
      0.0
    ]
  }
}