{
  "train_loss/FedAvg": {
    "means": [
      0.8827018004495627,
      0.6131418180484738,
      0.4886955231817929,
      0.4190885964596016,
      0.36858696541440117,
      0.264952763145232,
      0.21324118174348256,
      0.19305012128239415,
      0.17421602885589377,
      0.15861496564059424,
      0.15734207485609153,
      0.13817170210031657,
      0.13458294509347524,
      0.1230748520118113,
      0.11654823138843881,
      0.11540687768104277,
      0.10487721435653126,
      0.10352074800153824,
      0.09791398478834995,
      0.09245449204770663,
      0.09129642559733725,
      0.08716736585118409,
      0.08614865715882136,
      0.0823314364083698,
      0.0773893072202293,
      0.0757838388060107,
      0.07443565804787462,
      0.0734633794589126,
      0.0704783349736936,
      0.06705702745114331,
      0.0652514933072028,
      0.0646020408428641,
      0.0637883224663655,
      0.061698177604445154,
      0.05975709301604953,
      0.05803883910582592,
      0.05748922266686268,
      0.056987960488145396,
      0.05560050930627192,
      0.054417341461145616,
      0.052863139095874895,
      0.052455200435674344,
      0.05224552220558268,
      0.051246461435278605,
      0.05031025331230404,
      0.04894244321251527,
      0.04876297745646317,
      0.04872639734068519,
      0.047912098233491345,
      0.047071127447043934,
      0.04591687121327581,
      0.04588867686137764,
      0.045926479018688474,
      0.04521437225892557,
      0.0444708197838023,
      0.043537729400710254,
      0.04355520055328167,
      0.04361978434475968,
      0.04298610821475009,
      0.04236153451253881
    ],
    "stds": [
      0.0,
      0.0,
      0.0,
      0.0,
      0.0,
      0.0,
      0.0,
      0.0,
      0.0,
      0.0,
      0.0,
      0.0,
      0.0,
      0.0,
      0.0,
      0.0,
      0.0,
      0.0,
      0.0,
      0.0,
      0.0,
      0.0,
      0.0,
      0.0,
      0.0,
      0.0,
      0.0,
      0.0,
      0.0,
      0.0,
      0.0,
      0.0,
      0.0,
      0.0,
      0.0,
      0.0,
      0.0,
      0.0,
      0.0,
      0.0,
      0.0,
      0.0,
      0.0,
      0.0,
      0.0,
      0.0,
      0.0,
      0.0,
      0.0,
      0.0,
      0.0,
      0.0,
      0.0,
      0.0,
      0.0,
      0.0,
      0.0,
      0.0,
      0.0,
      0.0
    ]
  },
  "train_loss/SFedAvg": {
    "means": [
      1.7535160374799155,
      1.4390124443163685,
      1.187215625821873,
      1.0190232635919056,
      0.9085515214669475,
      0.7913213458888058,
      0.7048138181913017,
      0.6409002064785807,
      0.5923076625125683,
      0.5520519623697986,
      0.5142427711347279,
      0.4829405080149938,
      0.4590555214111227,
      0.4385115481682973,
      0.41245053209225857,
      0.3952641072410421,
      0.38169062676235593,
      0.36702071680816145,
      0.35557992967344354,
      0.34276770304597026,
      0.33021302528396956,
      0.32177242574214765,
      0.3123295918817078,
      0.30388622095885864,
      0.2974805024042823,
      0.28898823532373996,
      0.2824271787055791,
      0.2757253716426017,
      0.2699267630231717,
      0.26453365605497114,
      0.2591050474363545,
      0.2537676773647069,
      0.24870612894205377,
      0.24376677018214116,
      0.2401348441517576,
      0.23631095485276454,
      0.23198037936150123,
      0.22759548331360263,
      0.22499925880351246,
      0.2222455317077112,
      0.220115813043021,
      0.21642456282232123,
      0.21327059854908365,
      0.2108023455801896,
      0.20817127546730843,
      0.20577819401113903,
      0.2029997822257003,
      0.20030539347924262,
      0.19875421173958757,
      0.19652052399436562,
      0.19468765762862114,
      0.19259252004239188,
      0.19010017822745448,
      0.18844750016102105,
      0.18580660229343127,
      0.18414702428479424,
      0.18203566171563895,
      0.1802808178799064,
      0.17925035425785416,
      0.1775841783173159
    ],
    "stds": [
      0.0,
      0.0,
      0.0,
      0.0,
      0.0,
      0.0,
      0.0,
      0.0,
      0.0,
      0.0,
      0.0,
      0.0,
      0.0,
      0.0,
      0.0,
      0.0,
      0.0,
      0.0,
      0.0,
      0.0,
      0.0,
      0.0,
      0.0,
      0.0,
      0.0,
      0.0,
      0.0,
      0.0,
      0.0,
      0.0,
      0.0,
      0.0,
      0.0,
      0.0,
      0.0,
      0.0,
      0.0,
      0.0,
      0.0,
      0.0,
      0.0,
      0.0,
      0.0,
      0.0,
      0.0,
      0.0,
      0.0,
      0.0,
      0.0,
      0.0,
      0.0,
      0.0,
      0.0,
      0.0,
      0.0,
      0.0,
      0.0,
      0.0,
      0.0,
      0.0
    ]
  },
  "test_accuracy/FedAvg": {
    "means": [
      0.8444444444444444,
      0.8805555555555555,
      0.9055555555555556,
      0.925,
      0.925,
      0.925,
      0.9277777777777778,
      0.9277777777777778,
      0.9277777777777778,
      0.9277777777777778,
      0.9333333333333333,
      0.9361111111111111,
      0.9388888888888889,
      0.9361111111111111,
      0.9333333333333333,
      0.95,
      0.9472222222222222,
      0.9472222222222222,
      0.9527777777777777,
      0.9472222222222222,
      0.9555555555555556,
      0.9583333333333334,
      0.9583333333333334,
      0.9583333333333334,
      0.9583333333333334,
      0.9555555555555556,
      0.9583333333333334,
      0.9555555555555556,
      0.9583333333333334,
      0.9666666666666667,
      0.9638888888888889,
      0.9666666666666667,
      0.9638888888888889,
      0.9638888888888889,
      0.9694444444444444,
      0.9638888888888889,
      0.9638888888888889,
      0.9638888888888889,
      0.9638888888888889,
      0.9666666666666667,
      0.9638888888888889,
      0.9638888888888889,
      0.9638888888888889,
      0.9638888888888889,
      0.9638888888888889,
      0.9638888888888889,
      0.9638888888888889,
      0.9638888888888889,
      0.9638888888888889,
      0.9638888888888889,
      0.9638888888888889,
      0.9638888888888889,
      0.9638888888888889,
      0.9638888888888889,
      0.9638888888888889,
      0.9638888888888889,
      0.9638888888888889,
      0.9638888888888889,
      0.9638888888888889,
      0.9638888888888889
    ],
    "stds": [
      0.0,
      0.0,
      0.0,
      0.0,
      0.0,
      0.0,
      0.0,
      0.0,
      0.0,
      0.0,
      0.0,
      0.0,
      0.0,
      0.0,
      0.0,
      0.0,
      0.0,
      0.0,
      0.0,
      0.0,
      0.0,
      0.0,
      0.0,
      0.0,
      0.0,
      0.0,
      0.0,
      0.0,
      0.0,
      0.0,
      0.0,
      0.0,
      0.0,
      0.0,
      0.0,
      0.0,
      0.0,
      0.0,
      0.0,
      0.0,
      0.0,
      0.0,
      0.0,
      0.0,
      0.0,
      0.0,
      0.0,
      0.0,
      0.0,
      0.0,
      0.0,
      0.0,
      0.0,
      0.0,
      0.0,
      0.0,
      0.0,
      0.0,
      0.0,
      0.0
    ]
  },