{
  "train_loss_fedavg": {
    "means": [
      1.563468400862553,
      1.175008642953438,
      0.9432674242607163,
      0.8018126743932064,
      0.7048191329099195,
      0.6343553261109056,
      0.5786039723483998,
      0.5344601677287099,
      0.49606897685508783,
      0.4675337287389493,
      0.44086738759341493,
      0.41752695520806116,
      0.39815054323788285,
      0.3811242584697308,
      0.3667001830968118,
      0.35352123899727206,
      0.3427295843034131,
      0.33073769164262734,
      0.32094913817851517,
      0.31099993996265735,
      0.3027386638240091,
      0.29431123208283205,
      0.28772004504099435,
      0.2811496548524643,
      0.2750841655854254,
      0.26913867405964487,
      0.26307141716825605,
      0.2590015296025718,
      0.25327826466158837,
      0.24876460839190817,
      0.2444746780646545,
      0.2408907761583126,
      0.236212565748125,
      0.23215854218658066,
      0.2284442463485775,
      0.22569675311026544,
      0.22219573306906626,
      0.2186599605905055,
      0.21608217462766272,
      0.21356705254274688,
      0.21083201318802197,
      0.2079617149105546,
      0.20545782223553208,
      0.20310736625340986,
      0.20092345215169433,
      0.19847946576775446,
      0.19636951307494396,
      0.19442968622339368,
      0.1922562505771328,
      0.190460420456537
    ],
    "stds": [
      0.0,
      0.0,
      0.0,
      0.0,
      0.0,
      0.0,
      0.0,
      0.0,
      0.0,
      0.0,
      0.0,
      0.0,
      0.0,
      0.0,
      0.0,
      0.0,
      0.0,
      0.0,
      0.0,
      0.0,
      0.0,
      0.0,
      0.0,
      0.0,
      0.0,
      0.0,
      0.0,
      0.0,
      0.0,
      0.0,
      0.0,
      0.0,
      0.0,
      0.0,
      0.0,
      0.0,
      0.0,
      0.0,
      0.0,
      0.0,
      0.0,
      0.0,
      0.0,
      0.0,
      0.0,
      0.0,
      0.0,
      0.0,
      0.0,
      0.0
    ]
  },
  "train_loss_sfedavg": {
    "means": [
      2.2059075475080205,
      2.0866319319079825,
      1.957718191204932,
      1.8106417058726822,
      1.7091131720794355,
      1.6044947494710073,
      1.5405345960239458,
      1.454088806527691,
      1.3917044443375728,
      1.3381719596504174,
      1.2722238324929789,
      1.2122203654362103,
      1.1676064546724894,
      1.1189922386779685,
      1.0836629426178592,
      1.0487878281719873,
      1.0116433505757116,
      0.9816047975606963,
      0.948381196439316,
      0.9278408862454591,
      0.9039896889085244,
      0.8793525918021223,
      0.8610950505878527,
      0.8392171716936062,
      0.8128527736585376,
      0.7965741689235382,
      0.7760233955889884,
      0.7585270294308193,
      0.740254459709263,
      0.7251791761968458,
      0.7131114889217562,
      0.6982359927838019,
      0.681772392096959,
      0.6698742482964347,
      0.6542323508995691,
      0.6438748309159588,
      0.6325711141326374,
      0.6226226981945822,
      0.6138582582948573,
      0.6067951313006461,
      0.5979011490796611,
      0.5917375382911129,
      0.5850113354017945,
      0.577587072146442,
      0.5691104025997393,
      0.5608946141369091,
      0.5507213184534324,
      0.5443461312360655,
      0.5348096836219246,
      0.5290307140817427
    ],
    "stds": [
      0.0,
      0.0,
      0.0,
      0.0,
      0.0,
      0.0,
      0.0,
      0.0,
      0.0,
      0.0,
      0.0,
      0.0,
      0.0,
      0.0,
      0.0,
      0.0,
      0.0,
      0.0,
      0.0,
      0.0,
      0.0,
      0.0,
      0.0,
      0.0,
      0.0,
      0.0,
      0.0,
      0.0,
      0.0,
      0.0,
      0.0,
      0.0,
      0.0,
      0.0,
      0.0,
      0.0,
      0.0,
      0.0,
      0.0,
      0.0,
      0.0,
      0.0,
      0.0,
      0.0,
      0.0,
      0.0,
      0.0,
      0.0,
      0.0,
      0.0
    ]
  },
  "test_acc_fedavg": {
    "means": [
      0.8666666666666667,
      0.875,
      0.8944444444444445,
      0.9083333333333333,
      0.9166666666666666,
      0.9222222222222223,
      0.9166666666666666,
      0.9277777777777778,
      0.9277777777777778,
      0.9361111111111111,
      0.9333333333333333,
      0.9361111111111111,
      0.9416666666666667,
      0.9444444444444444,
      0.9472222222222222,
      0.95,
      0.95,
      0.9472222222222222,
      0.9472222222222222,
      0.9527777777777777,
      0.9527777777777777,
      0.9555555555555556,
      0.9555555555555556,
      0.9555555555555556,
      0.9555555555555556,
      0.9555555555555556,
      0.9527777777777777,
      0.9527777777777777,
      0.9527777777777777,
      0.95,
      0.9527777777777777,
      0.9527777777777777,
      0.9527777777777777,
      0.9555555555555556,
      0.9527777777777777,
      0.9555555555555556,
      0.9527777777777777,
      0.95,
      0.95,
      0.9527777777777777,
      0.95,
      0.95,
      0.95,
      0.95,
      0.95,
      0.95,
      0.95,
      0.95,
      0.9527777777777777,
      0.9527777777777777
    ],
    "stds": [
      0.0,
      0.0,
      0.0,
      0.0,
      0.0,
      0.0,
      0.0,
      0.0,
      0.0,
      0.0,
      0.0,
      0.0,
      0.0,
      0.0,
      0.0,
      0.0,
      0.0,
      0.0,
      0.0,
      0.0,
      0.0,
      0.0,
      0.0,
      0.0,
      0.0,
      0.0,
      0.0,
      0.0,
      0.0,
      0.0,
      0.0,
      0.0,
      0.0,
      0.0,
      0.0,
      0.0,
      0.0,
      0.0,
      0.0,
      0.0,
      0.0,
      0.0,
      0.0,
      0.0,
      0.0,
      0.0,
      0.0,
      0.0,
      0.0,
      0.0
    ]
  },
  "test_acc_sfedavg": {
    "means": [
      0.41388888888888886,
      0.6111111111111112,
      0.6611111111111111,
      0.7083333333333334,
      0.75,
      0.7361111111111112,
      0.7583333333333333,
      0.8027777777777778,
      0.7972222222222223,
      0.8305555555555556,
      0.825,
      0.825,
      0.8388888888888889,
      0.8527777777777777,
      0.85,
      0.8611111111111112,
      0.8583333333333333,
      0.8638888888888889,
      0.8694444444444445,
      0.8666666666666667,
      0.8638888888888889,
      0.8722222222222222,
      0.875,
      0.8805555555555555,
      0.8861111111111111,
      0.8861111111111111,
      0.8944444444444445,
      0.8916666666666667,
      0.9027777777777778,
      0.8972222222222223,
      0.9,
      0.9055555555555556,
      0.9083333333333333,
      0.9166666666666666,
      0.9194444444444444,
      0.9194444444444444,
      0.9222222222222223,
      0.9194444444444444,
      0.9194444444444444,
      0.9166666666666666,
      0.9194444444444444,
      0.9194444444444444,
      0.9194444444444444,
      0.9194444444444444,
      0.9194444444444444,
      0.9222222222222223,
      0.9222222222222223,
      0.9222222222222223,
      0.9222222222222223,
      0.9222222222222223
    ],
    "stds": [
      0.0,
      0.0,
      0.0,
      0.0,
      0.0,
      0.0,
      0.0,
      0.0,
      0.0,
      0.0,
      0.0,
      0.0,
      0.0,
      0.0,
      0.0,
      0.0,
      0.0,
      0.0,
      0.0,
      0.0,
      0.0,
      0.0,
      0.0,
      0.0,
      0.0,
      0.0,
      0.0,
      0.0,
      0.0,
      0.0,
      0.0,
      0.0,
      0.0,
      0.0,
      0.0,
      0.0,
      0.0,
      0.0,
      0.0,
      0.0,
      0.0,
      0.0,
      0.0,
      0.0,
      0.0,
      0.0,
      0.0,
      0.0,
      0.0,
      0.0
    ]
  },