{
  "train_loss_sfedavg": {
    "means": [
      0.9383792333847703,
      0.6932804992277407,
      0.5504075375900298,
      0.44577640111226374,
      0.38892640641361503,
      0.34891178811153,
      0.32260578863575773,
      0.2918247272417733,
      0.27725476808035765,
      0.26627012988805765,
      0.25095369519351074,
      0.23836830725996222,
      0.23211189405228183,
      0.22132043685875027,
      0.2139514241129967,
      0.2119491806934708,
      0.20341411793933148,
      0.1979540689370969,
      0.18783475896150367,
      0.179471981128817,
      0.17908163575863026,
      0.1759658368960267,
      0.17263773225241622,
      0.1709664900867443,
      0.16694874551625535,
      0.1614718831013674,
      0.16038647454509294,
      0.1567015979839964,
      0.15054591263811345,
      0.1455736542180407,
      0.14226688547481994,
      0.14331532950906373,
      0.13693849752145712,
      0.13484201398147813,
      0.13445070014350877,
      0.13211456508907513,
      0.13033820221360634,
      0.12996260348151292,
      0.12766464581362355,
      0.12740215367003263,
      0.12657289020133544,
      0.1260526929003876,
      0.12582191016191724,
      0.12453587316856671,
      0.12395632639816648,
      0.1217901116483284,
      0.1240012159287515,
      0.12441667940442357,
      0.11903504971956638,
      0.12065548977324399
    ],
    "stds": [
      0.0,
      0.0,
      0.0,
      0.0,
      0.0,
      0.0,
      0.0,
      0.0,
      0.0,
      0.0,
      0.0,
      0.0,
      0.0,
      0.0,
      0.0,
      0.0,
      0.0,
      0.0,
      0.0,
      0.0,
      0.0,
      0.0,
      0.0,
      0.0,
      0.0,
      0.0,
      0.0,
      0.0,
      0.0,
      0.0,
      0.0,
      0.0,
      0.0,
      0.0,
      0.0,
      0.0,
      0.0,
      0.0,
      0.0,
      0.0,
      0.0,
      0.0,
      0.0,
      0.0,
      0.0,
      0.0,
      0.0,
      0.0,
      0.0,
      0.0
    ]
  },
  "test_acc_sfedavg": {
    "means": [
      0.7305555555555555,
      0.8027777777777778,
      0.8555555555555555,
      0.8833333333333333,
      0.8916666666666667,
      0.8916666666666667,
      0.8972222222222223,
      0.9111111111111111,
      0.9277777777777778,
      0.9305555555555556,
      0.9305555555555556,
      0.9333333333333333,
      0.9277777777777778,
      0.9333333333333333,
      0.9361111111111111,
      0.9388888888888889,
      0.9444444444444444,
      0.9388888888888889,
      0.9416666666666667,
      0.95,
      0.9555555555555556,
      0.9472222222222222,
      0.95,
      0.9444444444444444,
      0.9472222222222222,
      0.9527777777777777,
      0.9555555555555556,
      0.9527777777777777,
      0.9555555555555556,
      0.9527777777777777,
      0.9527777777777777,
      0.9555555555555556,
      0.9583333333333334,
      0.9555555555555556,
      0.9527777777777777,
      0.9555555555555556,
      0.9527777777777777,
      0.9527777777777777,
      0.9472222222222222,
      0.95,
      0.95,
      0.9472222222222222,
      0.9555555555555556,
      0.9527777777777777,
      0.9555555555555556,
      0.95,
      0.9444444444444444,
      0.95,
      0.95,
      0.9472222222222222
    ],
    "stds": [
      0.0,
      0.0,
      0.0,
      0.0,
      0.0,
      0.0,
      0.0,
      0.0,
      0.0,
      0.0,
      0.0,
      0.0,
      0.0,
      0.0,
      0.0,
      0.0,
      0.0,
      0.0,
      0.0,
      0.0,
      0.0,
      0.0,
      0.0,
      0.0,
      0.0,
      0.0,
      0.0,
      0.0,
      0.0,
      0.0,
      0.0,
      0.0,
      0.0,
      0.0,
      0.0,
      0.0,
      0.0,
      0.0,
      0.0,
      0.0,
      0.0,
      0.0,
      0.0,
      0.0,
      0.0,
      0.0,
      0.0,
      0.0,
      0.0,
      0.0
    ]
  },
  "comm_MB_sfedavg": {
    "means": [
      1.66656,
      3.33312,
      4.99968,
      6.66624,
      8.3328,
      9.999360000000001,
      11.665920000000002,
      13.332480000000002,
      14.999040000000003,
      16.6656,
      18.332160000000002,
      19.998720000000002,
      21.665280000000003,
      23.331840000000003,
      24.998400000000004,
      26.664960000000004,
      28.331520000000005,
      29.998080000000005,
      31.664640000000006,
      33.3312,
      34.99776,
      36.66432,
      38.33087999999999,
      39.99743999999999,
      41.66399999999999,
      43.330559999999984,
      44.99711999999998,
      46.66367999999998,
      48.330239999999975,
      49.99679999999997,
      51.66335999999997,
      53.329919999999966,
      54.99647999999996,
      56.66303999999996,
      58.32959999999996,
      59.99615999999995,
      61.66271999999995,
      63.32927999999995,
      64.99583999999994,
      66.66239999999995,
      68.32895999999995,
      69.99551999999996,
      71.66207999999996,
      73.32863999999996,
      74.99519999999997,
      76.66175999999997,
      78.32831999999998,
      79.99487999999998,
      81.66143999999998,
      83.32799999999999
    ],
    "stds": [
      0.0,
      0.0,
      0.0,
      0.0,
      0.0,
      0.0,
      0.0,
      0.0,
      0.0,
      0.0,
      0.0,
      0.0,
      0.0,
      0.0,
      0.0,
      0.0,
      0.0,
      0.0,
      0.0,
      0.0,
      0.0,
      0.0,
      0.0,
      0.0,
      0.0,
      0.0,
      0.0,
      0.0,
      0.0,
      0.0,
      0.0,
      0.0,
      0.0,
      0.0,
      0.0,
      0.0,
      0.0,
      0.0,
      0.0,
      0.0,
      0.0,
      0.0,
      0.0,
      0.0,
      0.0,
      0.0,
      0.0,
      0.0,
      0.0,
      0.0
    ]
  }
}