{
  "train_loss_fedavg": {
    "means": [
      0.8039252494760732,
      0.7723908172754749,
      0.742487365295562,
      0.7147907791482148,
      0.6887226638547598,
      0.6644956623181648,
      0.641695653663919,
      0.6203038944146065,
      0.6004023913886174,
      0.5816522641959319,
      0.5640864801746538,
      0.5474882409327035,
      0.5327221626593279,
      0.5185188286055377,
      0.5050926149483057,
      0.49266802910071145,
      0.4813256881137706,
      0.4705503548378608,
      0.4605064993490093,
      0.4508241363965848,
      0.44189061002062135,
      0.433595476579908,
      0.4258083855876214,
      0.41831847869602135,
      0.41141251179393096,
      0.40492566497341365,
      0.3987915825925829,
      0.3929229251772397,
      0.38735310551612845,
      0.382199491830048
    ],
    "stds": [
      0.0,
      0.0,
      0.0,
      0.0,
      0.0,
      0.0,
      0.0,
      0.0,
      0.0,
      0.0,
      0.0,
      0.0,
      0.0,
      0.0,
      0.0,
      0.0,
      0.0,
      0.0,
      0.0,
      0.0,
      0.0,
      0.0,
      0.0,
      0.0,
      0.0,
      0.0,
      0.0,
      0.0,
      0.0,
      0.0
    ]
  },
  "test_acc_fedavg": {
    "means": [
      0.56055,
      0.57465,
      0.590625,
      0.6056,
      0.6209,
      0.63655,
      0.6511,
      0.665475,
      0.679425,
      0.69435,
      0.7081,
      0.721325,
      0.733225,
      0.7443,
      0.756875,
      0.76715,
      0.77595,
      0.785025,
      0.7936,
      0.803175,
      0.810925,
      0.81905,
      0.82585,
      0.8332,
      0.839925,
      0.845425,
      0.850525,
      0.8551,
      0.859575,
      0.86365
    ],
    "stds": [
      0.0,
      0.0,
      0.0,
      0.0,
      0.0,
      0.0,
      0.0,
      0.0,
      0.0,
      0.0,
      0.0,
      0.0,
      0.0,
      0.0,
      0.0,
      0.0,
      0.0,
      0.0,
      0.0,
      0.0,
      0.0,
      0.0,
      0.0,
      0.0,
      0.0,
      0.0,
      0.0,
      0.0,
      0.0,
      0.0
    ]
  },
  "comm_floats_fedavg": {
    "means": [
      24120.0,
      48240.0,
      72360.0,
      96480.0,
      120600.0,
      144720.0,
      168840.0,
      192960.0,
      217080.0,
      241200.0,
      265320.0,
      289440.0,
      313560.0,
      337680.0,
      361800.0,
      385920.0,
      410040.0,
      434160.0,
      458280.0,
      482400.0,
      506520.0,
      530640.0,
      554760.0,
      578880.0,
      603000.0,
      627120.0,
      651240.0,
      675360.0,
      699480.0,
      723600.0
    ],
    "stds": [
      0.0,
      0.0,
      0.0,
      0.0,
      0.0,
      0.0,
      0.0,
      0.0,
      0.0,
      0.0,
      0.0,
      0.0,
      0.0,
      0.0,
      0.0,
      0.0,
      0.0,
      0.0,
      0.0,
      0.0,
      0.0,
      0.0,
      0.0,
      0.0,
      0.0,
      0.0,
      0.0,
      0.0,
      0.0,
      0.0
    ]
  },
  "comm_per_0.8_acc_fedavg": {
    "means": [
      482400.0
    ],
    "stds": [
      0.0
    ]
  },
  "rounds_to_target_loss_fedavg": {
    "means": [
      16
    ],
    "stds": [
      0.0
    ]
  },
  "train_loss_sfedavg": {
    "means": [
      0.8274709502874869,
      0.8161767981477349,
      0.8096928146573655,
      0.79737040807905,
      0.7831508744017401,
      0.7743697034723792,
      0.7660196737359698,
      0.7586104061198241,
      0.7462346494399303,
      0.7347937934513982,
      0.7264665948036584,
      0.7140479665028318,
      0.7036095028732565,
      0.6964327065987869,
      0.6889139199876634,
      0.6799952520417004,
      0.6736686146715721,
      0.6670830651434709,
      0.6586366751553968,
      0.648947129097217,
      0.6419166924125922,
      0.629809049655455,
      0.621646993990609,
      0.6136127146771713,
      0.6072554163444678,
      0.6010165293101914,
      0.5949601332069605,
      0.5902074841739057,
      0.5854126152293108,
      0.5786868012165264
    ],
    "stds": [
      0.0,
      0.0,
      0.0,
      0.0,
      0.0,
      0.0,
      0.0,
      0.0,
      0.0,
      0.0,
      0.0,
      0.0,
      0.0,
      0.0,
      0.0,
      0.0,
      0.0,
      0.0,
      0.0,
      0.0,
      0.0,
      0.0,
      0.0,
      0.0,
      0.0,
      0.0,
      0.0,
      0.0,
      0.0,
      0.0
    ]
  },
  "test_acc_sfedavg": {
    "means": [
      0.549075,
      0.554025,
      0.557675,
      0.563625,
      0.570925,
      0.5745,
      0.5787,
      0.581125,
      0.58645,
      0.592325,
      0.5986,
      0.60545,
      0.6116,
      0.6149,
      0.61885,
      0.625475,
      0.628825,
      0.633025,
      0.6382,
      0.6443,
      0.65,
      0.658075,
      0.663625,
      0.668875,
      0.6736,
      0.679025,
      0.683,
      0.687575,
      0.69155,
      0.696275
    ],
    "stds": [
      0.0,
      0.0,
      0.0,
      0.0,
      0.0,
      0.0,
      0.0,
      0.0,
      0.0,
      0.0,
      0.0,
      0.0,
      0.0,
      0.0,
      0.0,
      0.0,
      0.0,
      0.0,
      0.0,
      0.0,
      0.0,
      0.0,
      0.0,
      0.0,
      0.0,
      0.0,
      0.0,
      0.0,
      0.0,
      0.0
    ]
  },
  "comm_floats_sfedavg": {
    "means": [
      2448180.0,
      4896360.0,
      7344540.0,
      9792720.0,
      12240900.0,
      14689080.0,
      17137260.0,
      19585440.0,
      22033620.0,
      24481800.0,
      26929980.0,
      29378160.0,
      31826340.0,
      34274520.0,
      36722700.0,
      39170880.0,
      41619060.0,
      44067240.0,
      46515420.0,
      48963600.0,
      51411780.0,
      53859960.0,
      56308140.0,
      58756320.0,
      61204500.0,
      63652680.0,
      66100860.0,
      68549040.0,
      70997220.0,
      73445400.0
    ],
    "stds": [
      0.0,
      0.0,
      0.0,
      0.0,
      0.0,
      0.0,
      0.0,
      0.0,
      0.0,
      0.0,
      0.0,
      0.0,
      0.0,
      0.0,
      0.0,
      0.0,
      0.0,
      0.0,
      0.0,
      0.0,
      0.0,
      0.0,
      0.0,
      0.0,
      0.0,
      0.0,
      0.0,
      0.0,
      0.0,
      0.0
    ]
  }
}