{
  "train_loss_fedavg": {
    "means": [
      0.7836160317396778,
      0.7334381756023153,
      0.6894993589840777,
      0.6500699315632058,
      0.6143678531403484,
      0.5829846220519261,
      0.5544014180133006,
      0.5288236668292932,
      0.50627122430377,
      0.4861715180450564,
      0.46796471081977103,
      0.4516304789652432,
      0.4371928504491706,
      0.424207257802815,
      0.4124717235874703,
      0.4016314312050059,
      0.39164901326566176,
      0.38282084172421943,
      0.3748049559645424,
      0.367411503552609,
      0.36068766827941456,
      0.3543046466568233,
      0.3484609011082336,
      0.34310077648811826,
      0.3380675263590938,
      0.3333937055911574,
      0.32910451772710847,
      0.3250021153110758,
      0.32106086053020455,
      0.31745049501391154
    ],
    "stds": [
      0.0,
      0.0,
      0.0,
      0.0,
      0.0,
      0.0,
      0.0,
      0.0,
      0.0,
      0.0,
      0.0,
      0.0,
      0.0,
      0.0,
      0.0,
      0.0,
      0.0,
      0.0,
      0.0,
      0.0,
      0.0,
      0.0,
      0.0,
      0.0,
      0.0,
      0.0,
      0.0,
      0.0,
      0.0,
      0.0
    ]
  },
  "test_acc_fedavg": {
    "means": [
      0.570125,
      0.5952,
      0.6205,
      0.645125,
      0.669925,
      0.693,
      0.715875,
      0.73555,
      0.755075,
      0.7722,
      0.7879,
      0.80215,
      0.8163,
      0.827425,
      0.838025,
      0.8476,
      0.8554,
      0.8628,
      0.869225,
      0.874775,
      0.8805,
      0.8857,
      0.8904,
      0.893475,
      0.896725,
      0.89855,
      0.901025,
      0.90315,
      0.904825,
      0.907
    ],
    "stds": [
      0.0,
      0.0,
      0.0,
      0.0,
      0.0,
      0.0,
      0.0,
      0.0,
      0.0,
      0.0,
      0.0,
      0.0,
      0.0,
      0.0,
      0.0,
      0.0,
      0.0,
      0.0,
      0.0,
      0.0,
      0.0,
      0.0,
      0.0,
      0.0,
      0.0,
      0.0,
      0.0,
      0.0,
      0.0,
      0.0
    ]
  },
  "comm_floats_fedavg": {
    "means": [
      16080.0,
      32160.0,
      48240.0,
      64320.0,
      80400.0,
      96480.0,
      112560.0,
      128640.0,
      144720.0,
      160800.0,
      176880.0,
      192960.0,
      209040.0,
      225120.0,
      241200.0,
      257280.0,
      273360.0,
      289440.0,
      305520.0,
      321600.0,
      337680.0,
      353760.0,
      369840.0,
      385920.0,
      402000.0,
      418080.0,
      434160.0,
      450240.0,
      466320.0,
      482400.0
    ],
    "stds": [
      0.0,
      0.0,
      0.0,
      0.0,
      0.0,
      0.0,
      0.0,
      0.0,
      0.0,
      0.0,
      0.0,
      0.0,
      0.0,
      0.0,
      0.0,
      0.0,
      0.0,
      0.0,
      0.0,
      0.0,
      0.0,
      0.0,
      0.0,
      0.0,
      0.0,
      0.0,
      0.0,
      0.0,
      0.0,
      0.0
    ]
  },
  "comm_per_0.8_acc_fedavg": {
    "means": [
      192960.0
    ],
    "stds": [
      0.0
    ]
  },
  "rounds_to_target_loss_fedavg": {
    "means": [
      10
    ],
    "stds": [
      0.0
    ]
  },
  "train_loss_sfedavg": {
    "means": [
      0.8203642732230255,
      0.8036933899486568,
      0.7860909869877332,
      0.7697717925005543,
      0.740848693708061,
      0.7101691839645253,
      0.6973893648692431,
      0.6780283807797594,
      0.6657001789618208,
      0.64898311171632,
      0.6333460666693459,
      0.6189438150726335,
      0.6039214541528245,
      0.585584773855771,
      0.5767268931521845,
      0.5614622755271701,
      0.5437498912516958,
      0.5315928333533114,
      0.5232869164423961,
      0.5120329067758462,
      0.4991122461380637,
      0.49194262016889906,
      0.48326477043231497,
      0.4755078726172276,
      0.4709709174206888,
      0.46198519973290575,
      0.45547046149129244,
      0.4485430439206856,
      0.4405522184184795,
      0.43270674520281055
    ],
    "stds": [
      0.0,
      0.0,
      0.0,
      0.0,
      0.0,
      0.0,
      0.0,
      0.0,
      0.0,
      0.0,
      0.0,
      0.0,
      0.0,
      0.0,
      0.0,
      0.0,
      0.0,
      0.0,
      0.0,
      0.0,
      0.0,
      0.0,
      0.0,
      0.0,
      0.0,
      0.0,
      0.0,
      0.0,
      0.0,
      0.0
    ]
  },
  "test_acc_sfedavg": {
    "means": [
      0.55355,
      0.562575,
      0.571375,
      0.577025,
      0.5938,
      0.611675,
      0.6204,
      0.6311,
      0.638975,
      0.65,
      0.65895,
      0.66805,
      0.680525,
      0.69195,
      0.697525,
      0.7073,
      0.72075,
      0.73045,
      0.736275,
      0.745475,
      0.756125,
      0.761125,
      0.76705,
      0.77375,
      0.776875,
      0.78465,
      0.7902,
      0.7964,
      0.8021,
      0.80865
    ],
    "stds": [
      0.0,
      0.0,
      0.0,
      0.0,
      0.0,
      0.0,
      0.0,
      0.0,
      0.0,
      0.0,
      0.0,
      0.0,
      0.0,
      0.0,
      0.0,
      0.0,
      0.0,
      0.0,
      0.0,
      0.0,
      0.0,
      0.0,
      0.0,
      0.0,
      0.0,
      0.0,
      0.0,
      0.0,
      0.0,
      0.0
    ]
  },
  "comm_floats_sfedavg": {
    "means": [
      1632120.0,
      3264240.0,
      4896360.0,
      6528480.0,
      8160600.0,
      9792720.0,
      11424840.0,
      13056960.0,
      14689080.0,
      16321200.0,
      17953320.0,
      19585440.0,
      21217560.0,
      22849680.0,
      24481800.0,
      26113920.0,
      27746040.0,
      29378160.0,
      31010280.0,
      32642400.0,
      34274520.0,
      35906640.0,
      37538760.0,
      39170880.0,
      40803000.0,
      42435120.0,
      44067240.0,
      45699360.0,
      47331480.0,
      48963600.0
    ],
    "stds": [
      0.0,
      0.0,
      0.0,
      0.0,
      0.0,
      0.0,
      0.0,
      0.0,
      0.0,
      0.0,
      0.0,
      0.0,
      0.0,
      0.0,
      0.0,
      0.0,
      0.0,
      0.0,
      0.0,
      0.0,
      0.0,
      0.0,
      0.0,
      0.0,
      0.0,
      0.0,
      0.0,
      0.0,
      0.0,
      0.0
    ]
  },
  "comm_per_0.8_acc_sfedavg": {
    "means": [
      47331480.0
    ],
    "stds": [
      0.0
    ]
  },
  "rounds_to_target_loss_sfedavg": {
    "means": [
      21
    ],
    "stds": [
      0.0
    ]
  }
}