{
  "train_loss_fedavg": {
    "means": [
      1.5075891787846678,
      1.1183070890386149,
      0.8891284617666186,
      0.7518379621058895,
      0.6593201621151848,
      0.5923992130446589,
      0.5400843792784472,
      0.4987370942317255,
      0.46289804040146676,
      0.43608794419723595,
      0.4106809423752524,
      0.3888229457050974,
      0.3706922068018917,
      0.3549666002497295,
      0.34158183106606865,
      0.32941289500562176,
      0.319467623468504,
      0.3082286437578048,
      0.2992599295845508,
      0.2899823565707583,
      0.282293257777269,
      0.2743704304698817,
      0.26828054649374933,
      0.26220710873567554,
      0.2566780346861777,
      0.2511686670298244,
      0.24549814493098163,
      0.24182284198467655,
      0.23647038331661915,
      0.23228002639559892,
      0.22830345764238968,
      0.22502686550267645,
      0.22074173453836643,
      0.21698190555982733,
      0.21346488659387378,
      0.21100802831595178,
      0.20777607606231432,
      0.20440563125353006,
      0.2020138424005966,
      0.19974379591238758,
      0.19722199508907035,
      0.19452927275498427,
      0.19215508076869886,
      0.18997670923443846,
      0.18797313097898494,
      0.18572046755670368,
      0.18378334372682378,
      0.18200138047100362,
      0.17996776426612726,
      0.17828527445018338
    ],
    "stds": [
      0.0,
      0.0,
      0.0,
      0.0,
      0.0,
      0.0,
      0.0,
      0.0,
      0.0,
      0.0,
      0.0,
      0.0,
      0.0,
      0.0,
      0.0,
      0.0,
      0.0,
      0.0,
      0.0,
      0.0,
      0.0,
      0.0,
      0.0,
      0.0,
      0.0,
      0.0,
      0.0,
      0.0,
      0.0,
      0.0,
      0.0,
      0.0,
      0.0,
      0.0,
      0.0,
      0.0,
      0.0,
      0.0,
      0.0,
      0.0,
      0.0,
      0.0,
      0.0,
      0.0,
      0.0,
      0.0,
      0.0,
      0.0,
      0.0,
      0.0
    ]
  },
  "train_loss_sfedavg": {
    "means": [
      1.8848208107572786,
      1.6036708979480108,
      1.3819245443499346,
      1.2112822018767586,
      1.0738441686207363,
      0.9799177459737657,
      0.8841648104129993,
      0.8004371259577322,
      0.7447209929216468,
      0.6999265373648904,
      0.6597814947944239,
      0.6155602639242695,
      0.5884615623552271,
      0.5593170422930567,
      0.5342678351950058,
      0.5181553520802741,
      0.49897479663783006,
      0.48440891414337983,
      0.4732780608127562,
      0.4565033030335665,
      0.44335690855085913,
      0.43145858282652655,
      0.41785481869195007,
      0.4054812882038008,
      0.39602284718115444,
      0.3845603839211184,
      0.3747690119209222,
      0.36557037681284094,
      0.3591765334242415,
      0.3524983035448841,
      0.3463012518582585,
      0.34083922033027075,
      0.33502655638082507,
      0.32800142541590344,
      0.3220764249461033,
      0.31736707406150466,
      0.31223148705269865,
      0.3063881369055342,
      0.3026952822120205,
      0.2974150148627003,
      0.2934516482851038,
      0.2898980945177524,
      0.28611422237170925,
      0.2826792315441625,
      0.27936356147958435,
      0.27597612513063075,
      0.2717536278803042,
      0.26818396127759553,
      0.2657090885905979,
      0.2626921131457165
    ],
    "stds": [
      0.0,
      0.0,
      0.0,
      0.0,
      0.0,
      0.0,
      0.0,
      0.0,
      0.0,
      0.0,
      0.0,
      0.0,
      0.0,
      0.0,
      0.0,
      0.0,
      0.0,
      0.0,
      0.0,
      0.0,
      0.0,
      0.0,
      0.0,
      0.0,
      0.0,
      0.0,
      0.0,
      0.0,
      0.0,
      0.0,
      0.0,
      0.0,
      0.0,
      0.0,
      0.0,
      0.0,
      0.0,
      0.0,
      0.0,
      0.0,
      0.0,
      0.0,
      0.0,
      0.0,
      0.0,
      0.0,
      0.0,
      0.0,
      0.0,
      0.0
    ]
  },
  "test_acc_fedavg": {
    "means": [
      0.8666666666666667,
      0.8777777777777778,
      0.9083333333333333,
      0.9083333333333333,
      0.9138888888888889,
      0.925,
      0.925,
      0.9305555555555556,
      0.9305555555555556,
      0.9416666666666667,
      0.9388888888888889,
      0.9444444444444444,
      0.9472222222222222,
      0.9444444444444444,
      0.9472222222222222,
      0.95,
      0.9555555555555556,
      0.95,
      0.95,
      0.9555555555555556,
      0.9555555555555556,
      0.9555555555555556,
      0.9555555555555556,
      0.9555555555555556,
      0.9527777777777777,
      0.9555555555555556,
      0.9527777777777777,
      0.9527777777777777,
      0.9527777777777777,
      0.9527777777777777,
      0.9527777777777777,
      0.9527777777777777,
      0.9527777777777777,
      0.9555555555555556,
      0.9555555555555556,
      0.9527777777777777,
      0.9527777777777777,
      0.9527777777777777,
      0.9527777777777777,
      0.9527777777777777,
      0.9527777777777777,
      0.9527777777777777,
      0.95,
      0.95,
      0.95,
      0.9527777777777777,
      0.9527777777777777,
      0.9527777777777777,
      0.9555555555555556,
      0.9527777777777777
    ],
    "stds": [
      0.0,
      0.0,
      0.0,
      0.0,
      0.0,
      0.0,
      0.0,
      0.0,
      0.0,
      0.0,
      0.0,
      0.0,
      0.0,
      0.0,
      0.0,
      0.0,
      0.0,
      0.0,
      0.0,
      0.0,
      0.0,
      0.0,
      0.0,
      0.0,
      0.0,
      0.0,
      0.0,
      0.0,
      0.0,
      0.0,
      0.0,
      0.0,
      0.0,
      0.0,
      0.0,
      0.0,
      0.0,
      0.0,
      0.0,
      0.0,
      0.0,
      0.0,
      0.0,
      0.0,
      0.0,
      0.0,
      0.0,
      0.0,
      0.0,
      0.0
    ]
  },
  "test_acc_sfedavg": {
    "means": [
      0.6305555555555555,
      0.7027777777777777,
      0.7472222222222222,
      0.8,
      0.8277777777777777,
      0.8305555555555556,
      0.8583333333333333,
      0.8722222222222222,
      0.8722222222222222,
      0.8777777777777778,
      0.8972222222222223,
      0.9138888888888889,
      0.9055555555555556,
      0.9111111111111111,
      0.9166666666666666,
      0.9305555555555556,
      0.925,
      0.9222222222222223,
      0.9194444444444444,
      0.925,
      0.9277777777777778,
      0.9305555555555556,
      0.9361111111111111,
      0.9388888888888889,
      0.9388888888888889,
      0.9388888888888889,
      0.9388888888888889,
      0.9444444444444444,
      0.95,
      0.95,
      0.95,
      0.9555555555555556,
      0.9555555555555556,
      0.95,
      0.9555555555555556,
      0.9583333333333334,
      0.9583333333333334,
      0.9611111111111111,
      0.9555555555555556,
      0.9527777777777777,
      0.9527777777777777,
      0.9527777777777777,
      0.9555555555555556,
      0.9555555555555556,
      0.9583333333333334,
      0.9555555555555556,
      0.9555555555555556,
      0.9555555555555556,
      0.9555555555555556,
      0.9555555555555556
    ],
    "stds": [
      0.0,
      0.0,
      0.0,
      0.0,
      0.0,
      0.0,
      0.0,
      0.0,
      0.0,
      0.0,
      0.0,
      0.0,
      0.0,
      0.0,
      0.0,
      0.0,
      0.0,
      0.0,
      0.0,
      0.0,
      0.0,
      0.0,
      0.0,
      0.0,
      0.0,
      0.0,
      0.0,
      0.0,
      0.0,
      0.0,
      0.0,
      0.0,
      0.0,
      0.0,
      0.0,
      0.0,
      0.0,
      0.0,
      0.0,
      0.0,
      0.0,
      0.0,
      0.0,
      0.0,
      0.0,
      0.0,
      0.0,
      0.0,
      0.0,
      0.0
    ]
  },