{
  "train_loss/FedAvg": {
    "means": [
      0.5508584605666261,
      0.38559506492392226,
      0.31187984756367576,
      0.274416521668157,
      0.24379823001610723,
      0.20410785306652685,
      0.15682220680945264,
      0.1464997653041672,
      0.12541110412113435,
      0.1162866653354469,
      0.12153609873462401,
      0.10320984498946853,
      0.10156475861638618,
      0.09183074205609552,
      0.08433596886359117,
      0.08611766822397593,
      0.08023640266961705,
      0.07933224848715947,
      0.07419559238026084,
      0.06794467119795404,
      0.06714730772796851,
      0.06565017291358201,
      0.06486962056897182,
      0.061163371249529884,
      0.057734275834433385,
      0.05597817328013644,
      0.05532021140345894,
      0.05482891229976866,
      0.05231502929415664,
      0.05064773203756526,
      0.04879971161951221,
      0.04835962879926776,
      0.04825016751840113,
      0.04649661894877267,
      0.04541066147380016,
      0.043809432918183955,
      0.04358212550089782,
      0.04369278818433836,
      0.042382168233557074,
      0.04144350909854791,
      0.04022702530890059,
      0.04014785023480246,
      0.04032706495429284,
      0.03930667783227275,
      0.0384578410722644,
      0.03756777130048441,
      0.037580807100816974,
      0.03777050191796856,
      0.03694480903357347,
      0.03622515664398635,
      0.035524869070756374,
      0.03560124919294903,
      0.03578799756834384,
      0.035102079361268995,
      0.03452266972503256,
      0.03390649028954554,
      0.034033340811336577,
      0.03421195363106705,
      0.03364243973954448,
      0.033175571135334675
    ],
    "stds": [
      0.0,
      0.0,
      0.0,
      0.0,
      0.0,
      0.0,
      0.0,
      0.0,
      0.0,
      0.0,
      0.0,
      0.0,
      0.0,
      0.0,
      0.0,
      0.0,
      0.0,
      0.0,
      0.0,
      0.0,
      0.0,
      0.0,
      0.0,
      0.0,
      0.0,
      0.0,
      0.0,
      0.0,
      0.0,
      0.0,
      0.0,
      0.0,
      0.0,
      0.0,
      0.0,
      0.0,
      0.0,
      0.0,
      0.0,
      0.0,
      0.0,
      0.0,
      0.0,
      0.0,
      0.0,
      0.0,
      0.0,
      0.0,
      0.0,
      0.0,
      0.0,
      0.0,
      0.0,
      0.0,
      0.0,
      0.0,
      0.0,
      0.0,
      0.0,
      0.0
    ]
  },
  "train_loss/SFedAvg": {
    "means": [
      1.4107691676375467,
      1.0534152956839458,
      0.843358130231684,
      0.7136602444900587,
      0.6241732795622996,
      0.549699754710498,
      0.4842278598828437,
      0.4440688202131138,
      0.41308417375445833,
      0.37953757050822723,
      0.35651522331449564,
      0.33436906430296903,
      0.3182021904758641,
      0.3062650352080983,
      0.28913166631804105,
      0.27817950155361204,
      0.26838963071845867,
      0.2577495360234823,
      0.25006481473939113,
      0.2420739989447075,
      0.23401500676252057,
      0.22810131931547298,
      0.22118407624109532,
      0.21466935535751763,
      0.2096423566810927,
      0.2037244959661532,
      0.19902812143960535,
      0.19419899190643095,
      0.1898825854039723,
      0.1858903155707458,
      0.1823100346538226,
      0.1777458908401435,
      0.1741732657880709,
      0.17074110233378811,
      0.16804802407469224,
      0.16512890532404131,
      0.1617910972259747,
      0.1585839265501398,
      0.1566892541095843,
      0.15494538931322735,
      0.1534950612975319,
      0.15098236941938228,
      0.14873607656601354,
      0.146859676715478,
      0.14498629284892178,
      0.14342013522171013,
      0.14136308362139413,
      0.13963928611558107,
      0.1386357928002778,
      0.1370708684354865,
      0.1360903776049009,
      0.13465171631507616,
      0.13308208132977864,
      0.13216285307679085,
      0.1298478757647981,
      0.1289745514946083,
      0.12737679646265626,
      0.12612014414336273,
      0.12545631478200894,
      0.12397837975059942
    ],
    "stds": [
      0.0,
      0.0,
      0.0,
      0.0,
      0.0,
      0.0,
      0.0,
      0.0,
      0.0,
      0.0,
      0.0,
      0.0,
      0.0,
      0.0,
      0.0,
      0.0,
      0.0,
      0.0,
      0.0,
      0.0,
      0.0,
      0.0,
      0.0,
      0.0,
      0.0,
      0.0,
      0.0,
      0.0,
      0.0,
      0.0,
      0.0,
      0.0,
      0.0,
      0.0,
      0.0,
      0.0,
      0.0,
      0.0,
      0.0,
      0.0,
      0.0,
      0.0,
      0.0,
      0.0,
      0.0,
      0.0,
      0.0,
      0.0,
      0.0,
      0.0,
      0.0,
      0.0,
      0.0,
      0.0,
      0.0,
      0.0,
      0.0,
      0.0,
      0.0,
      0.0
    ]
  },
  "test_accuracy/FedAvg": {
    "means": [
      0.8527777777777777,
      0.9194444444444444,
      0.925,
      0.925,
      0.925,
      0.9361111111111111,
      0.9333333333333333,
      0.9361111111111111,
      0.9444444444444444,
      0.9361111111111111,
      0.95,
      0.95,
      0.95,
      0.9527777777777777,
      0.95,
      0.95,
      0.9555555555555556,
      0.9583333333333334,
      0.9583333333333334,
      0.9583333333333334,
      0.9583333333333334,
      0.9611111111111111,
      0.9583333333333334,
      0.9555555555555556,
      0.9666666666666667,
      0.9638888888888889,
      0.9666666666666667,
      0.9638888888888889,
      0.9638888888888889,
      0.9666666666666667,
      0.9638888888888889,
      0.9638888888888889,
      0.9638888888888889,
      0.9638888888888889,
      0.9638888888888889,
      0.9638888888888889,
      0.9638888888888889,
      0.9638888888888889,
      0.9611111111111111,
      0.9638888888888889,
      0.9638888888888889,
      0.9638888888888889,
      0.9638888888888889,
      0.9638888888888889,
      0.9638888888888889,
      0.9638888888888889,
      0.9638888888888889,
      0.9638888888888889,
      0.9638888888888889,
      0.9638888888888889,
      0.9666666666666667,
      0.9611111111111111,
      0.9611111111111111,
      0.9638888888888889,
      0.9666666666666667,
      0.9666666666666667,
      0.9611111111111111,
      0.9611111111111111,
      0.9611111111111111,
      0.9666666666666667
    ],
    "stds": [
      0.0,
      0.0,
      0.0,
      0.0,
      0.0,
      0.0,
      0.0,
      0.0,
      0.0,
      0.0,
      0.0,
      0.0,
      0.0,
      0.0,
      0.0,
      0.0,
      0.0,
      0.0,
      0.0,
      0.0,
      0.0,
      0.0,
      0.0,
      0.0,
      0.0,
      0.0,
      0.0,
      0.0,
      0.0,
      0.0,
      0.0,
      0.0,
      0.0,
      0.0,
      0.0,
      0.0,
      0.0,
      0.0,
      0.0,
      0.0,
      0.0,
      0.0,
      0.0,
      0.0,
      0.0,
      0.0,
      0.0,
      0.0,
      0.0,
      0.0,
      0.0,
      0.0,
      0.0,
      0.0,
      0.0,
      0.0,
      0.0,
      0.0,
      0.0,
      0.0
    ]
  },