{
  "train_loss_sfedavg": {
    "means": [
      2.0439070163911746,
      1.833756945318006,
      1.6427906395180876,
      1.5423667963728005,
      1.4128517333152242,
      1.2684282574503336,
      1.1339968225799544,
      1.0497230664486668,
      0.9728363580974887,
      0.9122829100820157,
      0.8545512430038584,
      0.8049089258443134,
      0.7569732265933395,
      0.7272453426309291,
      0.6952682478056884,
      0.6585070179880561,
      0.6372725867324968,
      0.6168529804030877,
      0.5973217840964096,
      0.5796299514647991,
      0.5632981140945194,
      0.5507273720793808,
      0.5356931955306689,
      0.5226913156036886,
      0.5105920855272578,
      0.49869364783684444,
      0.4868880988669202,
      0.4783200711669273,
      0.4682773363471415,
      0.456468124347512,
      0.44828604239588,
      0.4369525250239393,
      0.42822166341635165,
      0.4171129230495493,
      0.4088259100461439,
      0.401699953024499,
      0.39488402963486047,
      0.38737072655538096,
      0.3818355832101606,
      0.37673531343043465,
      0.3706626827588656,
      0.36519069071585014,
      0.35933984282039916,
      0.3543759183840266,
      0.3494724053245747,
      0.34677121697797325,
      0.3420092804637427,
      0.33682331617960004,
      0.3325745019452482,
      0.32797516071282784,
      0.3245824661116878,
      0.32029354620606654,
      0.31604067752251813,
      0.3124214628049095,
      0.3090836003662546,
      0.30617805081111504,
      0.3037088202584885,
      0.2999536412578656,
      0.29755190033472234,
      0.29425334053378915
    ],
    "stds": [
      0.0,
      0.0,
      0.0,
      0.0,
      0.0,
      0.0,
      0.0,
      0.0,
      0.0,
      0.0,
      0.0,
      0.0,
      0.0,
      0.0,
      0.0,
      0.0,
      0.0,
      0.0,
      0.0,
      0.0,
      0.0,
      0.0,
      0.0,
      0.0,
      0.0,
      0.0,
      0.0,
      0.0,
      0.0,
      0.0,
      0.0,
      0.0,
      0.0,
      0.0,
      0.0,
      0.0,
      0.0,
      0.0,
      0.0,
      0.0,
      0.0,
      0.0,
      0.0,
      0.0,
      0.0,
      0.0,
      0.0,
      0.0,
      0.0,
      0.0,
      0.0,
      0.0,
      0.0,
      0.0,
      0.0,
      0.0,
      0.0,
      0.0,
      0.0,
      0.0
    ]
  },
  "test_acc_sfedavg": {
    "means": [
      0.5194444444444445,
      0.6138888888888889,
      0.675,
      0.7305555555555555,
      0.7611111111111111,
      0.8055555555555556,
      0.8166666666666667,
      0.8277777777777777,
      0.8222222222222222,
      0.8361111111111111,
      0.85,
      0.8583333333333333,
      0.8722222222222222,
      0.875,
      0.8805555555555555,
      0.8861111111111111,
      0.8833333333333333,
      0.8888888888888888,
      0.8888888888888888,
      0.8916666666666667,
      0.8916666666666667,
      0.8916666666666667,
      0.8944444444444445,
      0.8944444444444445,
      0.8944444444444445,
      0.8944444444444445,
      0.8944444444444445,
      0.9,
      0.8916666666666667,
      0.8916666666666667,
      0.8916666666666667,
      0.9,
      0.9,
      0.9055555555555556,
      0.9027777777777778,
      0.9027777777777778,
      0.9083333333333333,
      0.9083333333333333,
      0.9111111111111111,
      0.9138888888888889,
      0.9138888888888889,
      0.9138888888888889,
      0.9166666666666666,
      0.9138888888888889,
      0.9194444444444444,
      0.9194444444444444,
      0.9222222222222223,
      0.9222222222222223,
      0.9277777777777778,
      0.9277777777777778,
      0.9277777777777778,
      0.9222222222222223,
      0.9222222222222223,
      0.9222222222222223,
      0.925,
      0.9277777777777778,
      0.9277777777777778,
      0.925,
      0.9222222222222223,
      0.9222222222222223
    ],
    "stds": [
      0.0,
      0.0,
      0.0,
      0.0,
      0.0,
      0.0,
      0.0,
      0.0,
      0.0,
      0.0,
      0.0,
      0.0,
      0.0,
      0.0,
      0.0,
      0.0,
      0.0,
      0.0,
      0.0,
      0.0,
      0.0,
      0.0,
      0.0,
      0.0,
      0.0,
      0.0,
      0.0,
      0.0,
      0.0,
      0.0,
      0.0,
      0.0,
      0.0,
      0.0,
      0.0,
      0.0,
      0.0,
      0.0,
      0.0,
      0.0,
      0.0,
      0.0,
      0.0,
      0.0,
      0.0,
      0.0,
      0.0,
      0.0,
      0.0,
      0.0,
      0.0,
      0.0,
      0.0,
      0.0,
      0.0,
      0.0,
      0.0,
      0.0,
      0.0,
      0.0
    ]
  },
  "comm_MB_sfedavg": {
    "means": [
      1.67168,
      3.34336,
      5.01504,
      6.68672,
      8.3584,
      10.03008,
      11.70176,
      13.37344,
      15.04512,
      16.7168,
      18.388479999999998,
      20.060159999999996,
      21.731839999999995,
      23.403519999999993,
      25.07519999999999,
      26.74687999999999,
      28.41855999999999,
      30.090239999999987,
      31.761919999999986,
      33.433599999999984,
      35.105279999999986,
      36.77695999999999,
      38.44863999999999,
      40.12031999999999,
      41.791999999999994,
      43.46368,
      45.13536,
      46.80704,
      48.47872,
      50.150400000000005,
      51.82208000000001,
      53.49376000000001,
      55.16544000000001,
      56.83712000000001,
      58.508800000000015,
      60.18048000000002,
      61.85216000000002,
      63.52384000000002,
      65.19552000000002,
      66.86720000000001,
      68.53888,
      70.21056,
      71.88224,
      73.55391999999999,
      75.22559999999999,
      76.89727999999998,
      78.56895999999998,
      80.24063999999997,
      81.91231999999997,
      83.58399999999996,
      85.25567999999996,
      86.92735999999995,
      88.59903999999995,
      90.27071999999994,
      91.94239999999994,
      93.61407999999993,
      95.28575999999993,
      96.95743999999992,
      98.62911999999992,
      100.30079999999991
    ],
    "stds": [
      0.0,
      0.0,
      0.0,
      0.0,
      0.0,
      0.0,
      0.0,
      0.0,
      0.0,
      0.0,
      0.0,
      0.0,
      0.0,
      0.0,
      0.0,
      0.0,
      0.0,
      0.0,
      0.0,
      0.0,
      0.0,
      0.0,
      0.0,
      0.0,
      0.0,
      0.0,
      0.0,
      0.0,
      0.0,
      0.0,
      0.0,
      0.0,
      0.0,
      0.0,
      0.0,
      0.0,
      0.0,
      0.0,
      0.0,
      0.0,
      0.0,
      0.0,
      0.0,
      0.0,
      0.0,
      0.0,
      0.0,
      0.0,
      0.0,
      0.0,
      0.0,
      0.0,
      0.0,
      0.0,
      0.0,
      0.0,
      0.0,
      0.0,
      0.0,
      0.0
    ]
  }
}