{
  "train_loss_fedavg": {
    "means": [
      1.6108055681063325,
      1.2103888563025624,
      0.9817813658832573,
      0.8484524087749518,
      0.7554456424777259,
      0.6948247350561318,
      0.6477288950120758,
      0.6106244985000636,
      0.5835268014610439,
      0.5614795973554272,
      0.5441032200941669,
      0.5262097047785637,
      0.511000670938466,
      0.49960318738062315,
      0.48899494725228365,
      0.48038119916570465,
      0.4704154732774806,
      0.4628059176183297,
      0.4554319943398403,
      0.44699167356897335,
      0.4400775111548358,
      0.4350931729137146,
      0.4298440307352726,
      0.42372035909185285,
      0.4198803497356508,
      0.41498444288145764,
      0.4121327444353864,
      0.4084116188104419,
      0.4036618042504706,
      0.3997074227628417,
      0.3962693692240411,
      0.39236639516079636,
      0.3890588644026537,
      0.3873013477456551,
      0.38449047885629883,
      0.38158915666529153,
      0.37893418045841615,
      0.3764878782818076,
      0.37546714752480687,
      0.37268916245008543,
      0.37065165638917463,
      0.36883207852805283,
      0.36759327388032653,
      0.36500346739221373,
      0.3638021742143405,
      0.3623349443349772,
      0.36025096211647445,
      0.35774101269276853,
      0.3561106626563697,
      0.35511688339903275
    ],
    "stds": [
      0.0,
      0.0,
      0.0,
      0.0,
      0.0,
      0.0,
      0.0,
      0.0,
      0.0,
      0.0,
      0.0,
      0.0,
      0.0,
      0.0,
      0.0,
      0.0,
      0.0,
      0.0,
      0.0,
      0.0,
      0.0,
      0.0,
      0.0,
      0.0,
      0.0,
      0.0,
      0.0,
      0.0,
      0.0,
      0.0,
      0.0,
      0.0,
      0.0,
      0.0,
      0.0,
      0.0,
      0.0,
      0.0,
      0.0,
      0.0,
      0.0,
      0.0,
      0.0,
      0.0,
      0.0,
      0.0,
      0.0,
      0.0,
      0.0,
      0.0
    ]
  },
  "test_acc_fedavg": {
    "means": [
      0.66125,
      0.7025,
      0.725,
      0.735,
      0.74625,
      0.74875,
      0.7575,
      0.76125,
      0.7625,
      0.77125,
      0.77,
      0.77375,
      0.77125,
      0.76625,
      0.7725,
      0.77375,
      0.7775,
      0.77625,
      0.77875,
      0.79,
      0.78375,
      0.7875,
      0.7875,
      0.7925,
      0.79625,
      0.79875,
      0.795,
      0.80375,
      0.8025,
      0.79375,
      0.795,
      0.80125,
      0.79625,
      0.7925,
      0.79125,
      0.795,
      0.7925,
      0.79375,
      0.79,
      0.7925,
      0.7925,
      0.7875,
      0.795,
      0.795,
      0.79375,
      0.795,
      0.79375,
      0.795,
      0.795,
      0.79
    ],
    "stds": [
      0.0,
      0.0,
      0.0,
      0.0,
      0.0,
      0.0,
      0.0,
      0.0,
      0.0,
      0.0,
      0.0,
      0.0,
      0.0,
      0.0,
      0.0,
      0.0,
      0.0,
      0.0,
      0.0,
      0.0,
      0.0,
      0.0,
      0.0,
      0.0,
      0.0,
      0.0,
      0.0,
      0.0,
      0.0,
      0.0,
      0.0,
      0.0,
      0.0,
      0.0,
      0.0,
      0.0,
      0.0,
      0.0,
      0.0,
      0.0,
      0.0,
      0.0,
      0.0,
      0.0,
      0.0,
      0.0,
      0.0,
      0.0,
      0.0,
      0.0
    ]
  },
  "comm_eff_fedavg": {
    "means": [
      1.0,
      2.0,
      3.0,
      4.0,
      5.0,
      6.0,
      7.0,
      8.0,
      9.0,
      10.0,
      11.0,
      12.0,
      13.0,
      14.0,
      15.0,
      16.0,
      17.0,
      18.0,
      19.0,
      20.0,
      21.0,
      22.0,
      23.0,
      24.0,
      25.0,
      26.0,
      27.0,
      28.0,
      29.0,
      30.0,
      31.0,
      32.0,
      33.0,
      34.0,
      35.0,
      36.0,
      37.0,
      38.0,
      39.0,
      40.0,
      41.0,
      42.0,
      43.0,
      44.0,
      45.0,
      46.0,
      47.0,
      48.0,
      49.0,
      50.0
    ],
    "stds": [
      0.0,
      0.0,
      0.0,
      0.0,
      0.0,
      0.0,
      0.0,
      0.0,
      0.0,
      0.0,
      0.0,
      0.0,
      0.0,
      0.0,
      0.0,
      0.0,
      0.0,
      0.0,
      0.0,
      0.0,
      0.0,
      0.0,
      0.0,
      0.0,
      0.0,
      0.0,
      0.0,
      0.0,
      0.0,
      0.0,
      0.0,
      0.0,
      0.0,
      0.0,
      0.0,
      0.0,
      0.0,
      0.0,
      0.0,
      0.0,
      0.0,
      0.0,
      0.0,
      0.0,
      0.0,
      0.0,
      0.0,
      0.0,
      0.0,
      0.0
    ]
  },
  "train_loss_sfedavg": {
    "means": [
      2.1270489035884337,
      1.957796818057106,
      1.8363961513867408,
      1.734841448925971,
      1.6259457949634646,
      1.5287680485557678,
      1.4555359570173403,
      1.3948353564198321,
      1.3415756673713526,
      1.2918983071788182,
      1.2430323121051834,
      1.1964143109808478,
      1.1552772223904793,
      1.1222264953037975,
      1.0900179466225834,
      1.0507569372371517,
      1.0144895752747218,
      0.9932704284762559,
      0.9671340180178584,
      0.9436716173958533,
      0.9142181640562203,
      0.8971037715730135,
      0.8752920974630115,
      0.8578624049206064,
      0.8444834946464022,
      0.8293645340481263,
      0.8184527438556582,
      0.8073738356011075,
      0.7965952382196402,
      0.7859401045189205,
      0.7727048301376713,
      0.7623440955603863,
      0.7501605987369111,
      0.7375137994516282,
      0.7284613599651945,
      0.7187795372235825,
      0.710793662815448,
      0.7018845924760825,
      0.6946630654221476,
      0.687686804170155,
      0.6793298011137955,
      0.6706909938632494,
      0.6641269470466871,
      0.6574264682518343,
      0.65075684224897,
      0.6449514194657675,
      0.6394675175049455,
      0.6339449160841624,
      0.6282479264991457,
      0.6230652047306162
    ],
    "stds": [
      0.0,
      0.0,
      0.0,
      0.0,
      0.0,
      0.0,
      0.0,
      0.0,
      0.0,
      0.0,
      0.0,
      0.0,
      0.0,
      0.0,
      0.0,
      0.0,
      0.0,
      0.0,
      0.0,
      0.0,
      0.0,
      0.0,
      0.0,
      0.0,
      0.0,
      0.0,
      0.0,
      0.0,
      0.0,
      0.0,
      0.0,
      0.0,
      0.0,
      0.0,
      0.0,
      0.0,
      0.0,
      0.0,
      0.0,
      0.0,
      0.0,
      0.0,
      0.0,
      0.0,
      0.0,
      0.0,
      0.0,
      0.0,
      0.0,
      0.0
    ]
  },
  "test_acc_sfedavg": {
    "means": [
      0.27125,
      0.3575,
      0.405,
      0.44375,
      0.48125,
      0.5225,
      0.5325,
      0.55375,
      0.56875,
      0.58375,
      0.59375,
      0.60375,
      0.6225,
      0.63375,
      0.64375,
      0.66625,
      0.68625,
      0.6775,
      0.685,
      0.68875,
      0.68875,
      0.695,
      0.69875,
      0.70125,
      0.7125,
      0.7125,
      0.7125,
      0.7125,
      0.70625,
      0.7075,
      0.71125,
      0.71875,
      0.7225,
      0.72,
      0.73,
      0.73375,
      0.73375,
      0.73625,
      0.7425,
      0.7375,
      0.745,
      0.73875,
      0.74875,
      0.74125,
      0.74125,
      0.75375,
      0.7525,
      0.75,
      0.75625,
      0.7625
    ],
    "stds": [
      0.0,
      0.0,
      0.0,
      0.0,
      0.0,
      0.0,
      0.0,
      0.0,
      0.0,
      0.0,
      0.0,
      0.0,
      0.0,
      0.0,
      0.0,
      0.0,
      0.0,
      0.0,
      0.0,
      0.0,
      0.0,
      0.0,
      0.0,
      0.0,
      0.0,
      0.0,
      0.0,
      0.0,
      0.0,
      0.0,
      0.0,
      0.0,
      0.0,
      0.0,
      0.0,
      0.0,
      0.0,
      0.0,
      0.0,
      0.0,
      0.0,
      0.0,
      0.0,
      0.0,
      0.0,
      0.0,
      0.0,
      0.0,
      0.0,
      0.0
    ]
  },