{
  "train_loss_fedavg": {
    "means": [
      1.8278728753703737,
      1.3458171844244686,
      0.8952441070569042,
      0.6716467627554746,
      0.6040585563282799,
      0.5673608761933547,
      0.5695333952443735,
      0.4715965600032845,
      0.46236439584833344,
      0.40757215675989955,
      0.34943999540311227,
      0.3403026733897583,
      0.3314178620726022,
      0.34016472424038524,
      0.37627821245339,
      0.3300084925733248,
      0.2732451502533176,
      0.2883552360893951,
      0.2564779065637513,
      0.27795385087875657,
      0.2780257801675926,
      0.2728819846478929,
      0.24181685302684625,
      0.23492033634034548,
      0.21607918193026598,
      0.1953824241854868,
      0.1950362785803184,
      0.18768365924721594,
      0.1950679619263169,
      0.18674570025504703
    ],
    "stds": [
      0.0,
      0.0,
      0.0,
      0.0,
      0.0,
      0.0,
      0.0,
      0.0,
      0.0,
      0.0,
      0.0,
      0.0,
      0.0,
      0.0,
      0.0,
      0.0,
      0.0,
      0.0,
      0.0,
      0.0,
      0.0,
      0.0,
      0.0,
      0.0,
      0.0,
      0.0,
      0.0,
      0.0,
      0.0,
      0.0
    ]
  },
  "test_acc_fedavg": {
    "means": [
      0.7805555555555556,
      0.85,
      0.8861111111111111,
      0.9,
      0.9194444444444444,
      0.9055555555555556,
      0.9277777777777778,
      0.9138888888888889,
      0.9138888888888889,
      0.925,
      0.9305555555555556,
      0.925,
      0.9305555555555556,
      0.9305555555555556,
      0.9277777777777778,
      0.9444444444444444,
      0.9361111111111111,
      0.9361111111111111,
      0.9416666666666667,
      0.9361111111111111,
      0.9361111111111111,
      0.9388888888888889,
      0.9416666666666667,
      0.9388888888888889,
      0.9444444444444444,
      0.9416666666666667,
      0.9472222222222222,
      0.9527777777777777,
      0.9444444444444444,
      0.9472222222222222
    ],
    "stds": [
      0.0,
      0.0,
      0.0,
      0.0,
      0.0,
      0.0,
      0.0,
      0.0,
      0.0,
      0.0,
      0.0,
      0.0,
      0.0,
      0.0,
      0.0,
      0.0,
      0.0,
      0.0,
      0.0,
      0.0,
      0.0,
      0.0,
      0.0,
      0.0,
      0.0,
      0.0,
      0.0,
      0.0,
      0.0,
      0.0
    ]
  },
  "comm_MB_fedavg": {
    "means": [
      0.23808,
      0.47616,
      0.71424,
      0.95232,
      1.1904000000000001,
      1.4284800000000002,
      1.6665600000000003,
      1.9046400000000003,
      2.14272,
      2.3808000000000002,
      2.6188800000000003,
      2.8569600000000004,
      3.0950400000000005,
      3.3331200000000005,
      3.5712000000000006,
      3.8092800000000007,
      4.04736,
      4.28544,
      4.52352,
      4.7616000000000005,
      4.999680000000001,
      5.237760000000001,
      5.475840000000001,
      5.713920000000001,
      5.952000000000001,
      6.190080000000001,
      6.428160000000001,
      6.666240000000001,
      6.904320000000001,
      7.142400000000001
    ],
    "stds": [
      0.0,
      0.0,
      0.0,
      0.0,
      0.0,
      0.0,
      0.0,
      0.0,
      0.0,
      0.0,
      0.0,
      0.0,
      0.0,
      0.0,
      0.0,
      0.0,
      0.0,
      0.0,
      0.0,
      0.0,
      0.0,
      0.0,
      0.0,
      0.0,
      0.0,
      0.0,
      0.0,
      0.0,
      0.0,
      0.0
    ]
  },
  "train_loss_sfedavg": {
    "means": [
      1.323357933216067,
      0.9747189940810012,
      0.7603408642464737,
      0.6739933254230421,
      0.5374133581163715,
      0.5064226550739482,
      0.4627324901614282,
      0.41857844575391373,
      0.37133902584429024,
      0.34790820910656794,
      0.3212411691798473,
      0.29173888286565813,
      0.27570186239849953,
      0.26754877507016406,
      0.25618382461484723,
      0.2764716297025877,
      0.25838591525694704,
      0.2669534192635781,
      0.2566352016671989,
      0.23153470094993986,
      0.22030461119518743,
      0.21279211196719192,
      0.2083173892511545,
      0.20371995187963438,
      0.1884960529927295,
      0.17908795460254437,
      0.17638008295448251,
      0.1731048636816913,
      0.17181985180186632,
      0.1644439793510774
    ],
    "stds": [
      0.0,
      0.0,
      0.0,
      0.0,
      0.0,
      0.0,
      0.0,
      0.0,
      0.0,
      0.0,
      0.0,
      0.0,
      0.0,
      0.0,
      0.0,
      0.0,
      0.0,
      0.0,
      0.0,
      0.0,
      0.0,
      0.0,
      0.0,
      0.0,
      0.0,
      0.0,
      0.0,
      0.0,
      0.0,
      0.0
    ]
  },
  "test_acc_sfedavg": {
    "means": [
      0.6472222222222223,
      0.7277777777777777,
      0.7861111111111111,
      0.8277777777777777,
      0.8638888888888889,
      0.8638888888888889,
      0.8861111111111111,
      0.875,
      0.8861111111111111,
      0.8805555555555555,
      0.8638888888888889,
      0.8888888888888888,
      0.8805555555555555,
      0.8722222222222222,
      0.8833333333333333,
      0.8833333333333333,
      0.9027777777777778,
      0.8972222222222223,
      0.9027777777777778,
      0.9138888888888889,
      0.9166666666666666,
      0.9194444444444444,
      0.9222222222222223,
      0.9305555555555556,
      0.9138888888888889,
      0.9083333333333333,
      0.9111111111111111,
      0.9222222222222223,
      0.9194444444444444,
      0.9277777777777778
    ],
    "stds": [
      0.0,
      0.0,
      0.0,
      0.0,
      0.0,
      0.0,
      0.0,
      0.0,
      0.0,
      0.0,
      0.0,
      0.0,
      0.0,
      0.0,
      0.0,
      0.0,
      0.0,
      0.0,
      0.0,
      0.0,
      0.0,
      0.0,
      0.0,
      0.0,
      0.0,
      0.0,
      0.0,
      0.0,
      0.0,
      0.0
    ]
  },
  "comm_MB_sfedavg": {
    "means": [
      14.98368,
      29.96736,
      44.95104,
      59.93472,
      74.91839999999999,
      89.90207999999998,
      104.88575999999998,
      119.86943999999997,
      134.85311999999996,
      149.83679999999995,
      164.82047999999995,
      179.80415999999994,
      194.78783999999993,
      209.77151999999992,
      224.75519999999992,
      239.7388799999999,
      254.7225599999999,
      269.7062399999999,
      284.6899199999999,
      299.6735999999999,
      314.6572799999999,
      329.6409599999999,
      344.6246399999999,
      359.6083199999999,
      374.59199999999987,
      389.57567999999986,
      404.55935999999986,
      419.54303999999985,
      434.52671999999984,
      449.51039999999983
    ],
    "stds": [
      0.0,
      0.0,
      0.0,
      0.0,
      0.0,
      0.0,
      0.0,
      0.0,
      0.0,
      0.0,
      0.0,
      0.0,
      0.0,
      0.0,
      0.0,
      0.0,
      0.0,
      0.0,
      0.0,
      0.0,
      0.0,
      0.0,
      0.0,
      0.0,
      0.0,
      0.0,
      0.0,
      0.0,
      0.0,
      0.0
    ]
  }
}