{
  "train_loss_sfedavg": {
    "means": [
      2.0815110465543154,
      1.8960653853203038,
      1.7232187921255426,
      1.6309519449089367,
      1.509190549500874,
      1.3705964863557454,
      1.2354911851049317,
      1.1499459686718283,
      1.0705034198745438,
      1.0070766355761782,
      0.9455195434070993,
      0.8921885054101014,
      0.8407646786674816,
      0.8090714444687847,
      0.7736554184025644,
      0.7341475502135683,
      0.71033359569243,
      0.6881203294193098,
      0.6658582840804556,
      0.6454988104587055,
      0.6272561078781709,
      0.6135258470740779,
      0.5974421008101334,
      0.5831779816738127,
      0.5694365642355756,
      0.5558850847716775,
      0.5424329454776142,
      0.5329036272598775,
      0.5216654878678343,
      0.5080374188588425,
      0.49885380760218445,
      0.4861434651522061,
      0.47618473035555375,
      0.46348086016826395,
      0.45437643691564394,
      0.44599377095255704,
      0.4384728295392966,
      0.42994374686661285,
      0.4235518919857658,
      0.4178209612957194,
      0.4109199360539368,
      0.40470410231313847,
      0.3980954017419853,
      0.3923994338771866,
      0.3867433275258461,
      0.383659336494633,
      0.3783715081631078,
      0.37264179077484194,
      0.36782854566650236,
      0.3626999450651258,
      0.358829902291428,
      0.3539720896611238,
      0.34927495149958143,
      0.3451011842469893,
      0.34136580957894647,
      0.3380425044817649,
      0.3353000647991381,
      0.33102282037674285,
      0.328244800302494,
      0.32464696369645557
    ],
    "stds": [
      0.0,
      0.0,
      0.0,
      0.0,
      0.0,
      0.0,
      0.0,
      0.0,
      0.0,
      0.0,
      0.0,
      0.0,
      0.0,
      0.0,
      0.0,
      0.0,
      0.0,
      0.0,
      0.0,
      0.0,
      0.0,
      0.0,
      0.0,
      0.0,
      0.0,
      0.0,
      0.0,
      0.0,
      0.0,
      0.0,
      0.0,
      0.0,
      0.0,
      0.0,
      0.0,
      0.0,
      0.0,
      0.0,
      0.0,
      0.0,
      0.0,
      0.0,
      0.0,
      0.0,
      0.0,
      0.0,
      0.0,
      0.0,
      0.0,
      0.0,
      0.0,
      0.0,
      0.0,
      0.0,
      0.0,
      0.0,
      0.0,
      0.0,
      0.0,
      0.0
    ]
  },
  "test_acc_sfedavg": {
    "means": [
      0.5194444444444445,
      0.6138888888888889,
      0.6583333333333333,
      0.725,
      0.7527777777777778,
      0.8027777777777778,
      0.8,
      0.825,
      0.8222222222222222,
      0.8388888888888889,
      0.8416666666666667,
      0.8416666666666667,
      0.8638888888888889,
      0.8722222222222222,
      0.875,
      0.8805555555555555,
      0.8805555555555555,
      0.8805555555555555,
      0.8861111111111111,
      0.8916666666666667,
      0.8944444444444445,
      0.8916666666666667,
      0.8944444444444445,
      0.8944444444444445,
      0.8944444444444445,
      0.8944444444444445,
      0.9,
      0.8972222222222223,
      0.8972222222222223,
      0.8944444444444445,
      0.8916666666666667,
      0.8916666666666667,
      0.8972222222222223,
      0.8972222222222223,
      0.9055555555555556,
      0.9055555555555556,
      0.9083333333333333,
      0.9083333333333333,
      0.9083333333333333,
      0.9083333333333333,
      0.9111111111111111,
      0.9111111111111111,
      0.9111111111111111,
      0.9111111111111111,
      0.9111111111111111,
      0.9138888888888889,
      0.9166666666666666,
      0.9166666666666666,
      0.9194444444444444,
      0.9222222222222223,
      0.9222222222222223,
      0.9194444444444444,
      0.9194444444444444,
      0.9194444444444444,
      0.925,
      0.9222222222222223,
      0.925,
      0.925,
      0.9222222222222223,
      0.9194444444444444
    ],
    "stds": [
      0.0,
      0.0,
      0.0,
      0.0,
      0.0,
      0.0,
      0.0,
      0.0,
      0.0,
      0.0,
      0.0,
      0.0,
      0.0,
      0.0,
      0.0,
      0.0,
      0.0,
      0.0,
      0.0,
      0.0,
      0.0,
      0.0,
      0.0,
      0.0,
      0.0,
      0.0,
      0.0,
      0.0,
      0.0,
      0.0,
      0.0,
      0.0,
      0.0,
      0.0,
      0.0,
      0.0,
      0.0,
      0.0,
      0.0,
      0.0,
      0.0,
      0.0,
      0.0,
      0.0,
      0.0,
      0.0,
      0.0,
      0.0,
      0.0,
      0.0,
      0.0,
      0.0,
      0.0,
      0.0,
      0.0,
      0.0,
      0.0,
      0.0,
      0.0,
      0.0
    ]
  },
  "comm_MB_sfedavg": {
    "means": [
      1.67168,
      3.34336,
      5.01504,
      6.68672,
      8.3584,
      10.03008,
      11.70176,
      13.37344,
      15.04512,
      16.7168,
      18.388479999999998,
      20.060159999999996,
      21.731839999999995,
      23.403519999999993,
      25.07519999999999,
      26.74687999999999,
      28.41855999999999,
      30.090239999999987,
      31.761919999999986,
      33.433599999999984,
      35.105279999999986,
      36.77695999999999,
      38.44863999999999,
      40.12031999999999,
      41.791999999999994,
      43.46368,
      45.13536,
      46.80704,
      48.47872,
      50.150400000000005,
      51.82208000000001,
      53.49376000000001,
      55.16544000000001,
      56.83712000000001,
      58.508800000000015,
      60.18048000000002,
      61.85216000000002,
      63.52384000000002,
      65.19552000000002,
      66.86720000000001,
      68.53888,
      70.21056,
      71.88224,
      73.55391999999999,
      75.22559999999999,
      76.89727999999998,
      78.56895999999998,
      80.24063999999997,
      81.91231999999997,
      83.58399999999996,
      85.25567999999996,
      86.92735999999995,
      88.59903999999995,
      90.27071999999994,
      91.94239999999994,
      93.61407999999993,
      95.28575999999993,
      96.95743999999992,
      98.62911999999992,
      100.30079999999991
    ],
    "stds": [
      0.0,
      0.0,
      0.0,
      0.0,
      0.0,
      0.0,
      0.0,
      0.0,
      0.0,
      0.0,
      0.0,
      0.0,
      0.0,
      0.0,
      0.0,
      0.0,
      0.0,
      0.0,
      0.0,
      0.0,
      0.0,
      0.0,
      0.0,
      0.0,
      0.0,
      0.0,
      0.0,
      0.0,
      0.0,
      0.0,
      0.0,
      0.0,
      0.0,
      0.0,
      0.0,
      0.0,
      0.0,
      0.0,
      0.0,
      0.0,
      0.0,
      0.0,
      0.0,
      0.0,
      0.0,
      0.0,
      0.0,
      0.0,
      0.0,
      0.0,
      0.0,
      0.0,
      0.0,
      0.0,
      0.0,
      0.0,
      0.0,
      0.0,
      0.0,
      0.0
    ]
  }
}