{
  "train_loss_fedavg": {
    "means": [
      0.644470313941729,
      0.4187700442415479,
      0.28540087698310096,
      0.2669374912464422,
      0.2880289823310601,
      0.20080800135853744,
      0.1969822617492211,
      0.2190520284995612,
      0.19076381728361286,
      0.2701274403753932,
      0.19495152492498058,
      0.2739486347910244,
      0.2751722843371522,
      0.41294514000030413,
      0.24157392723695922,
      0.2286099710007241,
      0.17542107878441504,
      0.2151189497053817,
      0.2702447678220271,
      0.30337453020686744,
      0.2372561592548282,
      0.1786665365163072,
      0.21865849225400688,
      0.2856772767715156,
      0.21427428214359223,
      0.3672151487569793,
      0.2832288669944067,
      0.18150072032395992,
      0.17197433975017887,
      0.1440695690296408
    ],
    "stds": [
      0.0,
      0.0,
      0.0,
      0.0,
      0.0,
      0.0,
      0.0,
      0.0,
      0.0,
      0.0,
      0.0,
      0.0,
      0.0,
      0.0,
      0.0,
      0.0,
      0.0,
      0.0,
      0.0,
      0.0,
      0.0,
      0.0,
      0.0,
      0.0,
      0.0,
      0.0,
      0.0,
      0.0,
      0.0,
      0.0
    ]
  },
  "test_acc_fedavg": {
    "means": [
      0.8166666666666667,
      0.875,
      0.9222222222222223,
      0.9083333333333333,
      0.9166666666666666,
      0.9305555555555556,
      0.9222222222222223,
      0.9222222222222223,
      0.9416666666666667,
      0.9333333333333333,
      0.9388888888888889,
      0.925,
      0.9305555555555556,
      0.9277777777777778,
      0.9333333333333333,
      0.9361111111111111,
      0.9416666666666667,
      0.9333333333333333,
      0.9305555555555556,
      0.9305555555555556,
      0.9388888888888889,
      0.9555555555555556,
      0.9333333333333333,
      0.9305555555555556,
      0.9361111111111111,
      0.9388888888888889,
      0.9361111111111111,
      0.95,
      0.9416666666666667,
      0.9444444444444444
    ],
    "stds": [
      0.0,
      0.0,
      0.0,
      0.0,
      0.0,
      0.0,
      0.0,
      0.0,
      0.0,
      0.0,
      0.0,
      0.0,
      0.0,
      0.0,
      0.0,
      0.0,
      0.0,
      0.0,
      0.0,
      0.0,
      0.0,
      0.0,
      0.0,
      0.0,
      0.0,
      0.0,
      0.0,
      0.0,
      0.0,
      0.0
    ]
  },
  "comm_cost_fedavg": {
    "means": [
      819200.0,
      1638400.0,
      2457600.0,
      3276800.0,
      4096000.0,
      4915200.0,
      5734400.0,
      6553600.0,
      7372800.0,
      8192000.0,
      9011200.0,
      9830400.0,
      10649600.0,
      11468800.0,
      12288000.0,
      13107200.0,
      13926400.0,
      14745600.0,
      15564800.0,
      16384000.0,
      17203200.0,
      18022400.0,
      18841600.0,
      19660800.0,
      20480000.0,
      21299200.0,
      22118400.0,
      22937600.0,
      23756800.0,
      24576000.0
    ],
    "stds": [
      0.0,
      0.0,
      0.0,
      0.0,
      0.0,
      0.0,
      0.0,
      0.0,
      0.0,
      0.0,
      0.0,
      0.0,
      0.0,
      0.0,
      0.0,
      0.0,
      0.0,
      0.0,
      0.0,
      0.0,
      0.0,
      0.0,
      0.0,
      0.0,
      0.0,
      0.0,
      0.0,
      0.0,
      0.0,
      0.0
    ]
  },
  "effective_update_dims_fedavg": {
    "means": [
      409600.0,
      819200.0,
      1228800.0,
      1638400.0,
      2048000.0,
      2457600.0,
      2867200.0,
      3276800.0,
      3686400.0,
      4096000.0,
      4505600.0,
      4915200.0,
      5324800.0,
      5734400.0,
      6144000.0,
      6553600.0,
      6963200.0,
      7372800.0,
      7782400.0,
      8192000.0,
      8601600.0,
      9011200.0,
      9420800.0,
      9830400.0,
      10240000.0,
      10649600.0,
      11059200.0,
      11468800.0,
      11878400.0,
      12288000.0
    ],
    "stds": [
      0.0,
      0.0,
      0.0,
      0.0,
      0.0,
      0.0,
      0.0,
      0.0,
      0.0,
      0.0,
      0.0,
      0.0,
      0.0,
      0.0,
      0.0,
      0.0,
      0.0,
      0.0,
      0.0,
      0.0,
      0.0,
      0.0,
      0.0,
      0.0,
      0.0,
      0.0,
      0.0,
      0.0,
      0.0,
      0.0
    ]
  },
  "train_loss_sfedavg": {
    "means": [
      1.6044773403015276,
      1.1959887154408144,
      0.9501173136824625,
      0.8115586292932422,
      0.7001006034735424,
      0.6296880161965762,
      0.5706114232967788,
      0.5231769494824706,
      0.4837869234623677,
      0.4505532102432742,
      0.4245876163724305,
      0.4014890598082165,
      0.3831891589105072,
      0.3663311313703746,
      0.35202447258964364,
      0.33852930841600887,
      0.32524180490953264,
      0.3124491928400024,
      0.3048785410731879,
      0.2976314934964614,
      0.28922586184736665,
      0.28010669891351875,
      0.2732723789661654,
      0.2666802788702687,
      0.2607203777361814,
      0.2555027100089281,
      0.24901908188975294,
      0.24378667754165498,
      0.23848468460933175,
      0.2327461956170454
    ],
    "stds": [
      0.0,
      0.0,
      0.0,
      0.0,
      0.0,
      0.0,
      0.0,
      0.0,
      0.0,
      0.0,
      0.0,
      0.0,
      0.0,
      0.0,
      0.0,
      0.0,
      0.0,
      0.0,
      0.0,
      0.0,
      0.0,
      0.0,
      0.0,
      0.0,
      0.0,
      0.0,
      0.0,
      0.0,
      0.0,
      0.0
    ]
  },
  "test_acc_sfedavg": {
    "means": [
      0.6527777777777778,
      0.8277777777777777,
      0.8333333333333334,
      0.8777777777777778,
      0.8805555555555555,
      0.8888888888888888,
      0.8972222222222223,
      0.9,
      0.9055555555555556,
      0.9166666666666666,
      0.9166666666666666,
      0.9194444444444444,
      0.9194444444444444,
      0.925,
      0.9222222222222223,
      0.9194444444444444,
      0.9222222222222223,
      0.9277777777777778,
      0.925,
      0.9361111111111111,
      0.9416666666666667,
      0.9388888888888889,
      0.9361111111111111,
      0.9361111111111111,
      0.9361111111111111,
      0.9416666666666667,
      0.9416666666666667,
      0.9416666666666667,
      0.9444444444444444,
      0.9472222222222222
    ],
    "stds": [
      0.0,
      0.0,
      0.0,
      0.0,
      0.0,
      0.0,
      0.0,
      0.0,
      0.0,
      0.0,
      0.0,
      0.0,
      0.0,
      0.0,
      0.0,
      0.0,
      0.0,
      0.0,
      0.0,
      0.0,
      0.0,
      0.0,
      0.0,
      0.0,
      0.0,
      0.0,
      0.0,
      0.0,
      0.0,
      0.0
    ]
  },
  "comm_cost_sfedavg": {
    "means": [
      4136960.0,
      8273920.0,
      12410880.0,
      16547840.0,
      20684800.0,
      24821760.0,
      28958720.0,
      33095680.0,
      37232640.0,
      41369600.0,
      45506560.0,
      49643520.0,
      53780480.0,
      57917440.0,
      62054400.0,
      66191360.0,
      70328320.0,
      74465280.0,
      78602240.0,
      82739200.0,
      86876160.0,
      91013120.0,
      95150080.0,
      99287040.0,
      103424000.0,
      107560960.0,
      111697920.0,
      115834880.0,
      119971840.0,
      124108800.0
    ],
    "stds": [
      0.0,
      0.0,
      0.0,
      0.0,
      0.0,
      0.0,
      0.0,
      0.0,
      0.0,
      0.0,
      0.0,
      0.0,
      0.0,
      0.0,
      0.0,
      0.0,
      0.0,
      0.0,
      0.0,
      0.0,
      0.0,
      0.0,
      0.0,
      0.0,
      0.0,
      0.0,
      0.0,
      0.0,
      0.0,
      0.0
    ]
  },
  "effective_update_dims_sfedavg": {
    "means": [
      32400.0,
      64800.0,
      97200.0,
      129600.0,
      162000.0,
      194400.0,
      226800.0,
      259200.0,
      291600.0,
      324000.0,
      356400.0,
      388800.0,
      421200.0,
      453600.0,
      486000.0,
      518400.0,
      550800.0,
      583200.0,
      615600.0,
      648000.0,
      680400.0,
      712800.0,
      745200.0,
      777600.0,
      810000.0,
      842400.0,
      874800.0,
      907200.0,
      939600.0,
      972000.0
    ],