{
  "train_loss_sfedavg": {
    "means": [
      1.6953503123456237,
      1.2801359214613086,
      1.0531114135440771,
      0.8967002097902013,
      0.7866395923874163,
      0.6919569421659784,
      0.6214377500832124,
      0.5651457751412088,
      0.5218224454076931,
      0.4857942839252745,
      0.46193458237240964,
      0.4278343591214772,
      0.41007170409914656,
      0.39656575056401105,
      0.37615569648026564,
      0.3613817336833271,
      0.35172622911031326,
      0.3390186513007789,
      0.3290048840609839,
      0.31919210663915176,
      0.31096697369202253,
      0.2980848392259273,
      0.2918243712157918,
      0.2831382388601577,
      0.27689821687052496,
      0.2685803872589392,
      0.26263251304787905,
      0.2576341381555141,
      0.2515740406918075,
      0.24676246147689493,
      0.2430653531908648,
      0.23659960588513113,
      0.23244258805403156,
      0.22926073601214336,
      0.22560705949016055,
      0.22425634341246214,
      0.22061142359495842,
      0.2167007641716872,
      0.21420284517681187,
      0.21168358657959382,
      0.20907053197718597,
      0.20512766593603238,
      0.20251924122508186,
      0.2002582134667653,
      0.1985457151971059,
      0.1959137482639999,
      0.19362380532695883,
      0.19181156639596877,
      0.18994216684375825,
      0.18769026404430297,
      0.18560938501574006,
      0.18391613419886246,
      0.1825318071861771,
      0.18085542004091368,
      0.17898503101052868,
      0.17739601680001146,
      0.17600433906508317,
      0.17433395530953683,
      0.17302581783388055,
      0.17119881393456457
    ],
    "stds": [
      0.0,
      0.0,
      0.0,
      0.0,
      0.0,
      0.0,
      0.0,
      0.0,
      0.0,
      0.0,
      0.0,
      0.0,
      0.0,
      0.0,
      0.0,
      0.0,
      0.0,
      0.0,
      0.0,
      0.0,
      0.0,
      0.0,
      0.0,
      0.0,
      0.0,
      0.0,
      0.0,
      0.0,
      0.0,
      0.0,
      0.0,
      0.0,
      0.0,
      0.0,
      0.0,
      0.0,
      0.0,
      0.0,
      0.0,
      0.0,
      0.0,
      0.0,
      0.0,
      0.0,
      0.0,
      0.0,
      0.0,
      0.0,
      0.0,
      0.0,
      0.0,
      0.0,
      0.0,
      0.0,
      0.0,
      0.0,
      0.0,
      0.0,
      0.0,
      0.0
    ]
  },
  "test_acc_sfedavg": {
    "means": [
      0.7166666666666667,
      0.7861111111111111,
      0.8333333333333334,
      0.8555555555555555,
      0.875,
      0.8861111111111111,
      0.8944444444444445,
      0.9,
      0.9083333333333333,
      0.9083333333333333,
      0.9166666666666666,
      0.9222222222222223,
      0.9194444444444444,
      0.9194444444444444,
      0.9194444444444444,
      0.9194444444444444,
      0.9166666666666666,
      0.925,
      0.925,
      0.925,
      0.925,
      0.9166666666666666,
      0.9166666666666666,
      0.9194444444444444,
      0.9222222222222223,
      0.9194444444444444,
      0.925,
      0.925,
      0.9277777777777778,
      0.9361111111111111,
      0.9388888888888889,
      0.9444444444444444,
      0.9416666666666667,
      0.9416666666666667,
      0.9361111111111111,
      0.9416666666666667,
      0.9388888888888889,
      0.9305555555555556,
      0.9361111111111111,
      0.9333333333333333,
      0.9333333333333333,
      0.9333333333333333,
      0.9305555555555556,
      0.9361111111111111,
      0.9388888888888889,
      0.9333333333333333,
      0.9388888888888889,
      0.9361111111111111,
      0.9361111111111111,
      0.9361111111111111,
      0.9444444444444444,
      0.9416666666666667,
      0.9416666666666667,
      0.9416666666666667,
      0.9361111111111111,
      0.9388888888888889,
      0.9388888888888889,
      0.9444444444444444,
      0.9472222222222222,
      0.9388888888888889
    ],
    "stds": [
      0.0,
      0.0,
      0.0,
      0.0,
      0.0,
      0.0,
      0.0,
      0.0,
      0.0,
      0.0,
      0.0,
      0.0,
      0.0,
      0.0,
      0.0,
      0.0,
      0.0,
      0.0,
      0.0,
      0.0,
      0.0,
      0.0,
      0.0,
      0.0,
      0.0,
      0.0,
      0.0,
      0.0,
      0.0,
      0.0,
      0.0,
      0.0,
      0.0,
      0.0,
      0.0,
      0.0,
      0.0,
      0.0,
      0.0,
      0.0,
      0.0,
      0.0,
      0.0,
      0.0,
      0.0,
      0.0,
      0.0,
      0.0,
      0.0,
      0.0,
      0.0,
      0.0,
      0.0,
      0.0,
      0.0,
      0.0,
      0.0,
      0.0,
      0.0,
      0.0
    ]
  },
  "comm_MB_sfedavg": {
    "means": [
      1.67168,
      3.34336,
      5.01504,
      6.68672,
      8.3584,
      10.03008,
      11.70176,
      13.37344,
      15.04512,
      16.7168,
      18.388479999999998,
      20.060159999999996,
      21.731839999999995,
      23.403519999999993,
      25.07519999999999,
      26.74687999999999,
      28.41855999999999,
      30.090239999999987,
      31.761919999999986,
      33.433599999999984,
      35.105279999999986,
      36.77695999999999,
      38.44863999999999,
      40.12031999999999,
      41.791999999999994,
      43.46368,
      45.13536,
      46.80704,
      48.47872,
      50.150400000000005,
      51.82208000000001,
      53.49376000000001,
      55.16544000000001,
      56.83712000000001,
      58.508800000000015,
      60.18048000000002,
      61.85216000000002,
      63.52384000000002,
      65.19552000000002,
      66.86720000000001,
      68.53888,
      70.21056,
      71.88224,
      73.55391999999999,
      75.22559999999999,
      76.89727999999998,
      78.56895999999998,
      80.24063999999997,
      81.91231999999997,
      83.58399999999996,
      85.25567999999996,
      86.92735999999995,
      88.59903999999995,
      90.27071999999994,
      91.94239999999994,
      93.61407999999993,
      95.28575999999993,
      96.95743999999992,
      98.62911999999992,
      100.30079999999991
    ],
    "stds": [
      0.0,
      0.0,
      0.0,
      0.0,
      0.0,
      0.0,
      0.0,
      0.0,
      0.0,
      0.0,
      0.0,
      0.0,
      0.0,
      0.0,
      0.0,
      0.0,
      0.0,
      0.0,
      0.0,
      0.0,
      0.0,
      0.0,
      0.0,
      0.0,
      0.0,
      0.0,
      0.0,
      0.0,
      0.0,
      0.0,
      0.0,
      0.0,
      0.0,
      0.0,
      0.0,
      0.0,
      0.0,
      0.0,
      0.0,
      0.0,
      0.0,
      0.0,
      0.0,
      0.0,
      0.0,
      0.0,
      0.0,
      0.0,
      0.0,
      0.0,
      0.0,
      0.0,
      0.0,
      0.0,
      0.0,
      0.0,
      0.0,
      0.0,
      0.0,
      0.0
    ]
  }
}