{
  "train_loss_sfedavg": {
    "means": [
      2.2295497647090587,
      2.1201513801359164,
      1.997097994502585,
      1.8618601163383615,
      1.7403897783601665,
      1.6208450026861096,
      1.552453895716034,
      1.4797922049352774,
      1.3843888399263855,
      1.3264278896231854,
      1.2461649323046255,
      1.186849431975729,
      1.152520338888929,
      1.1012501998424011,
      1.0669984414477383,
      1.0387707150504146,
      1.0014397422490202,
      0.9682523490993686,
      0.9396328204993126,
      0.9189081937897154,
      0.8907670453679931,
      0.8573525999064688,
      0.8248359793769612,
      0.8043866173476432,
      0.7853880139149285,
      0.7684900216422532,
      0.7496318517529624,
      0.7280697988192415,
      0.7086295532178103,
      0.697329614648268,
      0.6829428662379908,
      0.6682308042886497,
      0.6558331608908103,
      0.6505962329166767,
      0.6410414324880233,
      0.6307152547557562,
      0.6206586769761199,
      0.6127707013456052,
      0.5996575501624225,
      0.5908657546659029,
      0.584122795632661,
      0.5731663151244627,
      0.5627740902264643,
      0.5554870476136653,
      0.5472822045688827,
      0.5383936198102703,
      0.5308164561032184,
      0.5262996533306138,
      0.5233259634524192,
      0.5161570164825031,
      0.510696794142893,
      0.5019033517179423,
      0.49315690146500324,
      0.4876264507989276,
      0.4829281597772437,
      0.4770442573063551,
      0.47311224258962564,
      0.46888713617413613,
      0.463671286771371,
      0.46065649957846505
    ],
    "stds": [
      0.0,
      0.0,
      0.0,
      0.0,
      0.0,
      0.0,
      0.0,
      0.0,
      0.0,
      0.0,
      0.0,
      0.0,
      0.0,
      0.0,
      0.0,
      0.0,
      0.0,
      0.0,
      0.0,
      0.0,
      0.0,
      0.0,
      0.0,
      0.0,
      0.0,
      0.0,
      0.0,
      0.0,
      0.0,
      0.0,
      0.0,
      0.0,
      0.0,
      0.0,
      0.0,
      0.0,
      0.0,
      0.0,
      0.0,
      0.0,
      0.0,
      0.0,
      0.0,
      0.0,
      0.0,
      0.0,
      0.0,
      0.0,
      0.0,
      0.0,
      0.0,
      0.0,
      0.0,
      0.0,
      0.0,
      0.0,
      0.0,
      0.0,
      0.0,
      0.0
    ]
  },
  "test_acc_sfedavg": {
    "means": [
      0.26944444444444443,
      0.4111111111111111,
      0.5305555555555556,
      0.6222222222222222,
      0.7083333333333334,
      0.6916666666666667,
      0.725,
      0.75,
      0.7805555555555556,
      0.7722222222222223,
      0.7916666666666666,
      0.7944444444444444,
      0.8138888888888889,
      0.825,
      0.8305555555555556,
      0.825,
      0.825,
      0.8388888888888889,
      0.8527777777777777,
      0.8583333333333333,
      0.8583333333333333,
      0.8722222222222222,
      0.8777777777777778,
      0.8722222222222222,
      0.8805555555555555,
      0.8833333333333333,
      0.8777777777777778,
      0.8833333333333333,
      0.8805555555555555,
      0.8888888888888888,
      0.8833333333333333,
      0.8805555555555555,
      0.8833333333333333,
      0.8888888888888888,
      0.8833333333333333,
      0.8972222222222223,
      0.8944444444444445,
      0.9,
      0.9,
      0.9055555555555556,
      0.9083333333333333,
      0.9055555555555556,
      0.9,
      0.9055555555555556,
      0.9,
      0.9055555555555556,
      0.9,
      0.9027777777777778,
      0.9027777777777778,
      0.9055555555555556,
      0.9027777777777778,
      0.9027777777777778,
      0.9027777777777778,
      0.9027777777777778,
      0.9027777777777778,
      0.9027777777777778,
      0.9027777777777778,
      0.9055555555555556,
      0.9055555555555556,
      0.9138888888888889
    ],
    "stds": [
      0.0,
      0.0,
      0.0,
      0.0,
      0.0,
      0.0,
      0.0,
      0.0,
      0.0,
      0.0,
      0.0,
      0.0,
      0.0,
      0.0,
      0.0,
      0.0,
      0.0,
      0.0,
      0.0,
      0.0,
      0.0,
      0.0,
      0.0,
      0.0,
      0.0,
      0.0,
      0.0,
      0.0,
      0.0,
      0.0,
      0.0,
      0.0,
      0.0,
      0.0,
      0.0,
      0.0,
      0.0,
      0.0,
      0.0,
      0.0,
      0.0,
      0.0,
      0.0,
      0.0,
      0.0,
      0.0,
      0.0,
      0.0,
      0.0,
      0.0,
      0.0,
      0.0,
      0.0,
      0.0,
      0.0,
      0.0,
      0.0,
      0.0,
      0.0,
      0.0
    ]
  },
  "comm_MB_sfedavg": {
    "means": [
      1.68704,
      3.37408,
      5.061120000000001,
      6.74816,
      8.4352,
      10.12224,
      11.80928,
      13.496319999999999,
      15.183359999999999,
      16.8704,
      18.55744,
      20.24448,
      21.93152,
      23.61856,
      25.3056,
      26.992639999999998,
      28.679679999999998,
      30.366719999999997,
      32.05376,
      33.7408,
      35.42784,
      37.11488000000001,
      38.80192000000001,
      40.48896000000001,
      42.176000000000016,
      43.86304000000002,
      45.55008000000002,
      47.237120000000026,
      48.92416000000003,
      50.61120000000003,
      52.298240000000035,
      53.98528000000004,
      55.67232000000004,
      57.359360000000045,
      59.04640000000005,
      60.73344000000005,
      62.420480000000055,
      64.10752000000005,
      65.79456000000005,
      67.48160000000004,
      69.16864000000004,
      70.85568000000004,
      72.54272000000003,
      74.22976000000003,
      75.91680000000002,
      77.60384000000002,
      79.29088000000002,
      80.97792000000001,
      82.66496000000001,
      84.352,
      86.03904,
      87.72608,
      89.41311999999999,
      91.10015999999999,
      92.78719999999998,
      94.47423999999998,
      96.16127999999998,
      97.84831999999997,
      99.53535999999997,
      101.22239999999996
    ],
    "stds": [
      0.0,
      0.0,
      0.0,
      0.0,
      0.0,
      0.0,
      0.0,
      0.0,
      0.0,
      0.0,
      0.0,
      0.0,
      0.0,
      0.0,
      0.0,
      0.0,
      0.0,
      0.0,
      0.0,
      0.0,
      0.0,
      0.0,
      0.0,
      0.0,
      0.0,
      0.0,
      0.0,
      0.0,
      0.0,
      0.0,
      0.0,
      0.0,
      0.0,
      0.0,
      0.0,
      0.0,
      0.0,
      0.0,
      0.0,
      0.0,
      0.0,
      0.0,
      0.0,
      0.0,
      0.0,
      0.0,
      0.0,
      0.0,
      0.0,
      0.0,
      0.0,
      0.0,
      0.0,
      0.0,
      0.0,
      0.0,
      0.0,
      0.0,
      0.0,
      0.0
    ]
  }
}