{
  "train_loss": {
    "means": [
      0.6657462775707245,
      0.6659944891929627,
      0.6657649238904317,
      0.6657677531242371,
      0.6659294088681539,
      0.6656811873118083,
      0.6658486167589823,
      0.6656083405017853,
      0.6655515829722086,
      0.6644376655419667,
      0.6638495186964671,
      0.6628949562708537,
      0.6628407577673594,
      0.6628521978855133,
      0.6629433333873749,
      0.6626890063285827,
      0.6626416285832722,
      0.662771322329839,
      0.6627721110979716,
      0.6629223962624867,
      0.6631043275197347,
      0.663088321685791,
      0.6628778338432312,
      0.6628503223260244,
      0.6626416305700938,
      0.6624172687530517,
      0.6616073489189148,
      0.6609474897384644,
      0.6611636936664581,
      0.6613864680131276,
      0.6610486884911855,
      0.6605031708876292,
      0.6603175242741902,
      0.6597680946191152,
      0.6596913973490397,
      0.6594205836455027,
      0.6594681998093923,
      0.65905086795489,
      0.6586995383103689,
      0.6586318969726562,
      0.6582986255486806,
      0.6583714067935944,
      0.6570431609948476,
      0.6569905161857605,
      0.6567896167437236,
      0.6568945189317067,
      0.6569273173809052,
      0.656629721323649,
      0.6563158571720124,
      0.6561732848485311,
      0.6558234393596649,
      0.6556411484877268,
      0.6556360324223837,
      0.6555236041545868,
      0.6554755012194315,
      0.6552076319853465,
      0.655091377099355,
      0.6551904002825419,
      0.6553992529710134,
      0.6550265312194824
    ],
    "stds": [
      0.004555462757016035,
      0.0046185618673150654,
      0.004746725178399134,
      0.004821542776437582,
      0.004779603791926475,
      0.004817720207186631,
      0.004832728012197305,
      0.0048300378659335095,
      0.004824274036643873,
      0.004940345870095544,
      0.005304575115933048,
      0.005729935059582468,
      0.005616046083759692,
      0.005659205295120981,
      0.005711031869959847,
      0.0057710072978240275,
      0.005744165344091935,
      0.005727431197728401,
      0.005665301847773538,
      0.005695370087430217,
      0.005701429971542161,
      0.005712243052605362,
      0.005608475908612795,
      0.005587602209295179,
      0.005801736116815033,
      0.005859989146870032,
      0.006015258931943872,
      0.006191701461260192,
      0.006082570595229232,
      0.006114685361496502,
      0.006209538424410466,
      0.006315919651541191,
      0.006258220928121242,
      0.0063052613148721435,
      0.006458176843922249,
      0.006588053330263317,
      0.006563543885706175,
      0.006813196825887936,
      0.006815076990118133,
      0.006830446318357997,
      0.006900490866665782,
      0.007002869378447623,
      0.00722863512788876,
      0.0074145961453189035,
      0.007481429242099704,
      0.007575890628468688,
      0.007579558250857706,
      0.007525553786825736,
      0.007664988952044949,
      0.00768648146718179,
      0.007666514459057811,
      0.007855590831130937,
      0.00809916495170326,
      0.008085261353528553,
      0.008245743167909268,
      0.008379176384840259,
      0.008402561989915113,
      0.008361849396031523,
      0.00837718082250317,
      0.008507345801418428
    ]
  },
  "test_accuracy": {
    "means": [
      0.67525,
      0.67,
      0.67075,
      0.67425,
      0.6695,
      0.67075,
      0.67,
      0.67275,
      0.67375,
      0.6705,
      0.66975,
      0.66575,
      0.67025,
      0.664,
      0.66325,
      0.6645,
      0.65875,
      0.65975,
      0.656,
      0.659,
      0.656,
      0.658,
      0.6605,
      0.66025,
      0.654,
      0.653,
      0.65675,
      0.6525,
      0.65025,
      0.651,
      0.6525,
      0.651,
      0.651,
      0.64975,
      0.649,
      0.65175,
      0.65075,
      0.6495,
      0.6565,
      0.65475,
      0.65225,
      0.65625,
      0.65225,
      0.65225,
      0.655,
      0.653,
      0.65525,
      0.6535,
      0.651,
      0.65125,
      0.65375,
      0.65475,
      0.65475,
      0.65525,
      0.65325,
      0.652,
      0.6515,
      0.6505,
      0.652,
      0.64975
    ],
    "stds": [
      0.0,
      0.0,
      0.0,
      0.0,
      0.0,
      0.0,
      0.0,
      0.0,
      0.0,
      0.0,
      0.0,
      0.0,
      0.0,
      0.0,
      0.0,
      0.0,
      0.0,
      0.0,
      0.0,
      0.0,
      0.0,
      0.0,
      0.0,
      0.0,
      0.0,
      0.0,
      0.0,
      0.0,
      0.0,
      0.0,
      0.0,
      0.0,
      0.0,
      0.0,
      0.0,
      0.0,
      0.0,
      0.0,
      0.0,
      0.0,
      0.0,
      0.0,
      0.0,
      0.0,
      0.0,
      0.0,
      0.0,
      0.0,
      0.0,
      0.0,
      0.0,
      0.0,
      0.0,
      0.0,
      0.0,
      0.0,
      0.0,
      0.0,
      0.0,
      0.0
    ]
  },
  "communication_MB": {
    "means": [
      0.1739501953125,
      0.347900390625,
      0.5218505859375,
      0.69580078125,
      0.8697509765625,
      1.043701171875,
      1.2176513671875,
      1.3916015625,
      1.5655517578125,
      1.739501953125,
      1.9134521484375,
      2.08740234375,
      2.2613525390625,
      2.435302734375,
      2.6092529296875,
      2.783203125,
      2.9571533203125,
      3.131103515625,
      3.3050537109375,
      3.47900390625,
      3.6529541015625,
      3.826904296875,
      4.0008544921875,
      4.1748046875,
      4.3487548828125,
      4.522705078125,
      4.6966552734375,
      4.87060546875,
      5.0445556640625,
      5.218505859375,
      5.3924560546875,
      5.56640625,
      5.7403564453125,
      5.914306640625,
      6.0882568359375,
      6.26220703125,
      6.4361572265625,
      6.610107421875,
      6.7840576171875,
      6.9580078125,
      7.1319580078125,
      7.305908203125,
      7.4798583984375,
      7.65380859375,
      7.8277587890625,
      8.001708984375,
      8.1756591796875,
      8.349609375,
      8.5235595703125,
      8.697509765625,
      8.8714599609375,
      9.04541015625,
      9.2193603515625,
      9.393310546875,
      9.5672607421875,
      9.7412109375,
      9.9151611328125,
      10.089111328125,
      10.2630615234375,
      10.43701171875
    ],
    "stds": [
      0.0,
      0.0,
      0.0,
      0.0,
      0.0,
      0.0,
      0.0,
      0.0,
      0.0,
      0.0,
      0.0,
      0.0,
      0.0,
      0.0,
      0.0,
      0.0,
      0.0,
      0.0,
      0.0,
      0.0,
      0.0,
      0.0,
      0.0,
      0.0,
      0.0,
      0.0,
      0.0,
      0.0,
      0.0,
      0.0,
      0.0,
      0.0,
      0.0,
      0.0,
      0.0,
      0.0,
      0.0,
      0.0,
      0.0,
      0.0,
      0.0,
      0.0,
      0.0,
      0.0,
      0.0,
      0.0,
      0.0,
      0.0,
      0.0,
      0.0,
      0.0,
      0.0,
      0.0,
      0.0,
      0.0,
      0.0,
      0.0,
      0.0,
      0.0,
      0.0
    ]
  }
}