{
  "train_loss": {
    "means": [
      0.9115296737590692,
      0.7509978002513291,
      0.6860346309826387,
      0.6093069821860566,
      0.5645431922754458,
      0.5838644672708421,
      0.4552699757166241,
      0.4651715625315636,
      0.46778668310064536,
      0.46566224502738485,
      0.3995593584276864,
      0.4098952876873414,
      0.4793992493522696,
      0.3655147306574201,
      0.3692238653332629,
      0.40448459587484414,
      0.3371696409780409,
      0.3074635051140162,
      0.3224152583384676,
      0.3384596460454866,
      0.2668676069780798,
      0.2657643966160342,
      0.29319414629500445,
      0.2647691922317483,
      0.25994416777830026,
      0.2644232051436056,
      0.26126661158365044,
      0.2602091324314433,
      0.24057769048263694,
      0.2521017670180282,
      0.24556569124654345,
      0.23839581772607824,
      0.24110256148177242,
      0.22430521038938883,
      0.22083681987254475,
      0.21652698073318397,
      0.2116735183045342,
      0.21069711931242147,
      0.211968214997925,
      0.2123015535439218,
      0.20528853265117694,
      0.20604673003066143,
      0.20867591020448348,
      0.19988296667251587,
      0.19951511125324087,
      0.2007314771183256,
      0.19181321716195887,
      0.19714673416764977,
      0.19440322700095977,
      0.18487279361882464,
      0.18541367013224225,
      0.1861975032713423,
      0.1920627206376101,
      0.1834875897477045,
      0.18516786175781158,
      0.2039280199508471,
      0.17771339876008097,
      0.18255974193257668,
      0.19009316323389916,
      0.175421052577323,
      0.17163463309059424,
      0.17261368790658987,
      0.18428590781658735,
      0.17155299407313435,
      0.17118637198634945,
      0.1778131346529302,
      0.17163493595707208,
      0.1712248821003042,
      0.16850677212454385,
      0.16608638212138072,
      0.17292470666005821,
      0.1710413456750284,
      0.1720939666998386,
      0.1898229998045,
      0.18756797921786061,
      0.17690910175982746,
      0.17778889417651875,
      0.18129886022274916,
      0.17990932600749143,
      0.16931495692468645
    ],
    "stds": [
      0.0,
      0.0,
      0.0,
      0.0,
      0.0,
      0.0,
      0.0,
      0.0,
      0.0,
      0.0,
      0.0,
      0.0,
      0.0,
      0.0,
      0.0,
      0.0,
      0.0,
      0.0,
      0.0,
      0.0,
      0.0,
      0.0,
      0.0,
      0.0,
      0.0,
      0.0,
      0.0,
      0.0,
      0.0,
      0.0,
      0.0,
      0.0,
      0.0,
      0.0,
      0.0,
      0.0,
      0.0,
      0.0,
      0.0,
      0.0,
      0.0,
      0.0,
      0.0,
      0.0,
      0.0,
      0.0,
      0.0,
      0.0,
      0.0,
      0.0,
      0.0,
      0.0,
      0.0,
      0.0,
      0.0,
      0.0,
      0.0,
      0.0,
      0.0,
      0.0,
      0.0,
      0.0,
      0.0,
      0.0,
      0.0,
      0.0,
      0.0,
      0.0,
      0.0,
      0.0,
      0.0,
      0.0,
      0.0,
      0.0,
      0.0,
      0.0,
      0.0,
      0.0,
      0.0,
      0.0
    ]
  },
  "test_accuracy": {
    "means": [
      0.055,
      0.07666666666666666,
      0.11666666666666667,
      0.1,
      0.09166666666666666,
      0.16333333333333333,
      0.3225,
      0.22583333333333333,
      0.2866666666666667,
      0.49166666666666664,
      0.52,
      0.45,
      0.5208333333333334,
      0.5775,
      0.5608333333333333,
      0.6566666666666666,
      0.6558333333333334,
      0.6491666666666667,
      0.67,
      0.6908333333333333,
      0.6016666666666667,
      0.585,
      0.6175,
      0.5891666666666666,
      0.5775,
      0.585,
      0.6258333333333334,
      0.6041666666666666,
      0.6125,
      0.6233333333333333,
      0.615,
      0.6041666666666666,
      0.6441666666666667,
      0.6333333333333333,
      0.6233333333333333,
      0.6258333333333334,
      0.6391666666666667,
      0.6258333333333334,
      0.6175,
      0.6375,
      0.6025,
      0.6108333333333333,
      0.6158333333333333,
      0.6516666666666666,
      0.6416666666666667,
      0.6575,
      0.6891666666666667,
      0.6883333333333334,
      0.69,
      0.6975,
      0.7058333333333333,
      0.7066666666666667,
      0.6908333333333333,
      0.7033333333333334,
      0.7016666666666667,
      0.6933333333333334,
      0.6941666666666667,
      0.6966666666666667,
      0.7008333333333333,
      0.695,
      0.7,
      0.6966666666666667,
      0.6833333333333333,
      0.6666666666666666,
      0.665,
      0.6716666666666666,
      0.66,
      0.6491666666666667,
      0.6491666666666667,
      0.6566666666666666,
      0.6333333333333333,
      0.6325,
      0.6291666666666667,
      0.62,
      0.62,
      0.6391666666666667,
      0.6508333333333334,
      0.65,
      0.6541666666666667,
      0.6666666666666666
    ],
    "stds": [
      0.0,
      0.0,
      0.0,
      0.0,
      0.0,
      0.0,
      0.0,
      0.0,
      0.0,
      0.0,
      0.0,
      0.0,
      0.0,
      0.0,
      0.0,
      0.0,
      0.0,
      0.0,
      0.0,
      0.0,
      0.0,
      0.0,
      0.0,
      0.0,
      0.0,
      0.0,
      0.0,
      0.0,
      0.0,
      0.0,
      0.0,
      0.0,
      0.0,
      0.0,
      0.0,
      0.0,
      0.0,
      0.0,
      0.0,
      0.0,
      0.0,
      0.0,
      0.0,
      0.0,
      0.0,
      0.0,
      0.0,
      0.0,
      0.0,
      0.0,
      0.0,
      0.0,
      0.0,
      0.0,
      0.0,
      0.0,
      0.0,
      0.0,
      0.0,
      0.0,
      0.0,
      0.0,
      0.0,
      0.0,
      0.0,
      0.0,
      0.0,
      0.0,
      0.0,
      0.0,
      0.0,
      0.0,
      0.0,
      0.0,
      0.0,
      0.0,
      0.0,
      0.0,
      0.0,
      0.0
    ]
  },
  "cumulative_comm_floats": {
    "means": [
      6534.0,
      13068.0,
      19602.0,
      26136.0,
      32670.0,
      39204.0,
      45738.0,
      52272.0,
      58806.0,
      65340.0,
      71874.0,
      78408.0,
      84942.0,
      91476.0,
      98010.0,
      104544.0,
      111078.0,
      117612.0,
      124146.0,
      130680.0,
      137214.0,
      143748.0,
      150282.0,
      156816.0,
      163350.0,
      169884.0,
      176418.0,
      182952.0,
      189486.0,
      196020.0,
      202554.0,
      209088.0,
      215622.0,
      222156.0,
      228690.0,
      235224.0,
      241758.0,
      248292.0,
      254826.0,
      261360.0,
      267894.0,
      274428.0,
      280962.0,
      287496.0,
      294030.0,
      300564.0,
      307098.0,
      313632.0,
      320166.0,
      326700.0,
      333234.0,
      339768.0,
      346302.0,
      352836.0,
      359370.0,
      365904.0,
      372438.0,
      378972.0,
      385506.0,
      392040.0,
      398574.0,
      405108.0,
      411642.0,
      418176.0,
      424710.0,
      431244.0,
      437778.0,
      444312.0,
      450846.0,
      457380.0,
      463914.0,
      470448.0,
      476982.0,
      483516.0,
      490050.0,
      496584.0,
      503118.0,
      509652.0,
      516186.0,
      522720.0
    ],
    "stds": [
      0.0,
      0.0,
      0.0,
      0.0,
      0.0,
      0.0,
      0.0,
      0.0,
      0.0,
      0.0,
      0.0,
      0.0,
      0.0,
      0.0,
      0.0,
      0.0,
      0.0,
      0.0,
      0.0,
      0.0,
      0.0,
      0.0,
      0.0,
      0.0,
      0.0,
      0.0,
      0.0,
      0.0,
      0.0,
      0.0,
      0.0,
      0.0,
      0.0,
      0.0,
      0.0,
      0.0,
      0.0,
      0.0,
      0.0,
      0.0,
      0.0,
      0.0,
      0.0,
      0.0,
      0.0,
      0.0,
      0.0,
      0.0,
      0.0,
      0.0,
      0.0,
      0.0,
      0.0,
      0.0,
      0.0,
      0.0,
      0.0,
      0.0,
      0.0,
      0.0,
      0.0,
      0.0,
      0.0,
      0.0,
      0.0,
      0.0,
      0.0,
      0.0,
      0.0,
      0.0,
      0.0,
      0.0,
      0.0,
      0.0,
      0.0,
      0.0,
      0.0,
      0.0,
      0.0,
      0.0
    ]
  }
}