{
  "FedAvg/train_loss": {
    "means": [
      1.7386592626571655,
      1.3780800104141235,
      1.1021016836166382,
      0.891736626625061,
      0.7467841506004333,
      0.6584493517875671,
      0.5855154395103455,
      0.5438900589942932,
      0.5093467831611633,
      0.45841771364212036,
      0.4320639967918396,
      0.41573187708854675,
      0.4042995572090149,
      0.38346192240715027,
      0.36304476857185364,
      0.3526972830295563,
      0.33779072761535645,
      0.32408201694488525,
      0.3107050359249115,
      0.30828970670700073,
      0.30050021409988403,
      0.2941801846027374,
      0.28440091013908386,
      0.2806148827075958,
      0.2738337814807892,
      0.2702615559101105,
      0.26832491159439087,
      0.26223576068878174,
      0.25927844643592834,
      0.2533431947231293,
      0.24773460626602173,
      0.24261949956417084,
      0.23640471696853638,
      0.23077188432216644,
      0.2295665442943573,
      0.22434817254543304,
      0.2239091992378235,
      0.22151194512844086,
      0.21931889653205872,
      0.21615730226039886,
      0.21257181465625763,
      0.21063132584095,
      0.209857776761055,
      0.20822851359844208,
      0.20719626545906067,
      0.20580840110778809,
      0.20500358939170837,
      0.20462310314178467,
      0.20293743908405304,
      0.20270517468452454
    ],
    "stds": [
      0.0,
      0.0,
      0.0,
      0.0,
      0.0,
      0.0,
      0.0,
      0.0,
      0.0,
      0.0,
      0.0,
      0.0,
      0.0,
      0.0,
      0.0,
      0.0,
      0.0,
      0.0,
      0.0,
      0.0,
      0.0,
      0.0,
      0.0,
      0.0,
      0.0,
      0.0,
      0.0,
      0.0,
      0.0,
      0.0,
      0.0,
      0.0,
      0.0,
      0.0,
      0.0,
      0.0,
      0.0,
      0.0,
      0.0,
      0.0,
      0.0,
      0.0,
      0.0,
      0.0,
      0.0,
      0.0,
      0.0,
      0.0,
      0.0,
      0.0
    ]
  },
  "FedAvg/test_accuracy": {
    "means": [
      0.6170833333333333,
      0.7066666666666667,
      0.7320833333333333,
      0.7629166666666667,
      0.7754166666666666,
      0.7995833333333333,
      0.82125,
      0.83,
      0.8295833333333333,
      0.8354166666666667,
      0.8454166666666667,
      0.8454166666666667,
      0.8479166666666667,
      0.85125,
      0.8566666666666667,
      0.8704166666666666,
      0.8695833333333334,
      0.8804166666666666,
      0.8908333333333334,
      0.8916666666666667,
      0.88375,
      0.8891666666666667,
      0.8929166666666667,
      0.8954166666666666,
      0.89125,
      0.8979166666666667,
      0.8954166666666666,
      0.8941666666666667,
      0.8970833333333333,
      0.9033333333333333,
      0.9020833333333333,
      0.9041666666666667,
      0.9095833333333333,
      0.9083333333333333,
      0.9075,
      0.9129166666666667,
      0.9120833333333334,
      0.9204166666666667,
      0.9195833333333333,
      0.9154166666666667,
      0.91875,
      0.92,
      0.9141666666666667,
      0.9158333333333334,
      0.91875,
      0.92,
      0.92,
      0.9216666666666666,
      0.91875,
      0.91625
    ],
    "stds": [
      0.0,
      0.0,
      0.0,
      0.0,
      0.0,
      0.0,
      0.0,
      0.0,
      0.0,
      0.0,
      0.0,
      0.0,
      0.0,
      0.0,
      0.0,
      0.0,
      0.0,
      0.0,
      0.0,
      0.0,
      0.0,
      0.0,
      0.0,
      0.0,
      0.0,
      0.0,
      0.0,
      0.0,
      0.0,
      0.0,
      0.0,
      0.0,
      0.0,
      0.0,
      0.0,
      0.0,
      0.0,
      0.0,
      0.0,
      0.0,
      0.0,
      0.0,
      0.0,
      0.0,
      0.0,
      0.0,
      0.0,
      0.0,
      0.0,
      0.0
    ]
  },
  "FedAvg/communication_bytes": {
    "means": [
      80000.0,
      160000.0,
      240000.0,
      320000.0,
      400000.0,
      480000.0,
      560000.0,
      640000.0,
      720000.0,
      800000.0,
      880000.0,
      960000.0,
      1040000.0,
      1120000.0,
      1200000.0,
      1280000.0,
      1360000.0,
      1440000.0,
      1520000.0,
      1600000.0,
      1680000.0,
      1760000.0,
      1840000.0,
      1920000.0,
      2000000.0,
      2080000.0,
      2160000.0,
      2240000.0,
      2320000.0,
      2400000.0,
      2480000.0,
      2560000.0,
      2640000.0,
      2720000.0,
      2800000.0,
      2880000.0,
      2960000.0,
      3040000.0,
      3120000.0,
      3200000.0,
      3280000.0,
      3360000.0,
      3440000.0,
      3520000.0,
      3600000.0,
      3680000.0,
      3760000.0,
      3840000.0,
      3920000.0,
      4000000.0
    ],
    "stds": [
      0.0,
      0.0,
      0.0,
      0.0,
      0.0,
      0.0,
      0.0,
      0.0,
      0.0,
      0.0,
      0.0,
      0.0,
      0.0,
      0.0,
      0.0,
      0.0,
      0.0,
      0.0,
      0.0,
      0.0,
      0.0,
      0.0,
      0.0,
      0.0,
      0.0,
      0.0,
      0.0,
      0.0,
      0.0,
      0.0,
      0.0,
      0.0,
      0.0,
      0.0,
      0.0,
      0.0,
      0.0,
      0.0,
      0.0,
      0.0,
      0.0,
      0.0,
      0.0,
      0.0,
      0.0,
      0.0,
      0.0,
      0.0,
      0.0,
      0.0
    ]
  },
  "SFedAvg/train_loss": {
    "means": [
      2.257756233215332,
      2.222447395324707,
      2.190884590148926,
      2.1507203578948975,
      2.116726875305176,
      2.085020065307617,
      2.052863121032715,
      2.011376142501831,
      1.977196455001831,
      1.946757197380066,
      1.9132548570632935,
      1.8819479942321777,
      1.8452919721603394,
      1.8167344331741333,
      1.7898030281066895,
      1.7694011926651,
      1.7498111724853516,
      1.7413992881774902,
      1.7193745374679565,
      1.6942789554595947,
      1.6701871156692505,
      1.6449447870254517,
      1.6291903257369995,
      1.6145354509353638,
      1.5860832929611206,
      1.5706552267074585,
      1.5527223348617554,
      1.5356347560882568,
      1.5176922082901,
      1.4996932744979858,
      1.4807212352752686,
      1.4659507274627686,
      1.454203724861145,
      1.4408817291259766,
      1.4253062009811401,
      1.4125717878341675,
      1.3999463319778442,
      1.3855369091033936,
      1.3762370347976685,
      1.3628267049789429,
      1.3498104810714722,
      1.3357592821121216,
      1.3204230070114136,
      1.309499740600586,
      1.2945785522460938,
      1.2815608978271484,
      1.268857479095459,
      1.2615978717803955,
      1.2483055591583252,
      1.2354233264923096
    ],
    "stds": [
      0.0,
      0.0,
      0.0,
      0.0,
      0.0,
      0.0,
      0.0,
      0.0,
      0.0,
      0.0,
      0.0,
      0.0,
      0.0,
      0.0,
      0.0,
      0.0,
      0.0,
      0.0,
      0.0,
      0.0,
      0.0,
      0.0,
      0.0,
      0.0,
      0.0,
      0.0,
      0.0,
      0.0,
      0.0,
      0.0,
      0.0,
      0.0,
      0.0,
      0.0,
      0.0,
      0.0,
      0.0,
      0.0,
      0.0,
      0.0,
      0.0,
      0.0,
      0.0,
      0.0,
      0.0,
      0.0,
      0.0,
      0.0,
      0.0,
      0.0
    ]
  },