{
  "train_loss_fedavg": {
    "means": [
      1.3106327697983533,
      0.8625124987873676,
      0.6514482748559391,
      0.5579022266788245,
      0.4892640514231304,
      0.45844977836014444,
      0.4238477910836824,
      0.38171053832932084,
      0.3539665510690032,
      0.3294857107433249,
      0.31084149431265257,
      0.29261567005264727,
      0.2738116100525787,
      0.25956031179742034,
      0.24823263575094148,
      0.23989363278018308,
      0.2314398026689383,
      0.22515991796554552,
      0.21884884305380178,
      0.21961927508015652,
      0.21623051975836044,
      0.21208922176208153,
      0.20424715612379105,
      0.19597428414489215,
      0.1900667095115442,
      0.18617084388152344,
      0.18549318119157093,
      0.1818641791739804,
      0.18031475298819394,
      0.1780128152506289,
      0.17774362147293116,
      0.1748884387775901,
      0.17197226845866725,
      0.1672165055379858,
      0.16643931998322167,
      0.1677361301850752,
      0.16264334565864141,
      0.15929196939349735,
      0.15427002447934066,
      0.1493244760361372,
      0.14798034027277146,
      0.14703068362919236,
      0.14611201388528613,
      0.14458868300442257,
      0.14433655424324773,
      0.14506102383064087,
      0.14337199422340388,
      0.14339080892453115,
      0.1437369577167287,
      0.14435194417739458
    ],
    "stds": [
      0.0,
      0.0,
      0.0,
      0.0,
      0.0,
      0.0,
      0.0,
      0.0,
      0.0,
      0.0,
      0.0,
      0.0,
      0.0,
      0.0,
      0.0,
      0.0,
      0.0,
      0.0,
      0.0,
      0.0,
      0.0,
      0.0,
      0.0,
      0.0,
      0.0,
      0.0,
      0.0,
      0.0,
      0.0,
      0.0,
      0.0,
      0.0,
      0.0,
      0.0,
      0.0,
      0.0,
      0.0,
      0.0,
      0.0,
      0.0,
      0.0,
      0.0,
      0.0,
      0.0,
      0.0,
      0.0,
      0.0,
      0.0,
      0.0,
      0.0
    ]
  },
  "test_acc_fedavg": {
    "means": [
      0.725,
      0.8416666666666667,
      0.8861111111111111,
      0.8777777777777778,
      0.8888888888888888,
      0.8777777777777778,
      0.8888888888888888,
      0.9138888888888889,
      0.9111111111111111,
      0.9166666666666666,
      0.9166666666666666,
      0.9166666666666666,
      0.925,
      0.9305555555555556,
      0.9277777777777778,
      0.9361111111111111,
      0.9277777777777778,
      0.9361111111111111,
      0.9444444444444444,
      0.9416666666666667,
      0.9472222222222222,
      0.95,
      0.9444444444444444,
      0.9388888888888889,
      0.9388888888888889,
      0.9472222222222222,
      0.9388888888888889,
      0.9333333333333333,
      0.9472222222222222,
      0.9416666666666667,
      0.9361111111111111,
      0.9361111111111111,
      0.9333333333333333,
      0.9277777777777778,
      0.9305555555555556,
      0.9277777777777778,
      0.9277777777777778,
      0.9333333333333333,
      0.9361111111111111,
      0.9388888888888889,
      0.9388888888888889,
      0.9416666666666667,
      0.9416666666666667,
      0.9444444444444444,
      0.9444444444444444,
      0.95,
      0.9416666666666667,
      0.9333333333333333,
      0.9333333333333333,
      0.9388888888888889
    ],
    "stds": [
      0.0,
      0.0,
      0.0,
      0.0,
      0.0,
      0.0,
      0.0,
      0.0,
      0.0,
      0.0,
      0.0,
      0.0,
      0.0,
      0.0,
      0.0,
      0.0,
      0.0,
      0.0,
      0.0,
      0.0,
      0.0,
      0.0,
      0.0,
      0.0,
      0.0,
      0.0,
      0.0,
      0.0,
      0.0,
      0.0,
      0.0,
      0.0,
      0.0,
      0.0,
      0.0,
      0.0,
      0.0,
      0.0,
      0.0,
      0.0,
      0.0,
      0.0,
      0.0,
      0.0,
      0.0,
      0.0,
      0.0,
      0.0,
      0.0,
      0.0
    ]
  },
  "comm_MB_fedavg": {
    "means": [
      0.01536,
      0.03072,
      0.04608,
      0.06144,
      0.07680000000000001,
      0.09216,
      0.10752,
      0.12288,
      0.13824,
      0.15360000000000001,
      0.16896000000000003,
      0.18432000000000004,
      0.19968000000000005,
      0.21504000000000006,
      0.23040000000000008,
      0.2457600000000001,
      0.2611200000000001,
      0.27648000000000006,
      0.29184000000000004,
      0.30720000000000003,
      0.32256,
      0.33792,
      0.35328,
      0.36863999999999997,
      0.38399999999999995,
      0.39935999999999994,
      0.4147199999999999,
      0.4300799999999999,
      0.4454399999999999,
      0.4607999999999999,
      0.47615999999999986,
      0.49151999999999985,
      0.5068799999999999,
      0.5222399999999999,
      0.5376,
      0.55296,
      0.56832,
      0.5836800000000001,
      0.5990400000000001,
      0.6144000000000002,
      0.6297600000000002,
      0.6451200000000002,
      0.6604800000000003,
      0.6758400000000003,
      0.6912000000000004,
      0.7065600000000004,
      0.7219200000000005,
      0.7372800000000005,
      0.7526400000000005,
      0.7680000000000006
    ],
    "stds": [
      0.0,
      0.0,
      0.0,
      0.0,
      0.0,
      0.0,
      0.0,
      0.0,
      0.0,
      0.0,
      0.0,
      0.0,
      0.0,
      0.0,
      0.0,
      0.0,
      0.0,
      0.0,
      0.0,
      0.0,
      0.0,
      0.0,
      0.0,
      0.0,
      0.0,
      0.0,
      0.0,
      0.0,
      0.0,
      0.0,
      0.0,
      0.0,
      0.0,
      0.0,
      0.0,
      0.0,
      0.0,
      0.0,
      0.0,
      0.0,
      0.0,
      0.0,
      0.0,
      0.0,
      0.0,
      0.0,
      0.0,
      0.0,
      0.0,
      0.0
    ]
  },
  "train_loss_sfedavg": {
    "means": [
      1.728373479568864,
      1.3584470583373216,
      1.1797195653793873,
      0.9722217353338304,
      0.8655818621427052,
      0.7163948322517028,
      0.6182804189292983,
      0.5431618243706359,
      0.538946518824134,
      0.4834035317426133,
      0.46330042538981736,
      0.40971507565315773,
      0.3776478745668389,
      0.3629500099533475,
      0.3531668242295706,
      0.3378702886450202,
      0.31745274849647354,
      0.30559563471343953,
      0.3077842645545935,
      0.29804512927129695,
      0.2869935809740733,
      0.2767505897036905,
      0.2735757652778962,
      0.26737437858020063,
      0.2630325995583923,
      0.25575817577894705,
      0.2559558652076135,
      0.254926850445805,
      0.2586746248181808,
      0.2614043083991325,
      0.24941293189741248,
      0.2477284306431741,
      0.2453589570022513,
      0.2388895367447639,
      0.23584884123439842,
      0.2329352290046832,
      0.224660931203422,
      0.22470063622489753,
      0.21860822834969015,
      0.2141579672002226,
      0.20245750497410747,
      0.19895800909517158,
      0.19767713242074178,
      0.1966917625580813,
      0.19555264730852878,
      0.19317547165622423,
      0.1950902306393107,
      0.19659831827906163,
      0.1937440562389834,
      0.1923730369121234
    ],
    "stds": [
      0.0,
      0.0,
      0.0,
      0.0,
      0.0,
      0.0,
      0.0,
      0.0,
      0.0,
      0.0,
      0.0,
      0.0,
      0.0,
      0.0,
      0.0,
      0.0,
      0.0,
      0.0,
      0.0,
      0.0,
      0.0,
      0.0,
      0.0,
      0.0,
      0.0,
      0.0,
      0.0,
      0.0,
      0.0,
      0.0,
      0.0,
      0.0,
      0.0,
      0.0,
      0.0,
      0.0,
      0.0,
      0.0,
      0.0,
      0.0,
      0.0,
      0.0,
      0.0,
      0.0,
      0.0,
      0.0,
      0.0,
      0.0,
      0.0,
      0.0
    ]
  },