{
  "train_loss_fedavg": {
    "means": [
      0.5605545310496692,
      0.35009288554061835,
      0.2503877292747831,
      0.22564395805109047,
      0.2393235499887996,
      0.17288098408200805,
      0.15620995020078066,
      0.1657021196329038,
      0.14762106858874519,
      0.19488689061653147,
      0.1418368702155551,
      0.19519983814273018,
      0.19306358840539262,
      0.27359511784086604,
      0.1512699448660942,
      0.1434746284589345,
      0.12481151381617103,
      0.14171954341310866,
      0.1623673946610318,
      0.1857409180971783,
      0.13748794106140702,
      0.09050434175559395,
      0.14069366993583526,
      0.17080734845102036,
      0.12974623073576946,
      0.2182664335766617,
      0.15471762754077253,
      0.1111092154619638,
      0.104221491004658,
      0.108065922374028
    ],
    "stds": [
      0.0,
      0.0,
      0.0,
      0.0,
      0.0,
      0.0,
      0.0,
      0.0,
      0.0,
      0.0,
      0.0,
      0.0,
      0.0,
      0.0,
      0.0,
      0.0,
      0.0,
      0.0,
      0.0,
      0.0,
      0.0,
      0.0,
      0.0,
      0.0,
      0.0,
      0.0,
      0.0,
      0.0,
      0.0,
      0.0
    ]
  },
  "test_acc_fedavg": {
    "means": [
      0.8166666666666667,
      0.8833333333333333,
      0.9222222222222223,
      0.9111111111111111,
      0.9083333333333333,
      0.9333333333333333,
      0.9305555555555556,
      0.9333333333333333,
      0.9388888888888889,
      0.9333333333333333,
      0.95,
      0.9305555555555556,
      0.9333333333333333,
      0.9277777777777778,
      0.9388888888888889,
      0.9361111111111111,
      0.9444444444444444,
      0.9472222222222222,
      0.9333333333333333,
      0.9361111111111111,
      0.9472222222222222,
      0.9527777777777777,
      0.9416666666666667,
      0.9333333333333333,
      0.9444444444444444,
      0.9444444444444444,
      0.9416666666666667,
      0.9472222222222222,
      0.9388888888888889,
      0.9444444444444444
    ],
    "stds": [
      0.0,
      0.0,
      0.0,
      0.0,
      0.0,
      0.0,
      0.0,
      0.0,
      0.0,
      0.0,
      0.0,
      0.0,
      0.0,
      0.0,
      0.0,
      0.0,
      0.0,
      0.0,
      0.0,
      0.0,
      0.0,
      0.0,
      0.0,
      0.0,
      0.0,
      0.0,
      0.0,
      0.0,
      0.0,
      0.0
    ]
  },
  "comm_cost_fedavg": {
    "means": [
      819200.0,
      1638400.0,
      2457600.0,
      3276800.0,
      4096000.0,
      4915200.0,
      5734400.0,
      6553600.0,
      7372800.0,
      8192000.0,
      9011200.0,
      9830400.0,
      10649600.0,
      11468800.0,
      12288000.0,
      13107200.0,
      13926400.0,
      14745600.0,
      15564800.0,
      16384000.0,
      17203200.0,
      18022400.0,
      18841600.0,
      19660800.0,
      20480000.0,
      21299200.0,
      22118400.0,
      22937600.0,
      23756800.0,
      24576000.0
    ],
    "stds": [
      0.0,
      0.0,
      0.0,
      0.0,
      0.0,
      0.0,
      0.0,
      0.0,
      0.0,
      0.0,
      0.0,
      0.0,
      0.0,
      0.0,
      0.0,
      0.0,
      0.0,
      0.0,
      0.0,
      0.0,
      0.0,
      0.0,
      0.0,
      0.0,
      0.0,
      0.0,
      0.0,
      0.0,
      0.0,
      0.0
    ]
  },
  "effective_update_dims_fedavg": {
    "means": [
      409600.0,
      819200.0,
      1228800.0,
      1638400.0,
      2048000.0,
      2457600.0,
      2867200.0,
      3276800.0,
      3686400.0,
      4096000.0,
      4505600.0,
      4915200.0,
      5324800.0,
      5734400.0,
      6144000.0,
      6553600.0,
      6963200.0,
      7372800.0,
      7782400.0,
      8192000.0,
      8601600.0,
      9011200.0,
      9420800.0,
      9830400.0,
      10240000.0,
      10649600.0,
      11059200.0,
      11468800.0,
      11878400.0,
      12288000.0
    ],
    "stds": [
      0.0,
      0.0,
      0.0,
      0.0,
      0.0,
      0.0,
      0.0,
      0.0,
      0.0,
      0.0,
      0.0,
      0.0,
      0.0,
      0.0,
      0.0,
      0.0,
      0.0,
      0.0,
      0.0,
      0.0,
      0.0,
      0.0,
      0.0,
      0.0,
      0.0,
      0.0,
      0.0,
      0.0,
      0.0,
      0.0
    ]
  },
  "train_loss_sfedavg": {
    "means": [
      1.9240609465548157,
      1.6314723368964135,
      1.4073908619212052,
      1.262085601250583,
      1.1324008432749029,
      1.0289455114366601,
      0.9289755314906712,
      0.8577357170305566,
      0.7934026593038332,
      0.7402549259672927,
      0.6959306748219029,
      0.6574882979261701,
      0.6268380070751439,
      0.5983296800420039,
      0.5701094251628955,
      0.5468738211947931,
      0.5254744938266441,
      0.5054890947649612,
      0.4900746206393822,
      0.4771104397435923,
      0.4635364656534232,
      0.4513745630658044,
      0.4398774174974273,
      0.42787823530567887,
      0.41740943326840146,
      0.40736448817182114,
      0.39765224774493974,
      0.3888286452556799,
      0.3808643528888442,
      0.37194153132040514
    ],
    "stds": [
      0.0,
      0.0,
      0.0,
      0.0,
      0.0,
      0.0,
      0.0,
      0.0,
      0.0,
      0.0,
      0.0,
      0.0,
      0.0,
      0.0,
      0.0,
      0.0,
      0.0,
      0.0,
      0.0,
      0.0,
      0.0,
      0.0,
      0.0,
      0.0,
      0.0,
      0.0,
      0.0,
      0.0,
      0.0,
      0.0
    ]
  },
  "test_acc_sfedavg": {
    "means": [
      0.7722222222222223,
      0.8055555555555556,
      0.8444444444444444,
      0.8638888888888889,
      0.8666666666666667,
      0.8833333333333333,
      0.8833333333333333,
      0.8861111111111111,
      0.8916666666666667,
      0.9027777777777778,
      0.9055555555555556,
      0.9111111111111111,
      0.9111111111111111,
      0.9,
      0.9111111111111111,
      0.9083333333333333,
      0.9166666666666666,
      0.9194444444444444,
      0.9166666666666666,
      0.9166666666666666,
      0.9111111111111111,
      0.9083333333333333,
      0.9055555555555556,
      0.9194444444444444,
      0.9222222222222223,
      0.925,
      0.925,
      0.9277777777777778,
      0.9305555555555556,
      0.9333333333333333
    ],
    "stds": [
      0.0,
      0.0,
      0.0,
      0.0,
      0.0,
      0.0,
      0.0,
      0.0,
      0.0,
      0.0,
      0.0,
      0.0,
      0.0,
      0.0,
      0.0,
      0.0,
      0.0,
      0.0,
      0.0,
      0.0,
      0.0,
      0.0,
      0.0,
      0.0,
      0.0,
      0.0,
      0.0,
      0.0,
      0.0,
      0.0
    ]
  },
  "comm_cost_sfedavg": {
    "means": [
      2908160.0,
      5816320.0,
      8724480.0,
      11632640.0,
      14540800.0,
      17448960.0,
      20357120.0,
      23265280.0,
      26173440.0,
      29081600.0,
      31989760.0,
      34897920.0,
      37806080.0,
      40714240.0,
      43622400.0,
      46530560.0,
      49438720.0,
      52346880.0,
      55255040.0,
      58163200.0,
      61071360.0,
      63979520.0,
      66887680.0,
      69795840.0,
      72704000.0,
      75612160.0,
      78520320.0,
      81428480.0,
      84336640.0,
      87244800.0
    ],
    "stds": [
      0.0,
      0.0,
      0.0,
      0.0,
      0.0,
      0.0,
      0.0,
      0.0,
      0.0,
      0.0,
      0.0,
      0.0,
      0.0,
      0.0,
      0.0,
      0.0,
      0.0,
      0.0,
      0.0,
      0.0,
      0.0,
      0.0,
      0.0,
      0.0,
      0.0,
      0.0,
      0.0,
      0.0,
      0.0,
      0.0
    ]
  },