{
  "train_loss_fedavg": {
    "means": [
      0.7197428191824824,
      0.6453024406256468,
      0.5870887221593862,
      0.5395722425349302,
      0.5019937263472071,
      0.47125026297978295,
      0.44509648507970856,
      0.423740439092326,
      0.4061998200514334,
      0.39079888910556265,
      0.3770528276847666,
      0.36544501028480875,
      0.3554026282439963,
      0.3462623547400572,
      0.33789737208583803,
      0.3306398409204961,
      0.32401626890057833,
      0.3177674621282449,
      0.31210983558433725,
      0.3070089983650737,
      0.3020945101867436,
      0.29762921603158893,
      0.2935944236805598,
      0.2898008466137817,
      0.2861162259941428,
      0.282706762851133,
      0.27939617313288445,
      0.2764564861726011,
      0.27370146719907146,
      0.27105203901085306,
      0.2685019354151047,
      0.2660040098879622,
      0.2637436095928214,
      0.26164095646370383,
      0.25953962019967947,
      0.25754046940457104,
      0.2554947255554777,
      0.2536461636840434,
      0.2518201530329115,
      0.2500368720161359
    ],
    "stds": [
      0.0,
      0.0,
      0.0,
      0.0,
      0.0,
      0.0,
      0.0,
      0.0,
      0.0,
      0.0,
      0.0,
      0.0,
      0.0,
      0.0,
      0.0,
      0.0,
      0.0,
      0.0,
      0.0,
      0.0,
      0.0,
      0.0,
      0.0,
      0.0,
      0.0,
      0.0,
      0.0,
      0.0,
      0.0,
      0.0,
      0.0,
      0.0,
      0.0,
      0.0,
      0.0,
      0.0,
      0.0,
      0.0,
      0.0,
      0.0
    ]
  },
  "test_acc_fedavg": {
    "means": [
      0.55425,
      0.619,
      0.684,
      0.73375,
      0.778,
      0.80925,
      0.8345,
      0.856,
      0.87025,
      0.88225,
      0.889,
      0.895,
      0.90175,
      0.903,
      0.9075,
      0.9085,
      0.91175,
      0.913,
      0.91375,
      0.91375,
      0.91675,
      0.918,
      0.919,
      0.91975,
      0.9215,
      0.92075,
      0.92075,
      0.921,
      0.92175,
      0.92175,
      0.92275,
      0.92275,
      0.92375,
      0.92275,
      0.921,
      0.92275,
      0.924,
      0.923,
      0.92175,
      0.9235
    ],
    "stds": [
      0.0,
      0.0,
      0.0,
      0.0,
      0.0,
      0.0,
      0.0,
      0.0,
      0.0,
      0.0,
      0.0,
      0.0,
      0.0,
      0.0,
      0.0,
      0.0,
      0.0,
      0.0,
      0.0,
      0.0,
      0.0,
      0.0,
      0.0,
      0.0,
      0.0,
      0.0,
      0.0,
      0.0,
      0.0,
      0.0,
      0.0,
      0.0,
      0.0,
      0.0,
      0.0,
      0.0,
      0.0,
      0.0,
      0.0,
      0.0
    ]
  },
  "comm_floats_fedavg": {
    "means": [
      2020.0,
      4040.0,
      6060.0,
      8080.0,
      10100.0,
      12120.0,
      14140.0,
      16160.0,
      18180.0,
      20200.0,
      22220.0,
      24240.0,
      26260.0,
      28280.0,
      30300.0,
      32320.0,
      34340.0,
      36360.0,
      38380.0,
      40400.0,
      42420.0,
      44440.0,
      46460.0,
      48480.0,
      50500.0,
      52520.0,
      54540.0,
      56560.0,
      58580.0,
      60600.0,
      62620.0,
      64640.0,
      66660.0,
      68680.0,
      70700.0,
      72720.0,
      74740.0,
      76760.0,
      78780.0,
      80800.0
    ],
    "stds": [
      0.0,
      0.0,
      0.0,
      0.0,
      0.0,
      0.0,
      0.0,
      0.0,
      0.0,
      0.0,
      0.0,
      0.0,
      0.0,
      0.0,
      0.0,
      0.0,
      0.0,
      0.0,
      0.0,
      0.0,
      0.0,
      0.0,
      0.0,
      0.0,
      0.0,
      0.0,
      0.0,
      0.0,
      0.0,
      0.0,
      0.0,
      0.0,
      0.0,
      0.0,
      0.0,
      0.0,
      0.0,
      0.0,
      0.0,
      0.0
    ]
  },
  "comm_per_0.8_acc_fedavg": {
    "means": [
      12120.0
    ],
    "stds": [
      0.0
    ]
  },
  "rounds_to_target_loss_fedavg": {
    "means": [
      6
    ],
    "stds": [
      0.0
    ]
  },
  "stability_index_fedavg": {
    "means": [
      60.875571084601994
    ],
    "stds": [
      0.0
    ]
  },
  "area_under_accuracy_curve_fedavg": {
    "means": [
      34.368375
    ],
    "stds": [
      0.0
    ]
  },
  "train_loss_sfedavg": {
    "means": [
      0.7631952374978864,
      0.7217989867226365,
      0.6674729196804947,
      0.6295636318384484,
      0.6015875089930302,
      0.5840039457351561,
      0.5594404971936721,
      0.5334126819955369,
      0.5137628014723382,
      0.49417542902010053,
      0.4766564734552489,
      0.4630584782875186,
      0.45486996292150583,
      0.4393547832408511,
      0.42299976862585886,
      0.4172787898603423,
      0.40776773017487167,
      0.399412717670263,
      0.3921594403337384,
      0.3848789195635617,
      0.37790918322142025,
      0.370808957323031,
      0.36578507546446054,
      0.36117311587540646,
      0.3575732489476285,
      0.3509464381129355,
      0.3462181663379467,
      0.34186724960194675,
      0.33834278952201563,
      0.3351663017109887,
      0.3305584160952171,
      0.3249480962083038,
      0.32146817261468597,
      0.3179553860569973,
      0.3145018039047509,
      0.31307566800687453,
      0.31101505556580256,
      0.3071677062175322,
      0.30351140255395215,
      0.3013858951531974
    ],
    "stds": [
      0.0,
      0.0,
      0.0,
      0.0,
      0.0,
      0.0,
      0.0,
      0.0,
      0.0,
      0.0,
      0.0,
      0.0,
      0.0,
      0.0,
      0.0,
      0.0,
      0.0,
      0.0,
      0.0,
      0.0,
      0.0,
      0.0,
      0.0,
      0.0,
      0.0,
      0.0,
      0.0,
      0.0,
      0.0,
      0.0,
      0.0,
      0.0,
      0.0,
      0.0,
      0.0,
      0.0,
      0.0,
      0.0,
      0.0,
      0.0
    ]
  },
  "test_acc_sfedavg": {
    "means": [
      0.529,
      0.55575,
      0.60425,
      0.63775,
      0.6655,
      0.679,
      0.707,
      0.732,
      0.746,
      0.76825,
      0.78425,
      0.79525,
      0.805,
      0.81975,
      0.834,
      0.834,
      0.843,
      0.84725,
      0.85175,
      0.857,
      0.864,
      0.87375,
      0.878,
      0.88225,
      0.885,
      0.89175,
      0.89525,
      0.89675,
      0.89875,
      0.89825,
      0.90125,
      0.90575,
      0.9065,
      0.907,
      0.90925,
      0.907,
      0.90725,
      0.91,
      0.915,
      0.915
    ],
    "stds": [
      0.0,
      0.0,
      0.0,
      0.0,
      0.0,
      0.0,
      0.0,
      0.0,
      0.0,
      0.0,
      0.0,
      0.0,
      0.0,
      0.0,
      0.0,
      0.0,
      0.0,
      0.0,
      0.0,
      0.0,
      0.0,
      0.0,
      0.0,
      0.0,
      0.0,
      0.0,
      0.0,
      0.0,
      0.0,
      0.0,
      0.0,
      0.0,
      0.0,
      0.0,
      0.0,
      0.0,
      0.0,
      0.0,
      0.0,
      0.0
    ]
  },
  "comm_floats_sfedavg": {
    "means": [
      104030.0,
      208060.0,
      312090.0,
      416120.0,
      520150.0,
      624180.0,
      728210.0,
      832240.0,
      936270.0,
      1040300.0,
      1144330.0,
      1248360.0,
      1352390.0,
      1456420.0,
      1560450.0,
      1664480.0,
      1768510.0,
      1872540.0,
      1976570.0,
      2080600.0,
      2184630.0,
      2288660.0,
      2392690.0,
      2496720.0,
      2600750.0,
      2704780.0,
      2808810.0,
      2912840.0,
      3016870.0,
      3120900.0,
      3224930.0,
      3328960.0,
      3432990.0,
      3537020.0,
      3641050.0,
      3745080.0,
      3849110.0,
      3953140.0,
      4057170.0,
      4161200.0
    ],
    "stds": [
      0.0,
      0.0,
      0.0,
      0.0,
      0.0,
      0.0,
      0.0,
      0.0,
      0.0,
      0.0,
      0.0,
      0.0,
      0.0,
      0.0,
      0.0,
      0.0,
      0.0,
      0.0,
      0.0,
      0.0,
      0.0,
      0.0,
      0.0,
      0.0,
      0.0,
      0.0,
      0.0,
      0.0,
      0.0,
      0.0,
      0.0,
      0.0,
      0.0,
      0.0,
      0.0,
      0.0,
      0.0,
      0.0,
      0.0,
      0.0
    ]
  },