{
  "train_loss": {
    "means": [
      2.2567788896274235,
      2.220243906161408,
      2.187927837343955,
      2.133805928917523,
      2.0853741948736473,
      2.0380608075083293,
      1.9866070671193534,
      1.9293911641062986,
      1.8931504498732101,
      1.8448974161454088,
      1.8052520684326723,
      1.7574781482672697,
      1.7201935992343846,
      1.6747406511176792,
      1.6447487397045388,
      1.6127345304135177,
      1.5792823084605443,
      1.547826452118718,
      1.522848188817311,
      1.4881702057780037,
      1.4581456724441912,
      1.4272421130344848,
      1.4025873383864351,
      1.37725880705483,
      1.3498156645580843,
      1.3235970465113616,
      1.2996754857925312,
      1.2814377617262631,
      1.2626481872258841,
      1.2403383095910008,
      1.2231241765251195,
      1.2070108606426084,
      1.1895906749972376,
      1.1727008212413987,
      1.1581145304824156,
      1.1432198014296455,
      1.1275682482053218,
      1.1152432218009185,
      1.0992146209119102,
      1.0875283128559592,
      1.0737643763920164,
      1.0618416377330864,
      1.0471020728969833,
      1.036273711429567,
      1.025221809004467,
      1.0134336843590037,
      1.0035360665991508,
      0.9909480866881849,
      0.9795253792111435,
      0.9670758874013707
    ],
    "stds": [
      0.0,
      0.0,
      0.0,
      0.0,
      0.0,
      0.0,
      0.0,
      0.0,
      0.0,
      0.0,
      0.0,
      0.0,
      0.0,
      0.0,
      0.0,
      0.0,
      0.0,
      0.0,
      0.0,
      0.0,
      0.0,
      0.0,
      0.0,
      0.0,
      0.0,
      0.0,
      0.0,
      0.0,
      0.0,
      0.0,
      0.0,
      0.0,
      0.0,
      0.0,
      0.0,
      0.0,
      0.0,
      0.0,
      0.0,
      0.0,
      0.0,
      0.0,
      0.0,
      0.0,
      0.0,
      0.0,
      0.0,
      0.0,
      0.0,
      0.0
    ]
  },
  "test_accuracy": {
    "means": [
      0.4285,
      0.496,
      0.5465,
      0.55,
      0.5705,
      0.5945,
      0.5825,
      0.597,
      0.606,
      0.624,
      0.6285,
      0.646,
      0.667,
      0.6655,
      0.672,
      0.6835,
      0.6745,
      0.672,
      0.676,
      0.6725,
      0.6805,
      0.6905,
      0.69,
      0.695,
      0.7035,
      0.7025,
      0.716,
      0.713,
      0.717,
      0.712,
      0.714,
      0.72,
      0.727,
      0.7315,
      0.731,
      0.7375,
      0.7415,
      0.748,
      0.754,
      0.7515,
      0.758,
      0.7585,
      0.767,
      0.7645,
      0.767,
      0.7705,
      0.7715,
      0.775,
      0.7715,
      0.777
    ],
    "stds": [
      0.0,
      0.0,
      0.0,
      0.0,
      0.0,
      0.0,
      0.0,
      0.0,
      0.0,
      0.0,
      0.0,
      0.0,
      0.0,
      0.0,
      0.0,
      0.0,
      0.0,
      0.0,
      0.0,
      0.0,
      0.0,
      0.0,
      0.0,
      0.0,
      0.0,
      0.0,
      0.0,
      0.0,
      0.0,
      0.0,
      0.0,
      0.0,
      0.0,
      0.0,
      0.0,
      0.0,
      0.0,
      0.0,
      0.0,
      0.0,
      0.0,
      0.0,
      0.0,
      0.0,
      0.0,
      0.0,
      0.0,
      0.0,
      0.0,
      0.0
    ]
  },
  "uplink_floats": {
    "means": [
      600.0,
      1200.0,
      1800.0,
      2400.0,
      3000.0,
      3600.0,
      4200.0,
      4800.0,
      5400.0,
      6000.0,
      6600.0,
      7200.0,
      7800.0,
      8400.0,
      9000.0,
      9600.0,
      10200.0,
      10800.0,
      11400.0,
      12000.0,
      12600.0,
      13200.0,
      13800.0,
      14400.0,
      15000.0,
      15600.0,
      16200.0,
      16800.0,
      17400.0,
      18000.0,
      18600.0,
      19200.0,
      19800.0,
      20400.0,
      21000.0,
      21600.0,
      22200.0,
      22800.0,
      23400.0,
      24000.0,
      24600.0,
      25200.0,
      25800.0,
      26400.0,
      27000.0,
      27600.0,
      28200.0,
      28800.0,
      29400.0,
      30000.0
    ],
    "stds": [
      0.0,
      0.0,
      0.0,
      0.0,
      0.0,
      0.0,
      0.0,
      0.0,
      0.0,
      0.0,
      0.0,
      0.0,
      0.0,
      0.0,
      0.0,
      0.0,
      0.0,
      0.0,
      0.0,
      0.0,
      0.0,
      0.0,
      0.0,
      0.0,
      0.0,
      0.0,
      0.0,
      0.0,
      0.0,
      0.0,
      0.0,
      0.0,
      0.0,
      0.0,
      0.0,
      0.0,
      0.0,
      0.0,
      0.0,
      0.0,
      0.0,
      0.0,
      0.0,
      0.0,
      0.0,
      0.0,
      0.0,
      0.0,
      0.0,
      0.0
    ]
  },
  "downlink_floats": {
    "means": [
      3000.0,
      6000.0,
      9000.0,
      12000.0,
      15000.0,
      18000.0,
      21000.0,
      24000.0,
      27000.0,
      30000.0,
      33000.0,
      36000.0,
      39000.0,
      42000.0,
      45000.0,
      48000.0,
      51000.0,
      54000.0,
      57000.0,
      60000.0,
      63000.0,
      66000.0,
      69000.0,
      72000.0,
      75000.0,
      78000.0,
      81000.0,
      84000.0,
      87000.0,
      90000.0,
      93000.0,
      96000.0,
      99000.0,
      102000.0,
      105000.0,
      108000.0,
      111000.0,
      114000.0,
      117000.0,
      120000.0,
      123000.0,
      126000.0,
      129000.0,
      132000.0,
      135000.0,
      138000.0,
      141000.0,
      144000.0,
      147000.0,
      150000.0
    ],
    "stds": [
      0.0,
      0.0,
      0.0,
      0.0,
      0.0,
      0.0,
      0.0,
      0.0,
      0.0,
      0.0,
      0.0,
      0.0,
      0.0,
      0.0,
      0.0,
      0.0,
      0.0,
      0.0,
      0.0,
      0.0,
      0.0,
      0.0,
      0.0,
      0.0,
      0.0,
      0.0,
      0.0,
      0.0,
      0.0,
      0.0,
      0.0,
      0.0,
      0.0,
      0.0,
      0.0,
      0.0,
      0.0,
      0.0,
      0.0,
      0.0,
      0.0,
      0.0,
      0.0,
      0.0,
      0.0,
      0.0,
      0.0,
      0.0,
      0.0,
      0.0
    ]
  },
  "total_floats": {
    "means": [
      3600.0,
      7200.0,
      10800.0,
      14400.0,
      18000.0,
      21600.0,
      25200.0,
      28800.0,
      32400.0,
      36000.0,
      39600.0,
      43200.0,
      46800.0,
      50400.0,
      54000.0,
      57600.0,
      61200.0,
      64800.0,
      68400.0,
      72000.0,
      75600.0,
      79200.0,
      82800.0,
      86400.0,
      90000.0,
      93600.0,
      97200.0,
      100800.0,
      104400.0,
      108000.0,
      111600.0,
      115200.0,
      118800.0,
      122400.0,
      126000.0,
      129600.0,
      133200.0,
      136800.0,
      140400.0,
      144000.0,
      147600.0,
      151200.0,
      154800.0,
      158400.0,
      162000.0,
      165600.0,
      169200.0,
      172800.0,
      176400.0,
      180000.0
    ],
    "stds": [
      0.0,
      0.0,
      0.0,
      0.0,
      0.0,
      0.0,
      0.0,
      0.0,
      0.0,
      0.0,
      0.0,
      0.0,
      0.0,
      0.0,
      0.0,
      0.0,
      0.0,
      0.0,
      0.0,
      0.0,
      0.0,
      0.0,
      0.0,
      0.0,
      0.0,
      0.0,
      0.0,
      0.0,
      0.0,
      0.0,
      0.0,
      0.0,
      0.0,
      0.0,
      0.0,
      0.0,
      0.0,
      0.0,
      0.0,
      0.0,
      0.0,
      0.0,
      0.0,
      0.0,
      0.0,
      0.0,
      0.0,
      0.0,
      0.0,
      0.0
    ]
  }
}