{
  "train_loss_fedavg": {
    "means": [
      0.7883484593230488,
      0.7412769569011324,
      0.6982278575534814,
      0.6583971418172232,
      0.6242140524404397,
      0.5935045019717197,
      0.566556054503071,
      0.5421440467738232,
      0.5202429443693177,
      0.501402378854663,
      0.4836814896140363,
      0.4669898246146071,
      0.45123767352602734,
      0.43731302354804075,
      0.42546126915805343,
      0.4143993130026758,
      0.4041745658821452,
      0.3950961628265924,
      0.3866551952153794,
      0.37869042990972607,
      0.37136622095534955,
      0.364782850679332,
      0.3587383754894864,
      0.3533025373968422,
      0.34786693661057194,
      0.34287175728372815,
      0.33807477009608367,
      0.3335366122964685,
      0.32934433048873085,
      0.32536643408104565
    ],
    "stds": [
      0.0,
      0.0,
      0.0,
      0.0,
      0.0,
      0.0,
      0.0,
      0.0,
      0.0,
      0.0,
      0.0,
      0.0,
      0.0,
      0.0,
      0.0,
      0.0,
      0.0,
      0.0,
      0.0,
      0.0,
      0.0,
      0.0,
      0.0,
      0.0,
      0.0,
      0.0,
      0.0,
      0.0,
      0.0,
      0.0
    ]
  },
  "test_acc_fedavg": {
    "means": [
      0.5675,
      0.592375,
      0.615425,
      0.6402,
      0.663275,
      0.6846,
      0.706425,
      0.7264,
      0.743675,
      0.759075,
      0.77265,
      0.7877,
      0.8017,
      0.814525,
      0.82555,
      0.835,
      0.84395,
      0.852625,
      0.859175,
      0.86515,
      0.870925,
      0.8768,
      0.881375,
      0.8853,
      0.889975,
      0.8929,
      0.895975,
      0.8988,
      0.900775,
      0.9031
    ],
    "stds": [
      0.0,
      0.0,
      0.0,
      0.0,
      0.0,
      0.0,
      0.0,
      0.0,
      0.0,
      0.0,
      0.0,
      0.0,
      0.0,
      0.0,
      0.0,
      0.0,
      0.0,
      0.0,
      0.0,
      0.0,
      0.0,
      0.0,
      0.0,
      0.0,
      0.0,
      0.0,
      0.0,
      0.0,
      0.0,
      0.0
    ]
  },
  "comm_floats_fedavg": {
    "means": [
      4020.0,
      8040.0,
      12060.0,
      16080.0,
      20100.0,
      24120.0,
      28140.0,
      32160.0,
      36180.0,
      40200.0,
      44220.0,
      48240.0,
      52260.0,
      56280.0,
      60300.0,
      64320.0,
      68340.0,
      72360.0,
      76380.0,
      80400.0,
      84420.0,
      88440.0,
      92460.0,
      96480.0,
      100500.0,
      104520.0,
      108540.0,
      112560.0,
      116580.0,
      120600.0
    ],
    "stds": [
      0.0,
      0.0,
      0.0,
      0.0,
      0.0,
      0.0,
      0.0,
      0.0,
      0.0,
      0.0,
      0.0,
      0.0,
      0.0,
      0.0,
      0.0,
      0.0,
      0.0,
      0.0,
      0.0,
      0.0,
      0.0,
      0.0,
      0.0,
      0.0,
      0.0,
      0.0,
      0.0,
      0.0,
      0.0,
      0.0
    ]
  },
  "comm_per_0.8_acc_fedavg": {
    "means": [
      52260.0
    ],
    "stds": [
      0.0
    ]
  },
  "rounds_to_target_loss_fedavg": {
    "means": [
      11
    ],
    "stds": [
      0.0
    ]
  },
  "train_loss_sfedavg": {
    "means": [
      0.8196319159946708,
      0.7954345324745652,
      0.7770344498948717,
      0.7570809463217569,
      0.7428104766331913,
      0.7227183999431455,
      0.7060210489521461,
      0.6949098659624383,
      0.6828662250187191,
      0.6754325532621007,
      0.6608073852804284,
      0.6510964208247975,
      0.6429506750348107,
      0.6272044995281592,
      0.6145124154067823,
      0.6006992406089154,
      0.5858296550519789,
      0.5742420136693811,
      0.5671334590843758,
      0.5574280907675838,
      0.5488396145839469,
      0.542296762673262,
      0.5322043361639237,
      0.5235522641775294,
      0.5167614061812319,
      0.5049996965150239,
      0.4960787241130463,
      0.48877196820098323,
      0.48406860010769376,
      0.47706202171477363
    ],
    "stds": [
      0.0,
      0.0,
      0.0,
      0.0,
      0.0,
      0.0,
      0.0,
      0.0,
      0.0,
      0.0,
      0.0,
      0.0,
      0.0,
      0.0,
      0.0,
      0.0,
      0.0,
      0.0,
      0.0,
      0.0,
      0.0,
      0.0,
      0.0,
      0.0,
      0.0,
      0.0,
      0.0,
      0.0,
      0.0,
      0.0
    ]
  },
  "test_acc_sfedavg": {
    "means": [
      0.5541,
      0.565525,
      0.574625,
      0.584775,
      0.59135,
      0.6034,
      0.6139,
      0.62085,
      0.628775,
      0.63315,
      0.6422,
      0.648575,
      0.654175,
      0.6628,
      0.67095,
      0.682375,
      0.69205,
      0.700025,
      0.705175,
      0.712425,
      0.7183,
      0.723125,
      0.73,
      0.737375,
      0.743475,
      0.7521,
      0.76,
      0.7659,
      0.769575,
      0.7749
    ],
    "stds": [
      0.0,
      0.0,
      0.0,
      0.0,
      0.0,
      0.0,
      0.0,
      0.0,
      0.0,
      0.0,
      0.0,
      0.0,
      0.0,
      0.0,
      0.0,
      0.0,
      0.0,
      0.0,
      0.0,
      0.0,
      0.0,
      0.0,
      0.0,
      0.0,
      0.0,
      0.0,
      0.0,
      0.0,
      0.0,
      0.0
    ]
  },
  "comm_floats_sfedavg": {
    "means": [
      408030.0,
      816060.0,
      1224090.0,
      1632120.0,
      2040150.0,
      2448180.0,
      2856210.0,
      3264240.0,
      3672270.0,
      4080300.0,
      4488330.0,
      4896360.0,
      5304390.0,
      5712420.0,
      6120450.0,
      6528480.0,
      6936510.0,
      7344540.0,
      7752570.0,
      8160600.0,
      8568630.0,
      8976660.0,
      9384690.0,
      9792720.0,
      10200750.0,
      10608780.0,
      11016810.0,
      11424840.0,
      11832870.0,
      12240900.0
    ],
    "stds": [
      0.0,
      0.0,
      0.0,
      0.0,
      0.0,
      0.0,
      0.0,
      0.0,
      0.0,
      0.0,
      0.0,
      0.0,
      0.0,
      0.0,
      0.0,
      0.0,
      0.0,
      0.0,
      0.0,
      0.0,
      0.0,
      0.0,
      0.0,
      0.0,
      0.0,
      0.0,
      0.0,
      0.0,
      0.0,
      0.0
    ]
  },
  "rounds_to_target_loss_sfedavg": {
    "means": [
      27
    ],
    "stds": [
      0.0
    ]
  }
}