{
  "train_loss_fedavg": {
    "means": [
      0.644470313941729,
      0.41526632254303103,
      0.2819585961217956,
      0.2607470654494221,
      0.2779268792566046,
      0.19466197240018737,
      0.1893267390588052,
      0.20409588140958523,
      0.1751275508716117,
      0.241982872567538,
      0.1706996892479449,
      0.25726845710497814,
      0.24803000571220982,
      0.3681150906685761,
      0.20085136347620083,
      0.19049066528131328,
      0.16495375920709274,
      0.1915683342541586,
      0.21974407649157368,
      0.2359906514883831,
      0.17180227537802426,
      0.11825428579495925,
      0.19582820327064274,
      0.24350243907731897,
      0.1764253049961349,
      0.3212946526945752,
      0.2149639839124056,
      0.16044926561150188,
      0.13706679113282838,
      0.1352677816102094
    ],
    "stds": [
      0.0,
      0.0,
      0.0,
      0.0,
      0.0,
      0.0,
      0.0,
      0.0,
      0.0,
      0.0,
      0.0,
      0.0,
      0.0,
      0.0,
      0.0,
      0.0,
      0.0,
      0.0,
      0.0,
      0.0,
      0.0,
      0.0,
      0.0,
      0.0,
      0.0,
      0.0,
      0.0,
      0.0,
      0.0,
      0.0
    ]
  },
  "test_acc_fedavg": {
    "means": [
      0.8166666666666667,
      0.875,
      0.9222222222222223,
      0.9111111111111111,
      0.9138888888888889,
      0.9305555555555556,
      0.9277777777777778,
      0.925,
      0.9388888888888889,
      0.9333333333333333,
      0.9444444444444444,
      0.925,
      0.9305555555555556,
      0.9277777777777778,
      0.9361111111111111,
      0.9361111111111111,
      0.9444444444444444,
      0.9416666666666667,
      0.9305555555555556,
      0.9305555555555556,
      0.9472222222222222,
      0.95,
      0.9361111111111111,
      0.9277777777777778,
      0.9416666666666667,
      0.9416666666666667,
      0.9444444444444444,
      0.9472222222222222,
      0.9444444444444444,
      0.9444444444444444
    ],
    "stds": [
      0.0,
      0.0,
      0.0,
      0.0,
      0.0,
      0.0,
      0.0,
      0.0,
      0.0,
      0.0,
      0.0,
      0.0,
      0.0,
      0.0,
      0.0,
      0.0,
      0.0,
      0.0,
      0.0,
      0.0,
      0.0,
      0.0,
      0.0,
      0.0,
      0.0,
      0.0,
      0.0,
      0.0,
      0.0,
      0.0
    ]
  },
  "comm_cost_fedavg": {
    "means": [
      819200.0,
      1638400.0,
      2457600.0,
      3276800.0,
      4096000.0,
      4915200.0,
      5734400.0,
      6553600.0,
      7372800.0,
      8192000.0,
      9011200.0,
      9830400.0,
      10649600.0,
      11468800.0,
      12288000.0,
      13107200.0,
      13926400.0,
      14745600.0,
      15564800.0,
      16384000.0,
      17203200.0,
      18022400.0,
      18841600.0,
      19660800.0,
      20480000.0,
      21299200.0,
      22118400.0,
      22937600.0,
      23756800.0,
      24576000.0
    ],
    "stds": [
      0.0,
      0.0,
      0.0,
      0.0,
      0.0,
      0.0,
      0.0,
      0.0,
      0.0,
      0.0,
      0.0,
      0.0,
      0.0,
      0.0,
      0.0,
      0.0,
      0.0,
      0.0,
      0.0,
      0.0,
      0.0,
      0.0,
      0.0,
      0.0,
      0.0,
      0.0,
      0.0,
      0.0,
      0.0,
      0.0
    ]
  },
  "effective_update_dims_fedavg": {
    "means": [
      409600.0,
      819200.0,
      1228800.0,
      1638400.0,
      2048000.0,
      2457600.0,
      2867200.0,
      3276800.0,
      3686400.0,
      4096000.0,
      4505600.0,
      4915200.0,
      5324800.0,
      5734400.0,
      6144000.0,
      6553600.0,
      6963200.0,
      7372800.0,
      7782400.0,
      8192000.0,
      8601600.0,
      9011200.0,
      9420800.0,
      9830400.0,
      10240000.0,
      10649600.0,
      11059200.0,
      11468800.0,
      11878400.0,
      12288000.0
    ],
    "stds": [
      0.0,
      0.0,
      0.0,
      0.0,
      0.0,
      0.0,
      0.0,
      0.0,
      0.0,
      0.0,
      0.0,
      0.0,
      0.0,
      0.0,
      0.0,
      0.0,
      0.0,
      0.0,
      0.0,
      0.0,
      0.0,
      0.0,
      0.0,
      0.0,
      0.0,
      0.0,
      0.0,
      0.0,
      0.0,
      0.0
    ]
  },
  "train_loss_sfedavg": {
    "means": [
      1.3709724654513018,
      0.9858285296635704,
      0.7753835484833972,
      0.6525678876839379,
      0.5723580227299229,
      0.5116047460768677,
      0.4637741080746321,
      0.4304817886665179,
      0.3987270664361243,
      0.37322712754169024,
      0.3523182075815617,
      0.33433303712116913,
      0.3176896367286937,
      0.30577028019956926,
      0.29400733417784986,
      0.28282900685507645,
      0.27145300917340554,
      0.26206554024897233,
      0.254606539811035,
      0.24973653059541376,
      0.24237209292276363,
      0.2356080608509365,
      0.23054465836102173,
      0.2254938075281193,
      0.22048072476459063,
      0.21612724945289757,
      0.2111096105928014,
      0.20767685684438497,
      0.20314309275575218,
      0.19838222113379048
    ],
    "stds": [
      0.0,
      0.0,
      0.0,
      0.0,
      0.0,
      0.0,
      0.0,
      0.0,
      0.0,
      0.0,
      0.0,
      0.0,
      0.0,
      0.0,
      0.0,
      0.0,
      0.0,
      0.0,
      0.0,
      0.0,
      0.0,
      0.0,
      0.0,
      0.0,
      0.0,
      0.0,
      0.0,
      0.0,
      0.0,
      0.0
    ]
  },
  "test_acc_sfedavg": {
    "means": [
      0.7666666666666667,
      0.825,
      0.8527777777777777,
      0.8916666666666667,
      0.8916666666666667,
      0.9083333333333333,
      0.9055555555555556,
      0.9111111111111111,
      0.925,
      0.9222222222222223,
      0.9222222222222223,
      0.9222222222222223,
      0.9222222222222223,
      0.9222222222222223,
      0.9194444444444444,
      0.925,
      0.9305555555555556,
      0.9305555555555556,
      0.9305555555555556,
      0.9333333333333333,
      0.9305555555555556,
      0.9416666666666667,
      0.9416666666666667,
      0.9416666666666667,
      0.9416666666666667,
      0.9416666666666667,
      0.9416666666666667,
      0.9416666666666667,
      0.9444444444444444,
      0.9444444444444444
    ],
    "stds": [
      0.0,
      0.0,
      0.0,
      0.0,
      0.0,
      0.0,
      0.0,
      0.0,
      0.0,
      0.0,
      0.0,
      0.0,
      0.0,
      0.0,
      0.0,
      0.0,
      0.0,
      0.0,
      0.0,
      0.0,
      0.0,
      0.0,
      0.0,
      0.0,
      0.0,
      0.0,
      0.0,
      0.0,
      0.0,
      0.0
    ]
  },
  "comm_cost_sfedavg": {
    "means": [
      4997120.0,
      9994240.0,
      14991360.0,
      19988480.0,
      24985600.0,
      29982720.0,
      34979840.0,
      39976960.0,
      44974080.0,
      49971200.0,
      54968320.0,
      59965440.0,
      64962560.0,
      69959680.0,
      74956800.0,
      79953920.0,
      84951040.0,
      89948160.0,
      94945280.0,
      99942400.0,
      104939520.0,
      109936640.0,
      114933760.0,
      119930880.0,
      124928000.0,
      129925120.0,
      134922240.0,
      139919360.0,
      144916480.0,
      149913600.0
    ],
    "stds": [
      0.0,
      0.0,
      0.0,
      0.0,
      0.0,
      0.0,
      0.0,
      0.0,
      0.0,
      0.0,
      0.0,
      0.0,
      0.0,
      0.0,
      0.0,
      0.0,
      0.0,
      0.0,
      0.0,
      0.0,
      0.0,
      0.0,
      0.0,
      0.0,
      0.0,
      0.0,
      0.0,
      0.0,
      0.0,
      0.0
    ]
  },
  "effective_update_dims_sfedavg": {
    "means": [
      40800.0,
      81600.0,
      122400.0,
      163200.0,
      204000.0,
      244800.0,
      285600.0,
      326400.0,
      367200.0,
      408000.0,
      448800.0,
      489600.0,
      530400.0,
      571200.0,
      612000.0,
      652800.0,
      693600.0,
      734400.0,
      775200.0,
      816000.0,
      856800.0,
      897600.0,
      938400.0,
      979200.0,
      1020000.0,
      1060800.0,
      1101600.0,
      1142400.0,
      1183200.0,
      1224000.0
    ],