{
  "train_loss/FedAvg": {
    "means": [
      0.9496410666769051,
      0.6554008540956567,
      0.5166492266266254,
      0.4363683875610549,
      0.3000709098370906,
      0.2530096099989359,
      0.22194507645835387,
      0.1953488658648292,
      0.22728149269064218,
      0.21607841392595312,
      0.20358235404153524,
      0.19125185819738916,
      0.22541467521554723,
      0.22186482507379646,
      0.21473072359407208,
      0.21066588963932137,
      0.24219349107085722,
      0.24232808084258228,
      0.23841735798283276,
      0.23795040369301584,
      0.2670346293483284,
      0.26913532474504775,
      0.2669768899815226,
      0.26820607520738826,
      0.29404528524952017,
      0.2980291528191312,
      0.29588615421007924,
      0.2982421318533505,
      0.32057085192479334,
      0.32549215217832683,
      0.322395028851288,
      0.325315299813748,
      0.3445920942244103,
      0.34955975684806595,
      0.34559874699422577,
      0.3477848695974238,
      0.36422398074169254,
      0.3688941922627589,
      0.36462306494568725,
      0.36505329027712496,
      0.3787834037095924,
      0.38275838549742586,
      0.3784993464894988,
      0.37696008840480183,
      0.38801706324086116,
      0.39086533512096755,
      0.3866478174973654,
      0.38346490705354713,
      0.39182636115569086,
      0.3933436997591214,
      0.389075797170401,
      0.38473311670327226,
      0.3905003817137197,
      0.39070805628378663,
      0.3862672477563076,
      0.3811201554966783,
      0.3846279727869749,
      0.3836222936997761,
      0.3788844682977211,
      0.3730846663960767,
      0.3748448502684218,
      0.3726806349797327,
      0.36757191160885194,
      0.3611899423359706,
      0.3617432360874554,
      0.3584427182445433,
      0.35293615312920795,
      0.34609442632333853,
      0.3458248156891718,
      0.3414952639590859,
      0.33557726402913746,
      0.3284535268804119,
      0.3275549735249085,
      0.32237942829151395,
      0.3161173172767985,
      0.3088876761298867,
      0.30743394218976805,
      0.30162409973424864,
      0.29517669389490575,
      0.28798898082587765
    ],
    "stds": [
      0.0,
      0.0,
      0.0,
      0.0,
      0.0,
      0.0,
      0.0,
      0.0,
      0.0,
      0.0,
      0.0,
      0.0,
      0.0,
      0.0,
      0.0,
      0.0,
      0.0,
      0.0,
      0.0,
      0.0,
      0.0,
      0.0,
      0.0,
      0.0,
      0.0,
      0.0,
      0.0,
      0.0,
      0.0,
      0.0,
      0.0,
      0.0,
      0.0,
      0.0,
      0.0,
      0.0,
      0.0,
      0.0,
      0.0,
      0.0,
      0.0,
      0.0,
      0.0,
      0.0,
      0.0,
      0.0,
      0.0,
      0.0,
      0.0,
      0.0,
      0.0,
      0.0,
      0.0,
      0.0,
      0.0,
      0.0,
      0.0,
      0.0,
      0.0,
      0.0,
      0.0,
      0.0,
      0.0,
      0.0,
      0.0,
      0.0,
      0.0,
      0.0,
      0.0,
      0.0,
      0.0,
      0.0,
      0.0,
      0.0,
      0.0,
      0.0,
      0.0,
      0.0,
      0.0,
      0.0
    ]
  },
  "test_accuracy/FedAvg": {
    "means": [
      0.825,
      0.8666666666666667,
      0.9166666666666666,
      0.9166666666666666,
      0.9083333333333333,
      0.9194444444444444,
      0.925,
      0.9277777777777778,
      0.925,
      0.925,
      0.9305555555555556,
      0.9416666666666667,
      0.9333333333333333,
      0.9333333333333333,
      0.9388888888888889,
      0.9444444444444444,
      0.9444444444444444,
      0.9444444444444444,
      0.9527777777777777,
      0.9472222222222222,
      0.95,
      0.9527777777777777,
      0.95,
      0.9583333333333334,
      0.9527777777777777,
      0.9611111111111111,
      0.9611111111111111,
      0.9583333333333334,
      0.9583333333333334,
      0.9638888888888889,
      0.9611111111111111,
      0.9611111111111111,
      0.9611111111111111,
      0.9638888888888889,
      0.9555555555555556,
      0.9583333333333334,
      0.9611111111111111,
      0.9666666666666667,
      0.9611111111111111,
      0.9638888888888889,
      0.9638888888888889,
      0.9638888888888889,
      0.9638888888888889,
      0.9638888888888889,
      0.9638888888888889,
      0.9638888888888889,
      0.9638888888888889,
      0.9611111111111111,
      0.9611111111111111,
      0.9611111111111111,
      0.9611111111111111,
      0.9611111111111111,
      0.9611111111111111,
      0.9611111111111111,
      0.9611111111111111,
      0.9611111111111111,
      0.9611111111111111,
      0.9611111111111111,
      0.9611111111111111,
      0.9611111111111111,
      0.9611111111111111,
      0.9611111111111111,
      0.9611111111111111,
      0.9611111111111111,
      0.9611111111111111,
      0.9611111111111111,
      0.9611111111111111,
      0.9611111111111111,
      0.9583333333333334,
      0.9611111111111111,
      0.9583333333333334,
      0.9583333333333334,
      0.9583333333333334,
      0.9583333333333334,
      0.9583333333333334,
      0.9583333333333334,
      0.9583333333333334,
      0.9583333333333334,
      0.9583333333333334,
      0.9583333333333334
    ],
    "stds": [
      0.0,
      0.0,
      0.0,
      0.0,
      0.0,
      0.0,
      0.0,
      0.0,
      0.0,
      0.0,
      0.0,
      0.0,
      0.0,
      0.0,
      0.0,
      0.0,
      0.0,
      0.0,
      0.0,
      0.0,
      0.0,
      0.0,
      0.0,
      0.0,
      0.0,
      0.0,
      0.0,
      0.0,
      0.0,
      0.0,
      0.0,
      0.0,
      0.0,
      0.0,
      0.0,
      0.0,
      0.0,
      0.0,
      0.0,
      0.0,
      0.0,
      0.0,
      0.0,
      0.0,
      0.0,
      0.0,
      0.0,
      0.0,
      0.0,
      0.0,
      0.0,
      0.0,
      0.0,
      0.0,
      0.0,
      0.0,
      0.0,
      0.0,
      0.0,
      0.0,
      0.0,
      0.0,
      0.0,
      0.0,
      0.0,
      0.0,
      0.0,
      0.0,
      0.0,
      0.0,
      0.0,
      0.0,
      0.0,
      0.0,
      0.0,
      0.0,
      0.0,
      0.0,
      0.0,
      0.0
    ]
  },
  "cumulative_comm_params/FedAvg": {
    "means": [
      6400,
      12800,
      19200,
      25600,
      32000,
      38400,
      44800,
      51200,
      57600,
      64000,
      70400,
      76800,
      83200,
      89600,
      96000,
      102400,
      108800,
      115200,
      121600,
      128000,
      134400,
      140800,
      147200,
      153600,
      160000,
      166400,
      172800,
      179200,
      185600,
      192000,
      198400,
      204800,
      211200,
      217600,
      224000,
      230400,
      236800,
      243200,
      249600,
      256000,
      262400,
      268800,
      275200,
      281600,
      288000,
      294400,
      300800,
      307200,
      313600,
      320000,
      326400,
      332800,
      339200,
      345600,
      352000,
      358400,
      364800,
      371200,
      377600,
      384000,
      390400,
      396800,
      403200,
      409600,
      416000,
      422400,
      428800,
      435200,
      441600,
      448000,
      454400,
      460800,
      467200,
      473600,
      480000,
      486400,
      492800,
      499200,
      505600,
      512000
    ],
    "stds": [
      0,
      0,
      0,
      0,
      0,
      0,
      0,
      0,
      0,
      0,
      0,
      0,
      0,
      0,
      0,
      0,
      0,
      0,
      0,
      0,
      0,
      0,
      0,
      0,
      0,
      0,
      0,
      0,
      0,
      0,
      0,
      0,
      0,
      0,
      0,
      0,
      0,
      0,
      0,
      0,
      0,
      0,
      0,
      0,
      0,
      0,
      0,
      0,
      0,
      0,
      0,
      0,
      0,
      0,
      0,
      0,
      0,
      0,
      0,
      0,
      0,
      0,
      0,
      0,
      0,
      0,
      0,
      0,
      0,
      0,
      0,
      0,
      0,
      0,
      0,
      0,
      0,
      0,
      0,
      0
    ]
  },