{
  "train_loss/FedAvg": {
    "means": [
      1.021993595424371,
      0.7042726294556908,
      0.5623276938347435,
      0.4793930998643208,
      0.30910718401508763,
      0.24886992330350044,
      0.22057453288634346,
      0.1946521696547505,
      0.19206853113406572,
      0.17497067387189505,
      0.16532586155014992,
      0.150812543664368,
      0.14980659399043333,
      0.14049484831755757,
      0.13619664343511395,
      0.1266665419439263,
      0.1242427357737827,
      0.11789314921932612,
      0.11615537791626095,
      0.10803837930056213,
      0.10707643052631555,
      0.1031439413862791,
      0.10164065921937313,
      0.09414631832197709,
      0.09438639128534437,
      0.09209303199699287,
      0.0900473192711185,
      0.08359290909033956,
      0.08388930063757984,
      0.08245182923739439,
      0.08008706962446345,
      0.07506292882826257,
      0.07483534532915823,
      0.07375447472062403,
      0.07153161374272571,
      0.06809024875066663,
      0.06721884881380598,
      0.0663236371368917,
      0.06455817060517399,
      0.06245799386204723,
      0.061043309597755294,
      0.060313164781474735,
      0.0590435260200373,
      0.057808179373175894,
      0.05606260201199983,
      0.055510101932735846,
      0.05460709753355268,
      0.05383538655127343,
      0.05199132560799771,
      0.05161530572968318,
      0.0509284381642353,
      0.050393851949198015,
      0.048631438494414495,
      0.048396727501650014,
      0.047826930458162296,
      0.047413711279370656,
      0.045845112840123006,
      0.045699744675465476,
      0.045203930398773795,
      0.04484288685934231,
      0.04352615688595152,
      0.043427991502015525,
      0.04299633211823406,
      0.04264244295971416,
      0.04159066971247187,
      0.0415171607163054,
      0.04114856121069624,
      0.04078042444401669,
      0.039966230336517944,
      0.03990898512449615,
      0.03959754751236927,
      0.03921700955939118,
      0.03858727678662511,
      0.038543615604924086,
      0.03827796112938121,
      0.03790108188956978,
      0.0373985830204067,
      0.03736749745149387,
      0.03713564830777616,
      0.03678069607327307
    ],
    "stds": [
      0.0,
      0.0,
      0.0,
      0.0,
      0.0,
      0.0,
      0.0,
      0.0,
      0.0,
      0.0,
      0.0,
      0.0,
      0.0,
      0.0,
      0.0,
      0.0,
      0.0,
      0.0,
      0.0,
      0.0,
      0.0,
      0.0,
      0.0,
      0.0,
      0.0,
      0.0,
      0.0,
      0.0,
      0.0,
      0.0,
      0.0,
      0.0,
      0.0,
      0.0,
      0.0,
      0.0,
      0.0,
      0.0,
      0.0,
      0.0,
      0.0,
      0.0,
      0.0,
      0.0,
      0.0,
      0.0,
      0.0,
      0.0,
      0.0,
      0.0,
      0.0,
      0.0,
      0.0,
      0.0,
      0.0,
      0.0,
      0.0,
      0.0,
      0.0,
      0.0,
      0.0,
      0.0,
      0.0,
      0.0,
      0.0,
      0.0,
      0.0,
      0.0,
      0.0,
      0.0,
      0.0,
      0.0,
      0.0,
      0.0,
      0.0,
      0.0,
      0.0,
      0.0,
      0.0,
      0.0
    ]
  },
  "test_accuracy/FedAvg": {
    "means": [
      0.8305555555555556,
      0.8722222222222222,
      0.9,
      0.9166666666666666,
      0.9,
      0.9166666666666666,
      0.9194444444444444,
      0.9194444444444444,
      0.9194444444444444,
      0.925,
      0.9277777777777778,
      0.9277777777777778,
      0.9333333333333333,
      0.9388888888888889,
      0.9333333333333333,
      0.9333333333333333,
      0.9444444444444444,
      0.9472222222222222,
      0.9444444444444444,
      0.95,
      0.95,
      0.95,
      0.9527777777777777,
      0.9527777777777777,
      0.9527777777777777,
      0.9555555555555556,
      0.9555555555555556,
      0.9583333333333334,
      0.9611111111111111,
      0.9583333333333334,
      0.9583333333333334,
      0.9611111111111111,
      0.9611111111111111,
      0.9611111111111111,
      0.9583333333333334,
      0.9638888888888889,
      0.9583333333333334,
      0.9583333333333334,
      0.9611111111111111,
      0.9638888888888889,
      0.9611111111111111,
      0.9611111111111111,
      0.9638888888888889,
      0.9638888888888889,
      0.9611111111111111,
      0.9611111111111111,
      0.9638888888888889,
      0.9638888888888889,
      0.9611111111111111,
      0.9611111111111111,
      0.9638888888888889,
      0.9638888888888889,
      0.9611111111111111,
      0.9611111111111111,
      0.9611111111111111,
      0.9638888888888889,
      0.9611111111111111,
      0.9611111111111111,
      0.9611111111111111,
      0.9611111111111111,
      0.9611111111111111,
      0.9611111111111111,
      0.9611111111111111,
      0.9611111111111111,
      0.9611111111111111,
      0.9611111111111111,
      0.9611111111111111,
      0.9611111111111111,
      0.9611111111111111,
      0.9611111111111111,
      0.9611111111111111,
      0.9611111111111111,
      0.9611111111111111,
      0.9611111111111111,
      0.9611111111111111,
      0.9611111111111111,
      0.9611111111111111,
      0.9611111111111111,
      0.9611111111111111,
      0.9611111111111111
    ],
    "stds": [
      0.0,
      0.0,
      0.0,
      0.0,
      0.0,
      0.0,
      0.0,
      0.0,
      0.0,
      0.0,
      0.0,
      0.0,
      0.0,
      0.0,
      0.0,
      0.0,
      0.0,
      0.0,
      0.0,
      0.0,
      0.0,
      0.0,
      0.0,
      0.0,
      0.0,
      0.0,
      0.0,
      0.0,
      0.0,
      0.0,
      0.0,
      0.0,
      0.0,
      0.0,
      0.0,
      0.0,
      0.0,
      0.0,
      0.0,
      0.0,
      0.0,
      0.0,
      0.0,
      0.0,
      0.0,
      0.0,
      0.0,
      0.0,
      0.0,
      0.0,
      0.0,
      0.0,
      0.0,
      0.0,
      0.0,
      0.0,
      0.0,
      0.0,
      0.0,
      0.0,
      0.0,
      0.0,
      0.0,
      0.0,
      0.0,
      0.0,
      0.0,
      0.0,
      0.0,
      0.0,
      0.0,
      0.0,
      0.0,
      0.0,
      0.0,
      0.0,
      0.0,
      0.0,
      0.0,
      0.0
    ]
  },
  "cumulative_comm_params/FedAvg": {
    "means": [
      6400,
      12800,
      19200,
      25600,
      32000,
      38400,
      44800,
      51200,
      57600,
      64000,
      70400,
      76800,
      83200,
      89600,
      96000,
      102400,
      108800,
      115200,
      121600,
      128000,
      134400,
      140800,
      147200,
      153600,
      160000,
      166400,
      172800,
      179200,
      185600,
      192000,
      198400,
      204800,
      211200,
      217600,
      224000,
      230400,
      236800,
      243200,
      249600,
      256000,
      262400,
      268800,
      275200,
      281600,
      288000,
      294400,
      300800,
      307200,
      313600,
      320000,
      326400,
      332800,
      339200,
      345600,
      352000,
      358400,
      364800,
      371200,
      377600,
      384000,
      390400,
      396800,
      403200,
      409600,
      416000,
      422400,
      428800,
      435200,
      441600,
      448000,
      454400,
      460800,
      467200,
      473600,
      480000,
      486400,
      492800,
      499200,
      505600,
      512000
    ],
    "stds": [
      0,
      0,
      0,
      0,
      0,
      0,
      0,
      0,
      0,
      0,
      0,
      0,
      0,
      0,
      0,
      0,
      0,
      0,
      0,
      0,
      0,
      0,
      0,
      0,
      0,
      0,
      0,
      0,
      0,
      0,
      0,
      0,
      0,
      0,
      0,
      0,
      0,
      0,
      0,
      0,
      0,
      0,
      0,
      0,
      0,
      0,
      0,
      0,
      0,
      0,
      0,
      0,
      0,
      0,
      0,
      0,
      0,
      0,
      0,
      0,
      0,
      0,
      0,
      0,
      0,
      0,
      0,
      0,
      0,
      0,
      0,
      0,
      0,
      0,
      0,
      0,
      0,
      0,
      0,
      0
    ]
  },