{
  "train_loss_fedavg": {
    "means": [
      0.7996884687307989,
      0.765940168513133,
      0.7328880111746945,
      0.7023590394039103,
      0.6735708292882703,
      0.6475436733685717,
      0.6241193149717804,
      0.6015510405925978,
      0.5796607658155918,
      0.5603763364573043,
      0.5428986326225589,
      0.5266593222334879,
      0.5114288178269416,
      0.4969166317540089,
      0.48361308903074834,
      0.47196775397007595,
      0.4607046890311229,
      0.4498215958255353,
      0.44020559158293265,
      0.43089714790381206,
      0.4222599902843176,
      0.4146134431234278,
      0.407290144384612,
      0.4005106923367156,
      0.39405483597868673,
      0.38760038595454555,
      0.38182450696059883,
      0.37633537652227056,
      0.3710079430592048,
      0.36596498217526735
    ],
    "stds": [
      0.0,
      0.0,
      0.0,
      0.0,
      0.0,
      0.0,
      0.0,
      0.0,
      0.0,
      0.0,
      0.0,
      0.0,
      0.0,
      0.0,
      0.0,
      0.0,
      0.0,
      0.0,
      0.0,
      0.0,
      0.0,
      0.0,
      0.0,
      0.0,
      0.0,
      0.0,
      0.0,
      0.0,
      0.0,
      0.0
    ]
  },
  "test_acc_fedavg": {
    "means": [
      0.5624,
      0.57785,
      0.595875,
      0.6122,
      0.630075,
      0.646625,
      0.662125,
      0.6789,
      0.6948,
      0.709775,
      0.7237,
      0.737325,
      0.75025,
      0.76235,
      0.773775,
      0.78355,
      0.793375,
      0.803825,
      0.8124,
      0.821225,
      0.829925,
      0.835325,
      0.84105,
      0.84765,
      0.852675,
      0.858325,
      0.862725,
      0.867225,
      0.872275,
      0.87645
    ],
    "stds": [
      0.0,
      0.0,
      0.0,
      0.0,
      0.0,
      0.0,
      0.0,
      0.0,
      0.0,
      0.0,
      0.0,
      0.0,
      0.0,
      0.0,
      0.0,
      0.0,
      0.0,
      0.0,
      0.0,
      0.0,
      0.0,
      0.0,
      0.0,
      0.0,
      0.0,
      0.0,
      0.0,
      0.0,
      0.0,
      0.0
    ]
  },
  "comm_floats_fedavg": {
    "means": [
      8040.0,
      16080.0,
      24120.0,
      32160.0,
      40200.0,
      48240.0,
      56280.0,
      64320.0,
      72360.0,
      80400.0,
      88440.0,
      96480.0,
      104520.0,
      112560.0,
      120600.0,
      128640.0,
      136680.0,
      144720.0,
      152760.0,
      160800.0,
      168840.0,
      176880.0,
      184920.0,
      192960.0,
      201000.0,
      209040.0,
      217080.0,
      225120.0,
      233160.0,
      241200.0
    ],
    "stds": [
      0.0,
      0.0,
      0.0,
      0.0,
      0.0,
      0.0,
      0.0,
      0.0,
      0.0,
      0.0,
      0.0,
      0.0,
      0.0,
      0.0,
      0.0,
      0.0,
      0.0,
      0.0,
      0.0,
      0.0,
      0.0,
      0.0,
      0.0,
      0.0,
      0.0,
      0.0,
      0.0,
      0.0,
      0.0,
      0.0
    ]
  },
  "comm_per_0.8_acc_fedavg": {
    "means": [
      144720.0
    ],
    "stds": [
      0.0
    ]
  },
  "rounds_to_target_loss_fedavg": {
    "means": [
      14
    ],
    "stds": [
      0.0
    ]
  },
  "train_loss_sfedavg": {
    "means": [
      0.8285089310325742,
      0.8202436198004556,
      0.8137537385733983,
      0.8068168102046607,
      0.7985431179910336,
      0.7908408540608753,
      0.7786854284535529,
      0.7692224059936525,
      0.7581098716458574,
      0.7461894264736448,
      0.7418030420333952,
      0.7339910696494975,
      0.7199880097565441,
      0.7122763612403933,
      0.7033698903771506,
      0.6928581159622123,
      0.6825305217335819,
      0.675211375472515,
      0.6688966741998091,
      0.6604418520243446,
      0.656002396196895,
      0.6483971349600282,
      0.6419287002906774,
      0.6360102074356146,
      0.6308123080642095,
      0.6258272295466961,
      0.6204735550333842,
      0.615271684935062,
      0.6084499346813586,
      0.6031580769355109
    ],
    "stds": [
      0.0,
      0.0,
      0.0,
      0.0,
      0.0,
      0.0,
      0.0,
      0.0,
      0.0,
      0.0,
      0.0,
      0.0,
      0.0,
      0.0,
      0.0,
      0.0,
      0.0,
      0.0,
      0.0,
      0.0,
      0.0,
      0.0,
      0.0,
      0.0,
      0.0,
      0.0,
      0.0,
      0.0,
      0.0,
      0.0
    ]
  },
  "test_acc_sfedavg": {
    "means": [
      0.549775,
      0.553125,
      0.5553,
      0.559825,
      0.5628,
      0.567075,
      0.57255,
      0.576575,
      0.582825,
      0.58955,
      0.591925,
      0.595525,
      0.6033,
      0.60765,
      0.61305,
      0.6196,
      0.62535,
      0.629825,
      0.633375,
      0.639375,
      0.64295,
      0.64685,
      0.650975,
      0.655825,
      0.65915,
      0.662475,
      0.66625,
      0.670325,
      0.674875,
      0.678075
    ],
    "stds": [
      0.0,
      0.0,
      0.0,
      0.0,
      0.0,
      0.0,
      0.0,
      0.0,
      0.0,
      0.0,
      0.0,
      0.0,
      0.0,
      0.0,
      0.0,
      0.0,
      0.0,
      0.0,
      0.0,
      0.0,
      0.0,
      0.0,
      0.0,
      0.0,
      0.0,
      0.0,
      0.0,
      0.0,
      0.0,
      0.0
    ]
  },
  "comm_floats_sfedavg": {
    "means": [
      816060.0,
      1632120.0,
      2448180.0,
      3264240.0,
      4080300.0,
      4896360.0,
      5712420.0,
      6528480.0,
      7344540.0,
      8160600.0,
      8976660.0,
      9792720.0,
      10608780.0,
      11424840.0,
      12240900.0,
      13056960.0,
      13873020.0,
      14689080.0,
      15505140.0,
      16321200.0,
      17137260.0,
      17953320.0,
      18769380.0,
      19585440.0,
      20401500.0,
      21217560.0,
      22033620.0,
      22849680.0,
      23665740.0,
      24481800.0
    ],
    "stds": [
      0.0,
      0.0,
      0.0,
      0.0,
      0.0,
      0.0,
      0.0,
      0.0,
      0.0,
      0.0,
      0.0,
      0.0,
      0.0,
      0.0,
      0.0,
      0.0,
      0.0,
      0.0,
      0.0,
      0.0,
      0.0,
      0.0,
      0.0,
      0.0,
      0.0,
      0.0,
      0.0,
      0.0,
      0.0,
      0.0
    ]
  }
}