{
  "train_loss/FedAvg": {
    "means": [
      0.8366246665351378,
      0.5843941838050759,
      0.46680682730661544,
      0.40149764638232366,
      0.3533877336702557,
      0.25854390596214494,
      0.20511379659386336,
      0.18748251726904971,
      0.16776781670250138,
      0.15252918051841066,
      0.16513910021156664,
      0.14327632741734725,
      0.14200473437519556,
      0.12688448741048086,
      0.11999313527074576,
      0.12784521819734318,
      0.11369047864177001,
      0.11414838944799294,
      0.1059047732825629,
      0.0990867215455218,
      0.1043090832094043,
      0.09794840631399881,
      0.09817320317259755,
      0.09277591493846199,
      0.08543422882402614,
      0.08815828609649516,
      0.08654411113095115,
      0.0864005358595196,
      0.08199818269500857,
      0.07575237123417132,
      0.0765176164950057,
      0.07644878687275264,
      0.07580088382454861,
      0.07219729877247084,
      0.06806919540149081,
      0.067558092234595,
      0.06766817704757687,
      0.06681825450433038,
      0.06414555499319916,
      0.061912506353647145,
      0.06061817237104,
      0.06058155415598638,
      0.05997884937632927,
      0.058090674795097316,
      0.05694630680424561,
      0.05520065905147754,
      0.055065604333548936,
      0.05484883691576962,
      0.05347830723610826,
      0.05281050354370401,
      0.05088844211897045,
      0.05075133953614432,
      0.050817765444361764,
      0.04973372827784008,
      0.04925887852145712,
      0.04747522235751507,
      0.047332238776935494,
      0.04752993322303978,
      0.04661590942486528,
      0.04619800505801158
    ],
    "stds": [
      0.0,
      0.0,
      0.0,
      0.0,
      0.0,
      0.0,
      0.0,
      0.0,
      0.0,
      0.0,
      0.0,
      0.0,
      0.0,
      0.0,
      0.0,
      0.0,
      0.0,
      0.0,
      0.0,
      0.0,
      0.0,
      0.0,
      0.0,
      0.0,
      0.0,
      0.0,
      0.0,
      0.0,
      0.0,
      0.0,
      0.0,
      0.0,
      0.0,
      0.0,
      0.0,
      0.0,
      0.0,
      0.0,
      0.0,
      0.0,
      0.0,
      0.0,
      0.0,
      0.0,
      0.0,
      0.0,
      0.0,
      0.0,
      0.0,
      0.0,
      0.0,
      0.0,
      0.0,
      0.0,
      0.0,
      0.0,
      0.0,
      0.0,
      0.0,
      0.0
    ]
  },
  "train_loss/SFedAvg": {
    "means": [
      1.7223009354838819,
      1.3995237253210644,
      1.1488244310406583,
      0.9838815685567533,
      0.8759187495678419,
      0.758586539604115,
      0.6726903603114776,
      0.6109741974811878,
      0.5642445941326375,
      0.524574596546122,
      0.4889821298782058,
      0.4583913698080205,
      0.43599014557124127,
      0.41676502092591683,
      0.3909217204402557,
      0.3745981263564832,
      0.36195531312778056,
      0.3478525198383533,
      0.33702373066219776,
      0.3239892673155881,
      0.3122682945795785,
      0.3044931798430126,
      0.29545311704574273,
      0.28732848173519576,
      0.2810842165216567,
      0.2726493101815784,
      0.2661601422152812,
      0.25986130511231303,
      0.25409018124184685,
      0.24912634240880624,
      0.24391956985186555,
      0.2385070635279374,
      0.23364868231575744,
      0.2288626230093494,
      0.22528741927875867,
      0.22170484151070619,
      0.2173193049898078,
      0.2129958874716544,
      0.21059837292611358,
      0.20805189343789326,
      0.20608551588865323,
      0.2024328592328364,
      0.19935196623466195,
      0.19698579927799612,
      0.1944708012676797,
      0.1923039559861979,
      0.18960325392662508,
      0.18711100396366426,
      0.18570106114039417,
      0.18358512119184428,
      0.18201985811844212,
      0.1800203328040346,
      0.17772811924846432,
      0.17627417819065985,
      0.1736354528311326,
      0.17226999464453116,
      0.17018675771891084,
      0.16857734701451618,
      0.16768460250738126,
      0.16602711969559822
    ],
    "stds": [
      0.0,
      0.0,
      0.0,
      0.0,
      0.0,
      0.0,
      0.0,
      0.0,
      0.0,
      0.0,
      0.0,
      0.0,
      0.0,
      0.0,
      0.0,
      0.0,
      0.0,
      0.0,
      0.0,
      0.0,
      0.0,
      0.0,
      0.0,
      0.0,
      0.0,
      0.0,
      0.0,
      0.0,
      0.0,
      0.0,
      0.0,
      0.0,
      0.0,
      0.0,
      0.0,
      0.0,
      0.0,
      0.0,
      0.0,
      0.0,
      0.0,
      0.0,
      0.0,
      0.0,
      0.0,
      0.0,
      0.0,
      0.0,
      0.0,
      0.0,
      0.0,
      0.0,
      0.0,
      0.0,
      0.0,
      0.0,
      0.0,
      0.0,
      0.0,
      0.0
    ]
  },
  "test_accuracy/FedAvg": {
    "means": [
      0.8444444444444444,
      0.8805555555555555,
      0.9111111111111111,
      0.925,
      0.925,
      0.9222222222222223,
      0.9222222222222223,
      0.9277777777777778,
      0.9277777777777778,
      0.9305555555555556,
      0.9333333333333333,
      0.9388888888888889,
      0.9388888888888889,
      0.9388888888888889,
      0.9333333333333333,
      0.95,
      0.9444444444444444,
      0.9416666666666667,
      0.9527777777777777,
      0.9444444444444444,
      0.95,
      0.9583333333333334,
      0.9611111111111111,
      0.9583333333333334,
      0.9583333333333334,
      0.9555555555555556,
      0.9583333333333334,
      0.9583333333333334,
      0.9638888888888889,
      0.9611111111111111,
      0.9583333333333334,
      0.9583333333333334,
      0.9611111111111111,
      0.9611111111111111,
      0.9666666666666667,
      0.9583333333333334,
      0.9583333333333334,
      0.9583333333333334,
      0.9583333333333334,
      0.9666666666666667,
      0.9638888888888889,
      0.9611111111111111,
      0.9611111111111111,
      0.9611111111111111,
      0.9638888888888889,
      0.9638888888888889,
      0.9611111111111111,
      0.9611111111111111,
      0.9611111111111111,
      0.9638888888888889,
      0.9611111111111111,
      0.9611111111111111,
      0.9611111111111111,
      0.9611111111111111,
      0.9638888888888889,
      0.9611111111111111,
      0.9611111111111111,
      0.9611111111111111,
      0.9611111111111111,
      0.9611111111111111
    ],
    "stds": [
      0.0,
      0.0,
      0.0,
      0.0,
      0.0,
      0.0,
      0.0,
      0.0,
      0.0,
      0.0,
      0.0,
      0.0,
      0.0,
      0.0,
      0.0,
      0.0,
      0.0,
      0.0,
      0.0,
      0.0,
      0.0,
      0.0,
      0.0,
      0.0,
      0.0,
      0.0,
      0.0,
      0.0,
      0.0,
      0.0,
      0.0,
      0.0,
      0.0,
      0.0,
      0.0,
      0.0,
      0.0,
      0.0,
      0.0,
      0.0,
      0.0,
      0.0,
      0.0,
      0.0,
      0.0,
      0.0,
      0.0,
      0.0,
      0.0,
      0.0,
      0.0,
      0.0,
      0.0,
      0.0,
      0.0,
      0.0,
      0.0,
      0.0,
      0.0,
      0.0
    ]
  },