{
  "train_loss_fedavg": {
    "means": [
      0.7363570238357938,
      0.6728078530869772,
      0.6207992998253624,
      0.57651195531852,
      0.5401527160511033,
      0.5094573286073267,
      0.4825256078805434,
      0.45993863738292173,
      0.4410823204010743,
      0.42433461564043407,
      0.4092971068141923,
      0.39642151541473847,
      0.3851708897254638,
      0.37485875513447103,
      0.36546715930327256,
      0.3572928613284407,
      0.3497336927230482,
      0.34259934636493633,
      0.3361921166006967,
      0.330420469562858,
      0.3248716819916412,
      0.3197860196380266,
      0.31516045344311105,
      0.3108636222629923,
      0.30669941728275807,
      0.30284258213566123,
      0.2990855490396499,
      0.2957092779920902,
      0.29255747504955526,
      0.2895292366374497,
      0.2866774716272192,
      0.283831393809761,
      0.2812825510662234,
      0.2788501819236325,
      0.2764771521953435,
      0.27422347224177385,
      0.2719323795693398,
      0.26984436120389693,
      0.2677957739478745,
      0.26577366031827104
    ],
    "stds": [
      0.0,
      0.0,
      0.0,
      0.0,
      0.0,
      0.0,
      0.0,
      0.0,
      0.0,
      0.0,
      0.0,
      0.0,
      0.0,
      0.0,
      0.0,
      0.0,
      0.0,
      0.0,
      0.0,
      0.0,
      0.0,
      0.0,
      0.0,
      0.0,
      0.0,
      0.0,
      0.0,
      0.0,
      0.0,
      0.0,
      0.0,
      0.0,
      0.0,
      0.0,
      0.0,
      0.0,
      0.0,
      0.0,
      0.0,
      0.0
    ]
  },
  "test_acc_fedavg": {
    "means": [
      0.54475,
      0.597,
      0.6445,
      0.69425,
      0.7315,
      0.76875,
      0.7995,
      0.82325,
      0.83975,
      0.85225,
      0.8675,
      0.87775,
      0.88625,
      0.88825,
      0.895,
      0.9,
      0.90525,
      0.90725,
      0.9095,
      0.9115,
      0.91325,
      0.91425,
      0.91625,
      0.918,
      0.9195,
      0.91925,
      0.9185,
      0.92025,
      0.92075,
      0.92175,
      0.922,
      0.92225,
      0.922,
      0.9215,
      0.92125,
      0.9225,
      0.9225,
      0.92125,
      0.92075,
      0.9225
    ],
    "stds": [
      0.0,
      0.0,
      0.0,
      0.0,
      0.0,
      0.0,
      0.0,
      0.0,
      0.0,
      0.0,
      0.0,
      0.0,
      0.0,
      0.0,
      0.0,
      0.0,
      0.0,
      0.0,
      0.0,
      0.0,
      0.0,
      0.0,
      0.0,
      0.0,
      0.0,
      0.0,
      0.0,
      0.0,
      0.0,
      0.0,
      0.0,
      0.0,
      0.0,
      0.0,
      0.0,
      0.0,
      0.0,
      0.0,
      0.0,
      0.0
    ]
  },
  "comm_floats_fedavg": {
    "means": [
      2020.0,
      4040.0,
      6060.0,
      8080.0,
      10100.0,
      12120.0,
      14140.0,
      16160.0,
      18180.0,
      20200.0,
      22220.0,
      24240.0,
      26260.0,
      28280.0,
      30300.0,
      32320.0,
      34340.0,
      36360.0,
      38380.0,
      40400.0,
      42420.0,
      44440.0,
      46460.0,
      48480.0,
      50500.0,
      52520.0,
      54540.0,
      56560.0,
      58580.0,
      60600.0,
      62620.0,
      64640.0,
      66660.0,
      68680.0,
      70700.0,
      72720.0,
      74740.0,
      76760.0,
      78780.0,
      80800.0
    ],
    "stds": [
      0.0,
      0.0,
      0.0,
      0.0,
      0.0,
      0.0,
      0.0,
      0.0,
      0.0,
      0.0,
      0.0,
      0.0,
      0.0,
      0.0,
      0.0,
      0.0,
      0.0,
      0.0,
      0.0,
      0.0,
      0.0,
      0.0,
      0.0,
      0.0,
      0.0,
      0.0,
      0.0,
      0.0,
      0.0,
      0.0,
      0.0,
      0.0,
      0.0,
      0.0,
      0.0,
      0.0,
      0.0,
      0.0,
      0.0,
      0.0
    ]
  },
  "comm_per_0.8_acc_fedavg": {
    "means": [
      16160.0
    ],
    "stds": [
      0.0
    ]
  },
  "rounds_to_target_loss_fedavg": {
    "means": [
      7
    ],
    "stds": [
      0.0
    ]
  },
  "stability_index_fedavg": {
    "means": [
      68.32103742180307
    ],
    "stds": [
      0.0
    ]
  },
  "area_under_accuracy_curve_fedavg": {
    "means": [
      33.910375
    ],
    "stds": [
      0.0
    ]
  },
  "train_loss_sfedavg": {
    "means": [
      0.7567631210639931,
      0.7098643525580217,
      0.6446635421438466,
      0.6016012684348361,
      0.5712979621754375,
      0.5514793055309626,
      0.5250109226352702,
      0.4977410889485452,
      0.47584707421492956,
      0.4548349700327157,
      0.4369052429420683,
      0.4239763463235877,
      0.41536072477436115,
      0.40072798376344787,
      0.38466877361568474,
      0.3796917543153212,
      0.37036190165497146,
      0.36210067841718874,
      0.3549434556705107,
      0.3482244068624578,
      0.34143686540501206,
      0.3347913948161291,
      0.3305482924533729,
      0.3270953887420791,
      0.32368750277662395,
      0.31805765362968075,
      0.3137352648881103,
      0.3094703166909297,
      0.3065127548730897,
      0.30348541128961176,
      0.29949005162643905,
      0.2942446726026047,
      0.29089744685532776,
      0.2877054418847434,
      0.2846083269886077,
      0.28343667860211375,
      0.2817654937120962,
      0.2784217514114005,
      0.2751586498251072,
      0.27348295855545907
    ],
    "stds": [
      0.0,
      0.0,
      0.0,
      0.0,
      0.0,
      0.0,
      0.0,
      0.0,
      0.0,
      0.0,
      0.0,
      0.0,
      0.0,
      0.0,
      0.0,
      0.0,
      0.0,
      0.0,
      0.0,
      0.0,
      0.0,
      0.0,
      0.0,
      0.0,
      0.0,
      0.0,
      0.0,
      0.0,
      0.0,
      0.0,
      0.0,
      0.0,
      0.0,
      0.0,
      0.0,
      0.0,
      0.0,
      0.0,
      0.0,
      0.0
    ]
  },
  "test_acc_sfedavg": {
    "means": [
      0.5335,
      0.566,
      0.63125,
      0.66575,
      0.69025,
      0.706,
      0.73775,
      0.75925,
      0.77925,
      0.79325,
      0.80925,
      0.8235,
      0.8325,
      0.83825,
      0.85025,
      0.85425,
      0.86025,
      0.862,
      0.86525,
      0.87175,
      0.8785,
      0.88575,
      0.88325,
      0.89025,
      0.8935,
      0.898,
      0.90325,
      0.903,
      0.90375,
      0.90275,
      0.90775,
      0.91025,
      0.91175,
      0.9105,
      0.91325,
      0.9125,
      0.9135,
      0.91525,
      0.91625,
      0.918
    ],
    "stds": [
      0.0,
      0.0,
      0.0,
      0.0,
      0.0,
      0.0,
      0.0,
      0.0,
      0.0,
      0.0,
      0.0,
      0.0,
      0.0,
      0.0,
      0.0,
      0.0,
      0.0,
      0.0,
      0.0,
      0.0,
      0.0,
      0.0,
      0.0,
      0.0,
      0.0,
      0.0,
      0.0,
      0.0,
      0.0,
      0.0,
      0.0,
      0.0,
      0.0,
      0.0,
      0.0,
      0.0,
      0.0,
      0.0,
      0.0,
      0.0
    ]
  },
  "comm_floats_sfedavg": {
    "means": [
      104030.0,
      208060.0,
      312090.0,
      416120.0,
      520150.0,
      624180.0,
      728210.0,
      832240.0,
      936270.0,
      1040300.0,
      1144330.0,
      1248360.0,
      1352390.0,
      1456420.0,
      1560450.0,
      1664480.0,
      1768510.0,
      1872540.0,
      1976570.0,
      2080600.0,
      2184630.0,
      2288660.0,
      2392690.0,
      2496720.0,
      2600750.0,
      2704780.0,
      2808810.0,
      2912840.0,
      3016870.0,
      3120900.0,
      3224930.0,
      3328960.0,
      3432990.0,
      3537020.0,
      3641050.0,
      3745080.0,
      3849110.0,
      3953140.0,
      4057170.0,
      4161200.0
    ],