{
  "train_loss_FedAvg": {
    "means": [
      1.7041209873809697,
      1.5910262986175125,
      1.5378386134318778,
      1.4943230100895604,
      1.459436277992787,
      1.4322883037504153,
      1.4115118957466133,
      1.39075733842202,
      1.3760914811504208,
      1.371602029535483,
      1.347142626207247,
      1.336900309100764,
      1.317174954363808,
      1.301763813796155,
      1.29016497460766,
      1.277278057673311,
      1.2638378763740157,
      1.2527423488707188,
      1.24400354527402,
      1.2312029201769614,
      1.22078207704554,
      1.211588232624421,
      1.2003084552430037,
      1.1887030063596733,
      1.178747414908509,
      1.1734439896593254,
      1.1604446867479579,
      1.1509771287191242,
      1.1462636446777246,
      1.1372461230769477,
      1.1263560391362926,
      1.1179968347295122,
      1.1139899415480827,
      1.1009207035660746,
      1.1064816129762214,
      1.0839591111364038,
      1.0786299070377672,
      1.0683948653780357,
      1.0621958073890145,
      1.053474151830337,
      1.0495051441732588,
      1.040599163489106,
      1.032265982816729,
      1.0252203133637,
      1.020030525501257,
      1.0109979347231328,
      1.0067008214344204,
      0.9992819343879523,
      0.9912370489347172,
      0.9855388017939535,
      0.9840908138009131,
      0.9738682964611703,
      0.9660524181073099,
      0.9621194834126577,
      0.9594665952804349,
      0.9491908223512799,
      0.9419274247380786,
      0.935166913448908,
      0.9294059396108967,
      0.9243619917846044,
      0.9202713828051902,
      0.9173402022957076,
      0.9130399133152364,
      0.904491603284167,
      0.8970353985100635,
      0.8926579358954425,
      0.888142061967797,
      0.8848945457214593,
      0.882295647613955,
      0.8752616230479535,
      0.8703421127840216,
      0.8611373276114828,
      0.8584009326236249,
      0.8519090746483468,
      0.8468586682494192,
      0.8444916118072083,
      0.838605788705047,
      0.833481666916293,
      0.8279517608401816,
      0.8248470795534313
    ],
    "stds": [
      0.0,
      0.0,
      0.0,
      0.0,
      0.0,
      0.0,
      0.0,
      0.0,
      0.0,
      0.0,
      0.0,
      0.0,
      0.0,
      0.0,
      0.0,
      0.0,
      0.0,
      0.0,
      0.0,
      0.0,
      0.0,
      0.0,
      0.0,
      0.0,
      0.0,
      0.0,
      0.0,
      0.0,
      0.0,
      0.0,
      0.0,
      0.0,
      0.0,
      0.0,
      0.0,
      0.0,
      0.0,
      0.0,
      0.0,
      0.0,
      0.0,
      0.0,
      0.0,
      0.0,
      0.0,
      0.0,
      0.0,
      0.0,
      0.0,
      0.0,
      0.0,
      0.0,
      0.0,
      0.0,
      0.0,
      0.0,
      0.0,
      0.0,
      0.0,
      0.0,
      0.0,
      0.0,
      0.0,
      0.0,
      0.0,
      0.0,
      0.0,
      0.0,
      0.0,
      0.0,
      0.0,
      0.0,
      0.0,
      0.0,
      0.0,
      0.0,
      0.0,
      0.0,
      0.0,
      0.0
    ]
  },
  "test_accuracy_FedAvg": {
    "means": [
      0.0,
      0.0,
      0.0,
      0.0,
      0.0,
      0.0,
      0.0,
      0.0,
      0.0,
      0.0,
      0.0,
      0.0,
      0.0,
      0.0,
      0.0,
      0.0,
      0.0,
      0.0,
      0.0,
      0.0,
      0.0,
      0.0,
      0.0,
      0.0,
      0.0,
      0.0,
      0.0,
      0.0,
      0.0,
      0.0,
      0.0,
      0.0,
      0.0,
      0.0,
      0.0,
      0.0,
      0.0,
      0.0,
      0.0,
      0.0,
      0.0,
      0.0,
      0.0,
      0.0,
      0.0,
      0.0,
      0.0,
      0.0,
      0.0,
      0.0,
      0.0,
      0.0,
      0.0,
      0.0,
      0.0,
      0.0,
      0.0,
      0.0,
      0.0,
      0.0,
      0.0,
      0.0,
      0.0,
      0.0,
      0.0,
      0.0,
      0.0,
      0.0,
      0.0,
      0.0,
      0.0,
      0.0,
      0.0,
      0.0,
      0.0,
      0.0,
      0.0,
      0.0,
      0.0,
      0.0
    ],
    "stds": [
      0.0,
      0.0,
      0.0,
      0.0,
      0.0,
      0.0,
      0.0,
      0.0,
      0.0,
      0.0,
      0.0,
      0.0,
      0.0,
      0.0,
      0.0,
      0.0,
      0.0,
      0.0,
      0.0,
      0.0,
      0.0,
      0.0,
      0.0,
      0.0,
      0.0,
      0.0,
      0.0,
      0.0,
      0.0,
      0.0,
      0.0,
      0.0,
      0.0,
      0.0,
      0.0,
      0.0,
      0.0,
      0.0,
      0.0,
      0.0,
      0.0,
      0.0,
      0.0,
      0.0,
      0.0,
      0.0,
      0.0,
      0.0,
      0.0,
      0.0,
      0.0,
      0.0,
      0.0,
      0.0,
      0.0,
      0.0,
      0.0,
      0.0,
      0.0,
      0.0,
      0.0,
      0.0,
      0.0,
      0.0,
      0.0,
      0.0,
      0.0,
      0.0,
      0.0,
      0.0,
      0.0,
      0.0,
      0.0,
      0.0,
      0.0,
      0.0,
      0.0,
      0.0,
      0.0,
      0.0
    ]
  },
  "comm_floats_FedAvg": {
    "means": [
      64320.0,
      128640.0,
      192960.0,
      257280.0,
      321600.0,
      385920.0,
      450240.0,
      514560.0,
      578880.0,
      643200.0,
      707520.0,
      771840.0,
      836160.0,
      900480.0,
      964800.0,
      1029120.0,
      1093440.0,
      1157760.0,
      1222080.0,
      1286400.0,
      1350720.0,
      1415040.0,
      1479360.0,
      1543680.0,
      1608000.0,
      1672320.0,
      1736640.0,
      1800960.0,
      1865280.0,
      1929600.0,
      1993920.0,
      2058240.0,
      2122560.0,
      2186880.0,
      2251200.0,
      2315520.0,
      2379840.0,
      2444160.0,
      2508480.0,
      2572800.0,
      2637120.0,
      2701440.0,
      2765760.0,
      2830080.0,
      2894400.0,
      2958720.0,
      3023040.0,
      3087360.0,
      3151680.0,
      3216000.0,
      3280320.0,
      3344640.0,
      3408960.0,
      3473280.0,
      3537600.0,
      3601920.0,
      3666240.0,
      3730560.0,
      3794880.0,
      3859200.0,
      3923520.0,
      3987840.0,
      4052160.0,
      4116480.0,
      4180800.0,
      4245120.0,
      4309440.0,
      4373760.0,
      4438080.0,
      4502400.0,
      4566720.0,
      4631040.0,
      4695360.0,
      4759680.0,
      4824000.0,
      4888320.0,
      4952640.0,
      5016960.0,
      5081280.0,
      5145600.0
    ],
    "stds": [
      0.0,
      0.0,
      0.0,
      0.0,
      0.0,
      0.0,
      0.0,
      0.0,
      0.0,
      0.0,
      0.0,
      0.0,
      0.0,
      0.0,
      0.0,
      0.0,
      0.0,
      0.0,
      0.0,
      0.0,
      0.0,
      0.0,
      0.0,
      0.0,
      0.0,
      0.0,
      0.0,
      0.0,
      0.0,
      0.0,
      0.0,
      0.0,
      0.0,
      0.0,
      0.0,
      0.0,
      0.0,
      0.0,
      0.0,
      0.0,
      0.0,
      0.0,
      0.0,
      0.0,
      0.0,
      0.0,
      0.0,
      0.0,
      0.0,
      0.0,
      0.0,
      0.0,
      0.0,
      0.0,
      0.0,
      0.0,
      0.0,
      0.0,
      0.0,
      0.0,
      0.0,
      0.0,
      0.0,
      0.0,
      0.0,
      0.0,
      0.0,
      0.0,
      0.0,
      0.0,
      0.0,
      0.0,
      0.0,
      0.0,
      0.0,
      0.0,
      0.0,
      0.0,
      0.0,
      0.0
    ]
  },