{
  "train_loss_fedavg": {
    "means": [
      1.4839382903706582,
      1.0720774528846682,
      0.8525325459193184,
      0.7136221406982156,
      0.622378342196226,
      0.555904241431001,
      0.5063132043838705,
      0.4674893039705446,
      0.43444326089300395,
      0.4064698746225814,
      0.3822127120367775,
      0.36299805694354925,
      0.3461749845775212,
      0.33195078019910135,
      0.3182022779189598,
      0.30642932348111296,
      0.2957054012010829,
      0.28604498592332217,
      0.27785930706130263,
      0.26991788481438045,
      0.2621364332723186,
      0.25511788443492645,
      0.24916887455139677,
      0.2436064710428715,
      0.23790290489307964,
      0.2324580334688165,
      0.22738445961824438,
      0.22298507152760333,
      0.218790070518201,
      0.21477693823778343
    ],
    "stds": [
      0.0,
      0.0,
      0.0,
      0.0,
      0.0,
      0.0,
      0.0,
      0.0,
      0.0,
      0.0,
      0.0,
      0.0,
      0.0,
      0.0,
      0.0,
      0.0,
      0.0,
      0.0,
      0.0,
      0.0,
      0.0,
      0.0,
      0.0,
      0.0,
      0.0,
      0.0,
      0.0,
      0.0,
      0.0,
      0.0
    ]
  },
  "test_acc_fedavg": {
    "means": [
      0.8638888888888889,
      0.8833333333333333,
      0.8916666666666667,
      0.9,
      0.9111111111111111,
      0.9138888888888889,
      0.9138888888888889,
      0.9222222222222223,
      0.9277777777777778,
      0.9222222222222223,
      0.925,
      0.925,
      0.9277777777777778,
      0.9333333333333333,
      0.9277777777777778,
      0.9305555555555556,
      0.9333333333333333,
      0.9333333333333333,
      0.9333333333333333,
      0.9333333333333333,
      0.9361111111111111,
      0.9361111111111111,
      0.9361111111111111,
      0.9361111111111111,
      0.9361111111111111,
      0.9361111111111111,
      0.9388888888888889,
      0.9361111111111111,
      0.9361111111111111,
      0.9388888888888889
    ],
    "stds": [
      0.0,
      0.0,
      0.0,
      0.0,
      0.0,
      0.0,
      0.0,
      0.0,
      0.0,
      0.0,
      0.0,
      0.0,
      0.0,
      0.0,
      0.0,
      0.0,
      0.0,
      0.0,
      0.0,
      0.0,
      0.0,
      0.0,
      0.0,
      0.0,
      0.0,
      0.0,
      0.0,
      0.0,
      0.0,
      0.0
    ]
  },
  "comm_cost_fedavg": {
    "means": [
      32000.0,
      64000.0,
      96000.0,
      128000.0,
      160000.0,
      192000.0,
      224000.0,
      256000.0,
      288000.0,
      320000.0,
      352000.0,
      384000.0,
      416000.0,
      448000.0,
      480000.0,
      512000.0,
      544000.0,
      576000.0,
      608000.0,
      640000.0,
      672000.0,
      704000.0,
      736000.0,
      768000.0,
      800000.0,
      832000.0,
      864000.0,
      896000.0,
      928000.0,
      960000.0
    ],
    "stds": [
      0.0,
      0.0,
      0.0,
      0.0,
      0.0,
      0.0,
      0.0,
      0.0,
      0.0,
      0.0,
      0.0,
      0.0,
      0.0,
      0.0,
      0.0,
      0.0,
      0.0,
      0.0,
      0.0,
      0.0,
      0.0,
      0.0,
      0.0,
      0.0,
      0.0,
      0.0,
      0.0,
      0.0,
      0.0,
      0.0
    ]
  },
  "effective_update_dims_fedavg": {
    "means": [
      16000.0,
      32000.0,
      48000.0,
      64000.0,
      80000.0,
      96000.0,
      112000.0,
      128000.0,
      144000.0,
      160000.0,
      176000.0,
      192000.0,
      208000.0,
      224000.0,
      240000.0,
      256000.0,
      272000.0,
      288000.0,
      304000.0,
      320000.0,
      336000.0,
      352000.0,
      368000.0,
      384000.0,
      400000.0,
      416000.0,
      432000.0,
      448000.0,
      464000.0,
      480000.0
    ],
    "stds": [
      0.0,
      0.0,
      0.0,
      0.0,
      0.0,
      0.0,
      0.0,
      0.0,
      0.0,
      0.0,
      0.0,
      0.0,
      0.0,
      0.0,
      0.0,
      0.0,
      0.0,
      0.0,
      0.0,
      0.0,
      0.0,
      0.0,
      0.0,
      0.0,
      0.0,
      0.0,
      0.0,
      0.0,
      0.0,
      0.0
    ]
  },
  "train_loss_sfedavg": {
    "means": [
      2.0446116598256543,
      1.838372943204156,
      1.6643055365372672,
      1.4887476417084697,
      1.361246902891037,
      1.2485098382619568,
      1.162091418117468,
      1.0829929032228132,
      1.0237766050030566,
      0.947355684811162,
      0.8959279867217651,
      0.8468240295697929,
      0.809907544260694,
      0.7724054480689364,
      0.7345128859282535,
      0.7049098668717783,
      0.6775702434844195,
      0.6531072928315016,
      0.6340825957861458,
      0.6115552101233015,
      0.5907836253008096,
      0.5723484038807103,
      0.5573762530935342,
      0.542049802594058,
      0.5292584383822913,
      0.5142242186528139,
      0.49860772944892756,
      0.48956640858717826,
      0.4810525328642304,
      0.4714369854473935
    ],
    "stds": [
      0.0,
      0.0,
      0.0,
      0.0,
      0.0,
      0.0,
      0.0,
      0.0,
      0.0,
      0.0,
      0.0,
      0.0,
      0.0,
      0.0,
      0.0,
      0.0,
      0.0,
      0.0,
      0.0,
      0.0,
      0.0,
      0.0,
      0.0,
      0.0,
      0.0,
      0.0,
      0.0,
      0.0,
      0.0,
      0.0
    ]
  },
  "test_acc_sfedavg": {
    "means": [
      0.6833333333333333,
      0.7722222222222223,
      0.7972222222222223,
      0.8138888888888889,
      0.8305555555555556,
      0.8388888888888889,
      0.8527777777777777,
      0.8583333333333333,
      0.8666666666666667,
      0.8722222222222222,
      0.8833333333333333,
      0.8888888888888888,
      0.8888888888888888,
      0.8888888888888888,
      0.8916666666666667,
      0.8944444444444445,
      0.8916666666666667,
      0.8944444444444445,
      0.8972222222222223,
      0.8944444444444445,
      0.9027777777777778,
      0.9083333333333333,
      0.9083333333333333,
      0.9083333333333333,
      0.9111111111111111,
      0.9111111111111111,
      0.9194444444444444,
      0.9166666666666666,
      0.9194444444444444,
      0.9222222222222223
    ],
    "stds": [
      0.0,
      0.0,
      0.0,
      0.0,
      0.0,
      0.0,
      0.0,
      0.0,
      0.0,
      0.0,
      0.0,
      0.0,
      0.0,
      0.0,
      0.0,
      0.0,
      0.0,
      0.0,
      0.0,
      0.0,
      0.0,
      0.0,
      0.0,
      0.0,
      0.0,
      0.0,
      0.0,
      0.0,
      0.0,
      0.0
    ]
  },
  "comm_cost_sfedavg": {
    "means": [
      57600.0,
      115200.0,
      172800.0,
      230400.0,
      288000.0,
      345600.0,
      403200.0,
      460800.0,
      518400.0,
      576000.0,
      633600.0,
      691200.0,
      748800.0,
      806400.0,
      864000.0,
      921600.0,
      979200.0,
      1036800.0,
      1094400.0,
      1152000.0,
      1209600.0,
      1267200.0,
      1324800.0,
      1382400.0,
      1440000.0,
      1497600.0,
      1555200.0,
      1612800.0,
      1670400.0,
      1728000.0
    ],
    "stds": [
      0.0,
      0.0,
      0.0,
      0.0,
      0.0,
      0.0,
      0.0,
      0.0,
      0.0,
      0.0,
      0.0,
      0.0,
      0.0,
      0.0,
      0.0,
      0.0,
      0.0,
      0.0,
      0.0,
      0.0,
      0.0,
      0.0,
      0.0,
      0.0,
      0.0,
      0.0,
      0.0,
      0.0,
      0.0,
      0.0
    ]
  },
  "effective_update_dims_sfedavg": {
    "means": [
      4000.0,
      8000.0,
      12000.0,
      16000.0,
      20000.0,
      24000.0,
      28000.0,
      32000.0,
      36000.0,
      40000.0,
      44000.0,
      48000.0,
      52000.0,
      56000.0,
      60000.0,
      64000.0,
      68000.0,
      72000.0,
      76000.0,
      80000.0,
      84000.0,
      88000.0,
      92000.0,
      96000.0,
      100000.0,
      104000.0,
      108000.0,
      112000.0,
      116000.0,
      120000.0
    ],