{
  "train_loss_fedavg": {
    "means": [
      1.2216768212704427,
      0.7068505988860491,
      0.48729866469977334,
      0.3748937543184244,
      0.32637814848279334,
      0.2988511312054132,
      0.2879944331717387,
      0.29491154786560225,
      0.29133690911883275,
      0.30030520631407215,
      0.3200651222355872,
      0.35839176243110094,
      0.35326188990427443,
      0.3844949494395329,
      0.40013803315588303,
      0.38894970647505217,
      0.3819564550566207,
      0.37173303705457444,
      0.34390782530763736,
      0.33821716167788807,
      0.3325111101312847,
      0.33033738232823356,
      0.3323298041594804,
      0.3257650655155893,
      0.3362191242886422,
      0.3548863992126435,
      0.3582781296812369,
      0.38732647113220203,
      0.3959755352572018,
      0.41289590535326914,
      0.39476652468033757,
      0.35527435854927286,
      0.32995634689271836,
      0.32172710422484085,
      0.3308323268706608,
      0.34424952513131446,
      0.3549008997441996,
      0.37883415650441776,
      0.38236392928322177,
      0.3633052928449525,
      0.3662891089946867,
      0.3746979207515076,
      0.37367817145702603,
      0.3753316111364209,
      0.37450105254707533,
      0.3821227609976396,
      0.361172497801243,
      0.35269503140351066,
      0.35745275484969197,
      0.3721052194586336
    ],
    "stds": [
      0.0,
      0.0,
      0.0,
      0.0,
      0.0,
      0.0,
      0.0,
      0.0,
      0.0,
      0.0,
      0.0,
      0.0,
      0.0,
      0.0,
      0.0,
      0.0,
      0.0,
      0.0,
      0.0,
      0.0,
      0.0,
      0.0,
      0.0,
      0.0,
      0.0,
      0.0,
      0.0,
      0.0,
      0.0,
      0.0,
      0.0,
      0.0,
      0.0,
      0.0,
      0.0,
      0.0,
      0.0,
      0.0,
      0.0,
      0.0,
      0.0,
      0.0,
      0.0,
      0.0,
      0.0,
      0.0,
      0.0,
      0.0,
      0.0,
      0.0
    ]
  },
  "train_loss_sfedavg": {
    "means": [
      2.0978057904066127,
      1.8974870664202066,
      1.7426723418304322,
      1.5874821066761509,
      1.4461906329274534,
      1.3391495656183137,
      1.2492384340255833,
      1.1704633966715738,
      1.113919173866907,
      1.057225292160818,
      1.0070952065931142,
      0.9550683102257027,
      0.9048621462713126,
      0.8842751732913873,
      0.8587932212802492,
      0.831430825326924,
      0.8115729029191115,
      0.7892834568045972,
      0.7661284593016979,
      0.7482233551049116,
      0.7235408957580874,
      0.7077170724221084,
      0.6907602950531957,
      0.6784137214991436,
      0.6628893139824414,
      0.6534717218056671,
      0.6436900665239004,
      0.6337225590634084,
      0.627155720142121,
      0.6162727159133717,
      0.6049879600181293,
      0.598115567884901,
      0.5917626471895586,
      0.5845308975157719,
      0.5795055499781306,
      0.5724774247151588,
      0.5674934807486335,
      0.5616990948105289,
      0.5576648084164735,
      0.5537045383855033,
      0.5506988788304262,
      0.5470576696263499,
      0.544483174518914,
      0.5401183642247871,
      0.5343129933214145,
      0.5310706157435158,
      0.5259003558815399,
      0.5240461802384223,
      0.5211358454670555,
      0.5200530148456738
    ],
    "stds": [
      0.0,
      0.0,
      0.0,
      0.0,
      0.0,
      0.0,
      0.0,
      0.0,
      0.0,
      0.0,
      0.0,
      0.0,
      0.0,
      0.0,
      0.0,
      0.0,
      0.0,
      0.0,
      0.0,
      0.0,
      0.0,
      0.0,
      0.0,
      0.0,
      0.0,
      0.0,
      0.0,
      0.0,
      0.0,
      0.0,
      0.0,
      0.0,
      0.0,
      0.0,
      0.0,
      0.0,
      0.0,
      0.0,
      0.0,
      0.0,
      0.0,
      0.0,
      0.0,
      0.0,
      0.0,
      0.0,
      0.0,
      0.0,
      0.0,
      0.0
    ]
  },
  "test_acc_fedavg": {
    "means": [
      0.8666666666666667,
      0.8916666666666667,
      0.8972222222222223,
      0.8944444444444445,
      0.9055555555555556,
      0.925,
      0.9361111111111111,
      0.9388888888888889,
      0.9361111111111111,
      0.9388888888888889,
      0.9111111111111111,
      0.8944444444444445,
      0.9,
      0.8888888888888888,
      0.8805555555555555,
      0.8805555555555555,
      0.8972222222222223,
      0.9138888888888889,
      0.9166666666666666,
      0.9194444444444444,
      0.9138888888888889,
      0.9166666666666666,
      0.9222222222222223,
      0.9222222222222223,
      0.9166666666666666,
      0.8888888888888888,
      0.8944444444444445,
      0.8972222222222223,
      0.8888888888888888,
      0.8861111111111111,
      0.8888888888888888,
      0.9111111111111111,
      0.9055555555555556,
      0.9055555555555556,
      0.9027777777777778,
      0.9083333333333333,
      0.9111111111111111,
      0.9,
      0.9,
      0.9027777777777778,
      0.8944444444444445,
      0.8861111111111111,
      0.8916666666666667,
      0.9,
      0.8944444444444445,
      0.8777777777777778,
      0.8944444444444445,
      0.8944444444444445,
      0.8861111111111111,
      0.8805555555555555
    ],
    "stds": [
      0.0,
      0.0,
      0.0,
      0.0,
      0.0,
      0.0,
      0.0,
      0.0,
      0.0,
      0.0,
      0.0,
      0.0,
      0.0,
      0.0,
      0.0,
      0.0,
      0.0,
      0.0,
      0.0,
      0.0,
      0.0,
      0.0,
      0.0,
      0.0,
      0.0,
      0.0,
      0.0,
      0.0,
      0.0,
      0.0,
      0.0,
      0.0,
      0.0,
      0.0,
      0.0,
      0.0,
      0.0,
      0.0,
      0.0,
      0.0,
      0.0,
      0.0,
      0.0,
      0.0,
      0.0,
      0.0,
      0.0,
      0.0,
      0.0,
      0.0
    ]
  },
  "test_acc_sfedavg": {
    "means": [
      0.5333333333333333,
      0.6611111111111111,
      0.75,
      0.7777777777777778,
      0.7666666666666667,
      0.8138888888888889,
      0.8166666666666667,
      0.825,
      0.8361111111111111,
      0.8416666666666667,
      0.8638888888888889,
      0.8694444444444445,
      0.8805555555555555,
      0.8833333333333333,
      0.8888888888888888,
      0.8805555555555555,
      0.8777777777777778,
      0.8861111111111111,
      0.8861111111111111,
      0.8916666666666667,
      0.8972222222222223,
      0.9027777777777778,
      0.9055555555555556,
      0.9055555555555556,
      0.9111111111111111,
      0.9055555555555556,
      0.9111111111111111,
      0.9083333333333333,
      0.9055555555555556,
      0.9111111111111111,
      0.9138888888888889,
      0.9111111111111111,
      0.9027777777777778,
      0.9055555555555556,
      0.9083333333333333,
      0.9111111111111111,
      0.9166666666666666,
      0.9166666666666666,
      0.9194444444444444,
      0.9222222222222223,
      0.925,
      0.9138888888888889,
      0.9194444444444444,
      0.9222222222222223,
      0.9194444444444444,
      0.9194444444444444,
      0.925,
      0.9222222222222223,
      0.9222222222222223,
      0.925
    ],
    "stds": [
      0.0,
      0.0,
      0.0,
      0.0,
      0.0,
      0.0,
      0.0,
      0.0,
      0.0,
      0.0,
      0.0,
      0.0,
      0.0,
      0.0,
      0.0,
      0.0,
      0.0,
      0.0,
      0.0,
      0.0,
      0.0,
      0.0,
      0.0,
      0.0,
      0.0,
      0.0,
      0.0,
      0.0,
      0.0,
      0.0,
      0.0,
      0.0,
      0.0,
      0.0,
      0.0,
      0.0,
      0.0,
      0.0,
      0.0,
      0.0,
      0.0,
      0.0,
      0.0,
      0.0,
      0.0,
      0.0,
      0.0,
      0.0,
      0.0,
      0.0
    ]
  },