{
  "train_loss_fedavg": {
    "means": [
      1.8613313364463067,
      1.4148937034869526,
      1.1157538116453127,
      0.9317333386106305,
      0.7994787003433828,
      0.703827675886894,
      0.6398699014063827,
      0.5924165485194338,
      0.5574986499615832,
      0.5301404750395906,
      0.5064697861799778,
      0.4887790800922868,
      0.47119296957448287,
      0.45746862889196566,
      0.44638096920052334,
      0.43799700191612845,
      0.43145569318473975,
      0.4246062125856611,
      0.41958244394155725,
      0.4139605509625973,
      0.4072658823313432,
      0.4020034105485062,
      0.39837374929980995,
      0.3947369620892252,
      0.391191450204114,
      0.38643313955735437,
      0.3832986704508242,
      0.3786113929266297,
      0.37620415166114496,
      0.374700119636584,
      0.3722906406695661,
      0.36912893910685035,
      0.36674131676943406,
      0.36537835310345956,
      0.36284887043951014,
      0.3610857122440605,
      0.3586863323059844,
      0.35575045525228094,
      0.35246711395065317,
      0.35072760409264225,
      0.3503657655118445,
      0.35002809825054615,
      0.3481203489955939,
      0.3471169828900857,
      0.3439570626278471,
      0.3431498918535682,
      0.3422764465356562,
      0.3405025237247484,
      0.34008653921518844,
      0.3398350236290762
    ],
    "stds": [
      0.0,
      0.0,
      0.0,
      0.0,
      0.0,
      0.0,
      0.0,
      0.0,
      0.0,
      0.0,
      0.0,
      0.0,
      0.0,
      0.0,
      0.0,
      0.0,
      0.0,
      0.0,
      0.0,
      0.0,
      0.0,
      0.0,
      0.0,
      0.0,
      0.0,
      0.0,
      0.0,
      0.0,
      0.0,
      0.0,
      0.0,
      0.0,
      0.0,
      0.0,
      0.0,
      0.0,
      0.0,
      0.0,
      0.0,
      0.0,
      0.0,
      0.0,
      0.0,
      0.0,
      0.0,
      0.0,
      0.0,
      0.0,
      0.0,
      0.0
    ]
  },
  "test_acc_fedavg": {
    "means": [
      0.6225,
      0.66875,
      0.71,
      0.7175,
      0.73,
      0.74375,
      0.74875,
      0.75375,
      0.76125,
      0.7675,
      0.76375,
      0.775,
      0.77125,
      0.76875,
      0.78125,
      0.7875,
      0.78875,
      0.7875,
      0.79125,
      0.7975,
      0.7875,
      0.79,
      0.7925,
      0.785,
      0.78875,
      0.785,
      0.7875,
      0.7875,
      0.79125,
      0.79875,
      0.8,
      0.8075,
      0.80875,
      0.8125,
      0.80375,
      0.80125,
      0.80875,
      0.805,
      0.8025,
      0.79875,
      0.79875,
      0.805,
      0.80125,
      0.80125,
      0.79625,
      0.795,
      0.7975,
      0.79625,
      0.79375,
      0.79
    ],
    "stds": [
      0.0,
      0.0,
      0.0,
      0.0,
      0.0,
      0.0,
      0.0,
      0.0,
      0.0,
      0.0,
      0.0,
      0.0,
      0.0,
      0.0,
      0.0,
      0.0,
      0.0,
      0.0,
      0.0,
      0.0,
      0.0,
      0.0,
      0.0,
      0.0,
      0.0,
      0.0,
      0.0,
      0.0,
      0.0,
      0.0,
      0.0,
      0.0,
      0.0,
      0.0,
      0.0,
      0.0,
      0.0,
      0.0,
      0.0,
      0.0,
      0.0,
      0.0,
      0.0,
      0.0,
      0.0,
      0.0,
      0.0,
      0.0,
      0.0,
      0.0
    ]
  },
  "comm_eff_fedavg": {
    "means": [
      1.0,
      2.0,
      3.0,
      4.0,
      5.0,
      6.0,
      7.0,
      8.0,
      9.0,
      10.0,
      11.0,
      12.0,
      13.0,
      14.0,
      15.0,
      16.0,
      17.0,
      18.0,
      19.0,
      20.0,
      21.0,
      22.0,
      23.0,
      24.0,
      25.0,
      26.0,
      27.0,
      28.0,
      29.0,
      30.0,
      31.0,
      32.0,
      33.0,
      34.0,
      35.0,
      36.0,
      37.0,
      38.0,
      39.0,
      40.0,
      41.0,
      42.0,
      43.0,
      44.0,
      45.0,
      46.0,
      47.0,
      48.0,
      49.0,
      50.0
    ],
    "stds": [
      0.0,
      0.0,
      0.0,
      0.0,
      0.0,
      0.0,
      0.0,
      0.0,
      0.0,
      0.0,
      0.0,
      0.0,
      0.0,
      0.0,
      0.0,
      0.0,
      0.0,
      0.0,
      0.0,
      0.0,
      0.0,
      0.0,
      0.0,
      0.0,
      0.0,
      0.0,
      0.0,
      0.0,
      0.0,
      0.0,
      0.0,
      0.0,
      0.0,
      0.0,
      0.0,
      0.0,
      0.0,
      0.0,
      0.0,
      0.0,
      0.0,
      0.0,
      0.0,
      0.0,
      0.0,
      0.0,
      0.0,
      0.0,
      0.0,
      0.0
    ]
  },
  "train_loss_sfedavg": {
    "means": [
      2.2007695900098003,
      2.12506975410768,
      2.051986075919789,
      1.9691508742234496,
      1.9041165791133734,
      1.8434831291197873,
      1.7701235985167272,
      1.7053726819710653,
      1.6564941504322224,
      1.5969259045065767,
      1.5485357718139552,
      1.500192272662595,
      1.4541732312601465,
      1.4111001265933394,
      1.371884343320467,
      1.3390731173292307,
      1.3057769441215914,
      1.272944825861305,
      1.2463628142379468,
      1.2141554947245357,
      1.1881743953178963,
      1.1644843281458483,
      1.1405615633079838,
      1.1179215068936015,
      1.0952601975857705,
      1.0752447188205851,
      1.0575373294683874,
      1.0363433748718756,
      1.0175266897345319,
      1.0013357045859081,
      0.9817650058074671,
      0.9637854679769827,
      0.9487443561544074,
      0.9335761628488697,
      0.9217413625194005,
      0.9098650892930652,
      0.8985469004760686,
      0.8878299909359177,
      0.8792724156605718,
      0.8673868411021928,
      0.8578188788999305,
      0.8494163274539764,
      0.8388780235028637,
      0.8297356620385963,
      0.8214282964589507,
      0.8146635295707104,
      0.8073906662968895,
      0.8004911718952532,
      0.7930032144631073,
      0.783296564215204
    ],
    "stds": [
      0.0,
      0.0,
      0.0,
      0.0,
      0.0,
      0.0,
      0.0,
      0.0,
      0.0,
      0.0,
      0.0,
      0.0,
      0.0,
      0.0,
      0.0,
      0.0,
      0.0,
      0.0,
      0.0,
      0.0,
      0.0,
      0.0,
      0.0,
      0.0,
      0.0,
      0.0,
      0.0,
      0.0,
      0.0,
      0.0,
      0.0,
      0.0,
      0.0,
      0.0,
      0.0,
      0.0,
      0.0,
      0.0,
      0.0,
      0.0,
      0.0,
      0.0,
      0.0,
      0.0,
      0.0,
      0.0,
      0.0,
      0.0,
      0.0,
      0.0
    ]
  },
  "test_acc_sfedavg": {
    "means": [
      0.25375,
      0.26375,
      0.32,
      0.39625,
      0.4025,
      0.43875,
      0.43875,
      0.47,
      0.47625,
      0.49375,
      0.5,
      0.52,
      0.54,
      0.555,
      0.5775,
      0.58625,
      0.61125,
      0.6075,
      0.60875,
      0.6225,
      0.63625,
      0.63875,
      0.64375,
      0.6525,
      0.65875,
      0.6675,
      0.665,
      0.67,
      0.6725,
      0.6925,
      0.70375,
      0.7075,
      0.70875,
      0.70125,
      0.70125,
      0.7125,
      0.70875,
      0.71125,
      0.7175,
      0.71375,
      0.715,
      0.71375,
      0.73125,
      0.72875,
      0.72375,
      0.7325,
      0.73125,
      0.7375,
      0.74,
      0.7475
    ],
    "stds": [
      0.0,
      0.0,
      0.0,
      0.0,
      0.0,
      0.0,
      0.0,
      0.0,
      0.0,
      0.0,
      0.0,
      0.0,
      0.0,
      0.0,
      0.0,
      0.0,
      0.0,
      0.0,
      0.0,
      0.0,
      0.0,
      0.0,
      0.0,
      0.0,
      0.0,
      0.0,
      0.0,
      0.0,
      0.0,
      0.0,
      0.0,
      0.0,
      0.0,
      0.0,
      0.0,
      0.0,
      0.0,
      0.0,
      0.0,
      0.0,
      0.0,
      0.0,
      0.0,
      0.0,
      0.0,
      0.0,
      0.0,
      0.0,
      0.0,
      0.0
    ]
  },