{
  "train_loss_fedavg": {
    "means": [
      1.6210929731000812,
      1.2392023424155418,
      1.0014198752521226,
      0.8515093887660861,
      0.7473164487679321,
      0.6724056570906634,
      0.6128078961587267,
      0.5651880830106569,
      0.5244215048246299,
      0.49351447782243263,
      0.46500832200869774,
      0.4399004050657054,
      0.41896851989609646,
      0.40067119086008124,
      0.3852330091927325,
      0.37105820381591403,
      0.3593189567535924,
      0.3468051812916827,
      0.33625099942311354,
      0.32580336167173846,
      0.31695160164499125,
      0.3080458707157497,
      0.30085264617051416,
      0.2938984986780128,
      0.28745094386521935,
      0.2811437668216734,
      0.27476391742091055,
      0.27036125017310175,
      0.264269217198951,
      0.2594894906090769,
      0.25497748408740994,
      0.2511145018050156,
      0.24629524090817564,
      0.24202837629888418,
      0.23805023283242366,
      0.23511080457392475,
      0.23143963364903178,
      0.22771572703299034,
      0.22492608987013496,
      0.22222536926866432,
      0.21930808841952282,
      0.21629036484615366,
      0.21356465753734755,
      0.21106339815888142,
      0.20871367573430968,
      0.2061320445240564,
      0.2038923663296343,
      0.20187647981967405,
      0.19962627935596036,
      0.1976951967141319
    ],
    "stds": [
      0.0,
      0.0,
      0.0,
      0.0,
      0.0,
      0.0,
      0.0,
      0.0,
      0.0,
      0.0,
      0.0,
      0.0,
      0.0,
      0.0,
      0.0,
      0.0,
      0.0,
      0.0,
      0.0,
      0.0,
      0.0,
      0.0,
      0.0,
      0.0,
      0.0,
      0.0,
      0.0,
      0.0,
      0.0,
      0.0,
      0.0,
      0.0,
      0.0,
      0.0,
      0.0,
      0.0,
      0.0,
      0.0,
      0.0,
      0.0,
      0.0,
      0.0,
      0.0,
      0.0,
      0.0,
      0.0,
      0.0,
      0.0,
      0.0,
      0.0
    ]
  },
  "train_loss_sfedavg": {
    "means": [
      1.5296326288435587,
      1.1772242581611585,
      0.9378907183859297,
      0.7746288708939836,
      0.6521926462449327,
      0.5834540009354244,
      0.5195721360937738,
      0.46792066801438537,
      0.43142540176094335,
      0.40143325129531204,
      0.374025638295165,
      0.3553822125242938,
      0.33779314151277884,
      0.3226059344168142,
      0.3074130423738081,
      0.29615915788605585,
      0.28792474123496936,
      0.2779957982115949,
      0.26597486193059555,
      0.2598189081884397,
      0.2514646805599158,
      0.24294289037452116,
      0.23550082226479466,
      0.22983735932887056,
      0.2237579795622468,
      0.21874022956816863,
      0.21366011206068394,
      0.2093222953434945,
      0.20589288982806778,
      0.2025557974111955,
      0.19756141922210682,
      0.19379157215541562,
      0.19047232148267165,
      0.1868655383658812,
      0.1834334195222416,
      0.18066514317376872,
      0.17833836932669303,
      0.17655135369001498,
      0.17472090360838563,
      0.17207340404818666,
      0.1702446939416638,
      0.16829744199539987,
      0.1658148595088649,
      0.1642149886161885,
      0.16226489358212318,
      0.1606090858714309,
      0.158706004766859,
      0.1576455054869444,
      0.155700757478945,
      0.15431662351414135
    ],
    "stds": [
      0.0,
      0.0,
      0.0,
      0.0,
      0.0,
      0.0,
      0.0,
      0.0,
      0.0,
      0.0,
      0.0,
      0.0,
      0.0,
      0.0,
      0.0,
      0.0,
      0.0,
      0.0,
      0.0,
      0.0,
      0.0,
      0.0,
      0.0,
      0.0,
      0.0,
      0.0,
      0.0,
      0.0,
      0.0,
      0.0,
      0.0,
      0.0,
      0.0,
      0.0,
      0.0,
      0.0,
      0.0,
      0.0,
      0.0,
      0.0,
      0.0,
      0.0,
      0.0,
      0.0,
      0.0,
      0.0,
      0.0,
      0.0,
      0.0,
      0.0
    ]
  },
  "test_acc_fedavg": {
    "means": [
      0.875,
      0.875,
      0.8972222222222223,
      0.9083333333333333,
      0.9138888888888889,
      0.9222222222222223,
      0.9194444444444444,
      0.925,
      0.925,
      0.9361111111111111,
      0.9305555555555556,
      0.9333333333333333,
      0.9361111111111111,
      0.9416666666666667,
      0.9472222222222222,
      0.95,
      0.95,
      0.9472222222222222,
      0.9472222222222222,
      0.95,
      0.9527777777777777,
      0.9555555555555556,
      0.9555555555555556,
      0.9555555555555556,
      0.9555555555555556,
      0.9555555555555556,
      0.9527777777777777,
      0.9527777777777777,
      0.9527777777777777,
      0.95,
      0.9527777777777777,
      0.9527777777777777,
      0.9527777777777777,
      0.9555555555555556,
      0.9527777777777777,
      0.9527777777777777,
      0.9555555555555556,
      0.95,
      0.95,
      0.95,
      0.95,
      0.95,
      0.95,
      0.95,
      0.95,
      0.95,
      0.95,
      0.95,
      0.9527777777777777,
      0.9527777777777777
    ],
    "stds": [
      0.0,
      0.0,
      0.0,
      0.0,
      0.0,
      0.0,
      0.0,
      0.0,
      0.0,
      0.0,
      0.0,
      0.0,
      0.0,
      0.0,
      0.0,
      0.0,
      0.0,
      0.0,
      0.0,
      0.0,
      0.0,
      0.0,
      0.0,
      0.0,
      0.0,
      0.0,
      0.0,
      0.0,
      0.0,
      0.0,
      0.0,
      0.0,
      0.0,
      0.0,
      0.0,
      0.0,
      0.0,
      0.0,
      0.0,
      0.0,
      0.0,
      0.0,
      0.0,
      0.0,
      0.0,
      0.0,
      0.0,
      0.0,
      0.0,
      0.0
    ]
  },
  "test_acc_sfedavg": {
    "means": [
      0.8027777777777778,
      0.8361111111111111,
      0.8638888888888889,
      0.8777777777777778,
      0.8916666666666667,
      0.9027777777777778,
      0.9083333333333333,
      0.9333333333333333,
      0.9333333333333333,
      0.9305555555555556,
      0.9361111111111111,
      0.9416666666666667,
      0.9416666666666667,
      0.9333333333333333,
      0.9444444444444444,
      0.9472222222222222,
      0.9472222222222222,
      0.9472222222222222,
      0.9416666666666667,
      0.9444444444444444,
      0.9472222222222222,
      0.95,
      0.95,
      0.9555555555555556,
      0.9527777777777777,
      0.9555555555555556,
      0.9555555555555556,
      0.9583333333333334,
      0.9527777777777777,
      0.9583333333333334,
      0.9555555555555556,
      0.9583333333333334,
      0.9555555555555556,
      0.9555555555555556,
      0.9583333333333334,
      0.9555555555555556,
      0.9638888888888889,
      0.9638888888888889,
      0.9638888888888889,
      0.9638888888888889,
      0.9638888888888889,
      0.9666666666666667,
      0.9666666666666667,
      0.9666666666666667,
      0.9666666666666667,
      0.9666666666666667,
      0.9666666666666667,
      0.9666666666666667,
      0.9666666666666667,
      0.9694444444444444
    ],
    "stds": [
      0.0,
      0.0,
      0.0,
      0.0,
      0.0,
      0.0,
      0.0,
      0.0,
      0.0,
      0.0,
      0.0,
      0.0,
      0.0,
      0.0,
      0.0,
      0.0,
      0.0,
      0.0,
      0.0,
      0.0,
      0.0,
      0.0,
      0.0,
      0.0,
      0.0,
      0.0,
      0.0,
      0.0,
      0.0,
      0.0,
      0.0,
      0.0,
      0.0,
      0.0,
      0.0,
      0.0,
      0.0,
      0.0,
      0.0,
      0.0,
      0.0,
      0.0,
      0.0,
      0.0,
      0.0,
      0.0,
      0.0,
      0.0,
      0.0,
      0.0
    ]
  },