{
  "train_loss_fedavg": {
    "means": [
      0.5452074900706962,
      0.3376002936435009,
      0.24956173153879713,
      0.22016011449969006,
      0.23193528206507236,
      0.17205715154618134,
      0.14994113209424825,
      0.1592487767555178,
      0.1459584579127842,
      0.19120612628921851,
      0.14158890694219073,
      0.18126313721481666,
      0.18985106428218262,
      0.264660150902295,
      0.15900881988865972,
      0.1495476109453014,
      0.12001942649319103,
      0.1352695269684867,
      0.155977063683483,
      0.19024556736428563,
      0.15354062389257855,
      0.10940302449025677,
      0.14566781126128142,
      0.17150157741065136,
      0.13689581412115906,
      0.2292295041108241,
      0.1693516927017334,
      0.12134782567145999,
      0.12014795938443033,
      0.10258172987096556
    ],
    "stds": [
      0.0,
      0.0,
      0.0,
      0.0,
      0.0,
      0.0,
      0.0,
      0.0,
      0.0,
      0.0,
      0.0,
      0.0,
      0.0,
      0.0,
      0.0,
      0.0,
      0.0,
      0.0,
      0.0,
      0.0,
      0.0,
      0.0,
      0.0,
      0.0,
      0.0,
      0.0,
      0.0,
      0.0,
      0.0,
      0.0
    ]
  },
  "test_acc_fedavg": {
    "means": [
      0.8166666666666667,
      0.8916666666666667,
      0.9194444444444444,
      0.9111111111111111,
      0.9083333333333333,
      0.9305555555555556,
      0.9361111111111111,
      0.9305555555555556,
      0.9361111111111111,
      0.9333333333333333,
      0.9388888888888889,
      0.9277777777777778,
      0.9333333333333333,
      0.9277777777777778,
      0.9305555555555556,
      0.9416666666666667,
      0.9444444444444444,
      0.9472222222222222,
      0.9305555555555556,
      0.9388888888888889,
      0.9444444444444444,
      0.9527777777777777,
      0.9416666666666667,
      0.9305555555555556,
      0.95,
      0.9444444444444444,
      0.9388888888888889,
      0.9472222222222222,
      0.9388888888888889,
      0.9444444444444444
    ],
    "stds": [
      0.0,
      0.0,
      0.0,
      0.0,
      0.0,
      0.0,
      0.0,
      0.0,
      0.0,
      0.0,
      0.0,
      0.0,
      0.0,
      0.0,
      0.0,
      0.0,
      0.0,
      0.0,
      0.0,
      0.0,
      0.0,
      0.0,
      0.0,
      0.0,
      0.0,
      0.0,
      0.0,
      0.0,
      0.0,
      0.0
    ]
  },
  "comm_cost_fedavg": {
    "means": [
      819200.0,
      1638400.0,
      2457600.0,
      3276800.0,
      4096000.0,
      4915200.0,
      5734400.0,
      6553600.0,
      7372800.0,
      8192000.0,
      9011200.0,
      9830400.0,
      10649600.0,
      11468800.0,
      12288000.0,
      13107200.0,
      13926400.0,
      14745600.0,
      15564800.0,
      16384000.0,
      17203200.0,
      18022400.0,
      18841600.0,
      19660800.0,
      20480000.0,
      21299200.0,
      22118400.0,
      22937600.0,
      23756800.0,
      24576000.0
    ],
    "stds": [
      0.0,
      0.0,
      0.0,
      0.0,
      0.0,
      0.0,
      0.0,
      0.0,
      0.0,
      0.0,
      0.0,
      0.0,
      0.0,
      0.0,
      0.0,
      0.0,
      0.0,
      0.0,
      0.0,
      0.0,
      0.0,
      0.0,
      0.0,
      0.0,
      0.0,
      0.0,
      0.0,
      0.0,
      0.0,
      0.0
    ]
  },
  "effective_update_dims_fedavg": {
    "means": [
      409600.0,
      819200.0,
      1228800.0,
      1638400.0,
      2048000.0,
      2457600.0,
      2867200.0,
      3276800.0,
      3686400.0,
      4096000.0,
      4505600.0,
      4915200.0,
      5324800.0,
      5734400.0,
      6144000.0,
      6553600.0,
      6963200.0,
      7372800.0,
      7782400.0,
      8192000.0,
      8601600.0,
      9011200.0,
      9420800.0,
      9830400.0,
      10240000.0,
      10649600.0,
      11059200.0,
      11468800.0,
      11878400.0,
      12288000.0
    ],
    "stds": [
      0.0,
      0.0,
      0.0,
      0.0,
      0.0,
      0.0,
      0.0,
      0.0,
      0.0,
      0.0,
      0.0,
      0.0,
      0.0,
      0.0,
      0.0,
      0.0,
      0.0,
      0.0,
      0.0,
      0.0,
      0.0,
      0.0,
      0.0,
      0.0,
      0.0,
      0.0,
      0.0,
      0.0,
      0.0,
      0.0
    ]
  },
  "train_loss_sfedavg": {
    "means": [
      1.7109002828528974,
      1.3525722265537865,
      1.1080871925906315,
      0.9467946643405845,
      0.8271962759012328,
      0.7415173762178762,
      0.6704675777883357,
      0.6193647893185099,
      0.5727516110463615,
      0.5340730593793593,
      0.5010835062641227,
      0.4740815868653166,
      0.44875931647543976,
      0.42938749652886726,
      0.4114982449908469,
      0.39530664637683793,
      0.3801485650425999,
      0.36600854431949537,
      0.3542027529288995,
      0.34595077358113263,
      0.3346384444076876,
      0.32600541575216524,
      0.31826343823295794,
      0.31016337827972773,
      0.3030182760168098,
      0.29624681079392007,
      0.2890567566269955,
      0.28369560613945694,
      0.27712025233446946,
      0.2709618921156577
    ],
    "stds": [
      0.0,
      0.0,
      0.0,
      0.0,
      0.0,
      0.0,
      0.0,
      0.0,
      0.0,
      0.0,
      0.0,
      0.0,
      0.0,
      0.0,
      0.0,
      0.0,
      0.0,
      0.0,
      0.0,
      0.0,
      0.0,
      0.0,
      0.0,
      0.0,
      0.0,
      0.0,
      0.0,
      0.0,
      0.0,
      0.0
    ]
  },
  "test_acc_sfedavg": {
    "means": [
      0.7666666666666667,
      0.8222222222222222,
      0.8388888888888889,
      0.8694444444444445,
      0.8805555555555555,
      0.8833333333333333,
      0.8972222222222223,
      0.9055555555555556,
      0.9166666666666666,
      0.9166666666666666,
      0.9222222222222223,
      0.9194444444444444,
      0.9166666666666666,
      0.9166666666666666,
      0.9111111111111111,
      0.9083333333333333,
      0.9166666666666666,
      0.9194444444444444,
      0.9222222222222223,
      0.9222222222222223,
      0.9277777777777778,
      0.9277777777777778,
      0.925,
      0.925,
      0.925,
      0.9277777777777778,
      0.925,
      0.9305555555555556,
      0.9305555555555556,
      0.9333333333333333
    ],
    "stds": [
      0.0,
      0.0,
      0.0,
      0.0,
      0.0,
      0.0,
      0.0,
      0.0,
      0.0,
      0.0,
      0.0,
      0.0,
      0.0,
      0.0,
      0.0,
      0.0,
      0.0,
      0.0,
      0.0,
      0.0,
      0.0,
      0.0,
      0.0,
      0.0,
      0.0,
      0.0,
      0.0,
      0.0,
      0.0,
      0.0
    ]
  },
  "comm_cost_sfedavg": {
    "means": [
      4997120.0,
      9994240.0,
      14991360.0,
      19988480.0,
      24985600.0,
      29982720.0,
      34979840.0,
      39976960.0,
      44974080.0,
      49971200.0,
      54968320.0,
      59965440.0,
      64962560.0,
      69959680.0,
      74956800.0,
      79953920.0,
      84951040.0,
      89948160.0,
      94945280.0,
      99942400.0,
      104939520.0,
      109936640.0,
      114933760.0,
      119930880.0,
      124928000.0,
      129925120.0,
      134922240.0,
      139919360.0,
      144916480.0,
      149913600.0
    ],
    "stds": [
      0.0,
      0.0,
      0.0,
      0.0,
      0.0,
      0.0,
      0.0,
      0.0,
      0.0,
      0.0,
      0.0,
      0.0,
      0.0,
      0.0,
      0.0,
      0.0,
      0.0,
      0.0,
      0.0,
      0.0,
      0.0,
      0.0,
      0.0,
      0.0,
      0.0,
      0.0,
      0.0,
      0.0,
      0.0,
      0.0
    ]
  },