{
  "train_loss_fedavg": {
    "means": [
      1.3257297520434315,
      0.783580485720385,
      0.5338226077168772,
      0.4034963766908548,
      0.34458242109789294,
      0.3095469461028521,
      0.2916012209463016,
      0.29193225926266986,
      0.2867301999892986,
      0.29098091554311506,
      0.3057233720822278,
      0.3418739920648062,
      0.3471386855044352,
      0.3816489595379067,
      0.40453464089765623,
      0.3963503607193615,
      0.39327817809486926,
      0.38443386838783816,
      0.3540556148119479,
      0.3478741765917184,
      0.342399277042517,
      0.33804699076244815,
      0.3391702403253412,
      0.33058919446406515,
      0.3382176565814172,
      0.35128996889475406,
      0.35287217142775806,
      0.3805502627134922,
      0.3928893237551002,
      0.41022770367288947,
      0.39998110358112754,
      0.3657669754302301,
      0.3373740188351184,
      0.3288520303217587,
      0.3353354383635605,
      0.34544648428606006,
      0.3542472804610767,
      0.37518850921834634,
      0.38245720746244605,
      0.367146371047368,
      0.3708821363217275,
      0.3777470278421919,
      0.3750463806182787,
      0.37676052242505426,
      0.3757294942187209,
      0.38068878680238244,
      0.3653299203396956,
      0.3579543227714283,
      0.3631127186174799,
      0.3732126614151513
    ],
    "stds": [
      0.0,
      0.0,
      0.0,
      0.0,
      0.0,
      0.0,
      0.0,
      0.0,
      0.0,
      0.0,
      0.0,
      0.0,
      0.0,
      0.0,
      0.0,
      0.0,
      0.0,
      0.0,
      0.0,
      0.0,
      0.0,
      0.0,
      0.0,
      0.0,
      0.0,
      0.0,
      0.0,
      0.0,
      0.0,
      0.0,
      0.0,
      0.0,
      0.0,
      0.0,
      0.0,
      0.0,
      0.0,
      0.0,
      0.0,
      0.0,
      0.0,
      0.0,
      0.0,
      0.0,
      0.0,
      0.0,
      0.0,
      0.0,
      0.0,
      0.0
    ]
  },
  "train_loss_sfedavg": {
    "means": [
      2.0254349225788113,
      1.7203939613272703,
      1.4967903550231818,
      1.3044684620663174,
      1.179185827241215,
      1.067386193551863,
      0.9934078490392821,
      0.9006076339726946,
      0.8481288309836096,
      0.7991324288354373,
      0.7615199832958675,
      0.7298690740650812,
      0.6985110198798664,
      0.6799243661078316,
      0.6617721818019595,
      0.643373083827581,
      0.6299065841591885,
      0.6136494436535634,
      0.6026146395012488,
      0.5900928268911215,
      0.5797994205900566,
      0.568316620179117,
      0.5612159554595353,
      0.5520061758908406,
      0.5427415244806063,
      0.5388904399834896,
      0.534864891900141,
      0.5318245418237224,
      0.5236192868210182,
      0.5185833865689595,
      0.5129222290461243,
      0.5071257865900831,
      0.499853999399837,
      0.4934113447679285,
      0.4914109554255084,
      0.48974391517337884,
      0.4860218173380177,
      0.48199829667863864,
      0.48055785408679225,
      0.4759173982877789,
      0.47406255557392446,
      0.47269677437705193,
      0.46805054824554854,
      0.4638992613924329,
      0.4571889317031358,
      0.45260773663810544,
      0.45000893524686064,
      0.4490799334498888,
      0.4488514240752895,
      0.44660538089911495
    ],
    "stds": [
      0.0,
      0.0,
      0.0,
      0.0,
      0.0,
      0.0,
      0.0,
      0.0,
      0.0,
      0.0,
      0.0,
      0.0,
      0.0,
      0.0,
      0.0,
      0.0,
      0.0,
      0.0,
      0.0,
      0.0,
      0.0,
      0.0,
      0.0,
      0.0,
      0.0,
      0.0,
      0.0,
      0.0,
      0.0,
      0.0,
      0.0,
      0.0,
      0.0,
      0.0,
      0.0,
      0.0,
      0.0,
      0.0,
      0.0,
      0.0,
      0.0,
      0.0,
      0.0,
      0.0,
      0.0,
      0.0,
      0.0,
      0.0,
      0.0,
      0.0
    ]
  },
  "test_acc_fedavg": {
    "means": [
      0.8666666666666667,
      0.8861111111111111,
      0.8888888888888888,
      0.8888888888888888,
      0.9055555555555556,
      0.9222222222222223,
      0.9305555555555556,
      0.9416666666666667,
      0.9333333333333333,
      0.9416666666666667,
      0.925,
      0.8972222222222223,
      0.9027777777777778,
      0.8972222222222223,
      0.8833333333333333,
      0.8888888888888888,
      0.8888888888888888,
      0.9,
      0.9222222222222223,
      0.9222222222222223,
      0.9222222222222223,
      0.9166666666666666,
      0.925,
      0.9222222222222223,
      0.9194444444444444,
      0.8972222222222223,
      0.9083333333333333,
      0.9111111111111111,
      0.8944444444444445,
      0.8944444444444445,
      0.8944444444444445,
      0.9055555555555556,
      0.9111111111111111,
      0.9111111111111111,
      0.9138888888888889,
      0.9083333333333333,
      0.9138888888888889,
      0.9,
      0.8972222222222223,
      0.9083333333333333,
      0.9,
      0.8944444444444445,
      0.9055555555555556,
      0.9083333333333333,
      0.9083333333333333,
      0.8833333333333333,
      0.9,
      0.8972222222222223,
      0.8888888888888888,
      0.8777777777777778
    ],
    "stds": [
      0.0,
      0.0,
      0.0,
      0.0,
      0.0,
      0.0,
      0.0,
      0.0,
      0.0,
      0.0,
      0.0,
      0.0,
      0.0,
      0.0,
      0.0,
      0.0,
      0.0,
      0.0,
      0.0,
      0.0,
      0.0,
      0.0,
      0.0,
      0.0,
      0.0,
      0.0,
      0.0,
      0.0,
      0.0,
      0.0,
      0.0,
      0.0,
      0.0,
      0.0,
      0.0,
      0.0,
      0.0,
      0.0,
      0.0,
      0.0,
      0.0,
      0.0,
      0.0,
      0.0,
      0.0,
      0.0,
      0.0,
      0.0,
      0.0,
      0.0
    ]
  },
  "test_acc_sfedavg": {
    "means": [
      0.6416666666666667,
      0.7277777777777777,
      0.8138888888888889,
      0.8222222222222222,
      0.8583333333333333,
      0.8555555555555555,
      0.8583333333333333,
      0.8944444444444445,
      0.8944444444444445,
      0.9055555555555556,
      0.8972222222222223,
      0.9027777777777778,
      0.9111111111111111,
      0.9111111111111111,
      0.9111111111111111,
      0.9138888888888889,
      0.9111111111111111,
      0.9055555555555556,
      0.9111111111111111,
      0.9194444444444444,
      0.9222222222222223,
      0.9194444444444444,
      0.925,
      0.9305555555555556,
      0.9305555555555556,
      0.9333333333333333,
      0.9388888888888889,
      0.9416666666666667,
      0.9361111111111111,
      0.9388888888888889,
      0.9416666666666667,
      0.9444444444444444,
      0.9361111111111111,
      0.9388888888888889,
      0.9416666666666667,
      0.9361111111111111,
      0.9444444444444444,
      0.9472222222222222,
      0.9416666666666667,
      0.95,
      0.9444444444444444,
      0.9444444444444444,
      0.95,
      0.95,
      0.95,
      0.9555555555555556,
      0.9527777777777777,
      0.9527777777777777,
      0.9555555555555556,
      0.9583333333333334
    ],
    "stds": [
      0.0,
      0.0,
      0.0,
      0.0,
      0.0,
      0.0,
      0.0,
      0.0,
      0.0,
      0.0,
      0.0,
      0.0,
      0.0,
      0.0,
      0.0,
      0.0,
      0.0,
      0.0,
      0.0,
      0.0,
      0.0,
      0.0,
      0.0,
      0.0,
      0.0,
      0.0,
      0.0,
      0.0,
      0.0,
      0.0,
      0.0,
      0.0,
      0.0,
      0.0,
      0.0,
      0.0,
      0.0,
      0.0,
      0.0,
      0.0,
      0.0,
      0.0,
      0.0,
      0.0,
      0.0,
      0.0,
      0.0,
      0.0,
      0.0,
      0.0
    ]
  },