{
  "train_loss_fedavg": {
    "means": [
      1.5009193831491097,
      1.1115663984947954,
      0.8834084453344595,
      0.7471887053823898,
      0.6555040403412289,
      0.5890102331212361,
      0.5370695384206042,
      0.49606935642464195,
      0.46043522442352586,
      0.4338650921054898,
      0.40863839913076966,
      0.3869613914159684,
      0.3689967056329541,
      0.35338586994370036,
      0.3400884708317163,
      0.32801080586681425,
      0.31815026622729703,
      0.3069428306427847,
      0.29803909131786904,
      0.28879635046040286,
      0.28116413882979413,
      0.27328128649433464,
      0.26725733185236084,
      0.2612102292553643,
      0.2557108600219912,
      0.25023360624685703,
      0.2445889269734369,
      0.2409464828767849,
      0.23563398016152526,
      0.23146700276008253,
      0.22750770141408436,
      0.22425897358929053,
      0.2199684085649213,
      0.21622549560071921,
      0.21273359696232264,
      0.2102913136247456,
      0.20707236285605687,
      0.20371260826687357,
      0.2013376768746257,
      0.19908493374337988,
      0.19657998895099207,
      0.19389856304188385,
      0.1915464997481846,
      0.1893798155969866,
      0.18739051141480398,
      0.18514919592786536,
      0.18322147071052228,
      0.18144420623011115,
      0.1794137854110145,
      0.17774661450030646
    ],
    "stds": [
      0.0,
      0.0,
      0.0,
      0.0,
      0.0,
      0.0,
      0.0,
      0.0,
      0.0,
      0.0,
      0.0,
      0.0,
      0.0,
      0.0,
      0.0,
      0.0,
      0.0,
      0.0,
      0.0,
      0.0,
      0.0,
      0.0,
      0.0,
      0.0,
      0.0,
      0.0,
      0.0,
      0.0,
      0.0,
      0.0,
      0.0,
      0.0,
      0.0,
      0.0,
      0.0,
      0.0,
      0.0,
      0.0,
      0.0,
      0.0,
      0.0,
      0.0,
      0.0,
      0.0,
      0.0,
      0.0,
      0.0,
      0.0,
      0.0,
      0.0
    ]
  },
  "train_loss_sfedavg": {
    "means": [
      2.1314304515272395,
      1.9333612433106773,
      1.7339589534311957,
      1.5284431948451191,
      1.3982427668501418,
      1.2879684915598753,
      1.2146067727370646,
      1.1249155870210423,
      1.0626292905559973,
      1.0078720827084686,
      0.946853287695685,
      0.8939862761192277,
      0.8567513074886777,
      0.813585133704793,
      0.7848510385600853,
      0.7545426192509103,
      0.7234732740339422,
      0.7008220066854082,
      0.6749762148988198,
      0.6591019051363556,
      0.639969552775268,
      0.619154995716537,
      0.6045322401103286,
      0.5883089012905881,
      0.5677802447135161,
      0.5566260909195014,
      0.5399989691915483,
      0.5275365300573774,
      0.5141565842095235,
      0.5020867335741229,
      0.4934259521302684,
      0.48349730122023415,
      0.4720837753867712,
      0.4644316007408239,
      0.4535041560793482,
      0.4454563509310372,
      0.43816636309330825,
      0.43115461112458403,
      0.4249809759057863,
      0.4196099367387485,
      0.4135593021336836,
      0.4094365458375668,
      0.4048992297077527,
      0.4010938125052903,
      0.395201106398852,
      0.38964422412807403,
      0.3829802382195043,
      0.37875106344427273,
      0.37187979281735967,
      0.3679709686183327
    ],
    "stds": [
      0.0,
      0.0,
      0.0,
      0.0,
      0.0,
      0.0,
      0.0,
      0.0,
      0.0,
      0.0,
      0.0,
      0.0,
      0.0,
      0.0,
      0.0,
      0.0,
      0.0,
      0.0,
      0.0,
      0.0,
      0.0,
      0.0,
      0.0,
      0.0,
      0.0,
      0.0,
      0.0,
      0.0,
      0.0,
      0.0,
      0.0,
      0.0,
      0.0,
      0.0,
      0.0,
      0.0,
      0.0,
      0.0,
      0.0,
      0.0,
      0.0,
      0.0,
      0.0,
      0.0,
      0.0,
      0.0,
      0.0,
      0.0,
      0.0,
      0.0
    ]
  },
  "test_acc_fedavg": {
    "means": [
      0.8666666666666667,
      0.8777777777777778,
      0.9083333333333333,
      0.9083333333333333,
      0.9138888888888889,
      0.925,
      0.925,
      0.9305555555555556,
      0.9305555555555556,
      0.9416666666666667,
      0.9388888888888889,
      0.9444444444444444,
      0.9472222222222222,
      0.9444444444444444,
      0.9472222222222222,
      0.95,
      0.9555555555555556,
      0.95,
      0.95,
      0.9555555555555556,
      0.9555555555555556,
      0.9555555555555556,
      0.9555555555555556,
      0.9555555555555556,
      0.9527777777777777,
      0.9555555555555556,
      0.9527777777777777,
      0.9527777777777777,
      0.9527777777777777,
      0.9527777777777777,
      0.9527777777777777,
      0.9527777777777777,
      0.9527777777777777,
      0.9555555555555556,
      0.9555555555555556,
      0.9527777777777777,
      0.9527777777777777,
      0.9527777777777777,
      0.9527777777777777,
      0.9527777777777777,
      0.9527777777777777,
      0.9527777777777777,
      0.95,
      0.95,
      0.95,
      0.9527777777777777,
      0.9527777777777777,
      0.9527777777777777,
      0.9555555555555556,
      0.9527777777777777
    ],
    "stds": [
      0.0,
      0.0,
      0.0,
      0.0,
      0.0,
      0.0,
      0.0,
      0.0,
      0.0,
      0.0,
      0.0,
      0.0,
      0.0,
      0.0,
      0.0,
      0.0,
      0.0,
      0.0,
      0.0,
      0.0,
      0.0,
      0.0,
      0.0,
      0.0,
      0.0,
      0.0,
      0.0,
      0.0,
      0.0,
      0.0,
      0.0,
      0.0,
      0.0,
      0.0,
      0.0,
      0.0,
      0.0,
      0.0,
      0.0,
      0.0,
      0.0,
      0.0,
      0.0,
      0.0,
      0.0,
      0.0,
      0.0,
      0.0,
      0.0,
      0.0
    ]
  },
  "test_acc_sfedavg": {
    "means": [
      0.41388888888888886,
      0.6138888888888889,
      0.6722222222222223,
      0.7138888888888889,
      0.7527777777777778,
      0.7527777777777778,
      0.7805555555555556,
      0.8138888888888889,
      0.8222222222222222,
      0.8388888888888889,
      0.8444444444444444,
      0.8555555555555555,
      0.8527777777777777,
      0.875,
      0.8833333333333333,
      0.8777777777777778,
      0.8888888888888888,
      0.8861111111111111,
      0.8944444444444445,
      0.8916666666666667,
      0.8916666666666667,
      0.9027777777777778,
      0.9111111111111111,
      0.9138888888888889,
      0.9166666666666666,
      0.9194444444444444,
      0.9222222222222223,
      0.9222222222222223,
      0.925,
      0.925,
      0.9222222222222223,
      0.9222222222222223,
      0.925,
      0.9194444444444444,
      0.9277777777777778,
      0.9277777777777778,
      0.925,
      0.9305555555555556,
      0.9277777777777778,
      0.9333333333333333,
      0.9277777777777778,
      0.9277777777777778,
      0.9333333333333333,
      0.9305555555555556,
      0.9277777777777778,
      0.9277777777777778,
      0.9388888888888889,
      0.9361111111111111,
      0.9361111111111111,
      0.9416666666666667
    ],
    "stds": [
      0.0,
      0.0,
      0.0,
      0.0,
      0.0,
      0.0,
      0.0,
      0.0,
      0.0,
      0.0,
      0.0,
      0.0,
      0.0,
      0.0,
      0.0,
      0.0,
      0.0,
      0.0,
      0.0,
      0.0,
      0.0,
      0.0,
      0.0,
      0.0,
      0.0,
      0.0,
      0.0,
      0.0,
      0.0,
      0.0,
      0.0,
      0.0,
      0.0,
      0.0,
      0.0,
      0.0,
      0.0,
      0.0,
      0.0,
      0.0,
      0.0,
      0.0,
      0.0,
      0.0,
      0.0,
      0.0,
      0.0,
      0.0,
      0.0,
      0.0
    ]
  },