{
  "train_loss": {
    "means": [
      2.274492086377927,
      2.2528080320761297,
      2.2221573386596742,
      2.192203093507511,
      2.164010637309848,
      2.139102641675092,
      2.1078096800366484,
      2.083456783810504,
      2.0498436238863564,
      2.0206211644484635,
      1.9900447495835316,
      1.9586327166806055,
      1.9286464541689343,
      1.8937308174546517,
      1.863084091389089,
      1.8410457943612728,
      1.8142420084611581,
      1.7869198665492385,
      1.7595769156262429,
      1.7389780542038658,
      1.7113597484741796,
      1.687915295022124,
      1.6608282492358117,
      1.637806082108409,
      1.6126018591629299,
      1.5886883252632344,
      1.5686152983701156,
      1.542598872194113,
      1.5229240542526605,
      1.5057636316748848,
      1.4861049363022176,
      1.4674947212977525,
      1.450516159252835,
      1.4353560605095212,
      1.4200778960361675,
      1.4035221676034788,
      1.3900967727180633,
      1.3734449788710703,
      1.3601400652040565,
      1.3483868141037165,
      1.3362458799847763,
      1.3223131954955252,
      1.3072384473970933,
      1.2962314602752785,
      1.2851509291484893,
      1.2766366109803997,
      1.2636832247983287,
      1.250978760438373,
      1.238687922698023,
      1.2269172186184785
    ],
    "stds": [
      0.0,
      0.0,
      0.0,
      0.0,
      0.0,
      0.0,
      0.0,
      0.0,
      0.0,
      0.0,
      0.0,
      0.0,
      0.0,
      0.0,
      0.0,
      0.0,
      0.0,
      0.0,
      0.0,
      0.0,
      0.0,
      0.0,
      0.0,
      0.0,
      0.0,
      0.0,
      0.0,
      0.0,
      0.0,
      0.0,
      0.0,
      0.0,
      0.0,
      0.0,
      0.0,
      0.0,
      0.0,
      0.0,
      0.0,
      0.0,
      0.0,
      0.0,
      0.0,
      0.0,
      0.0,
      0.0,
      0.0,
      0.0,
      0.0,
      0.0
    ]
  },
  "test_accuracy": {
    "means": [
      0.353,
      0.414,
      0.4405,
      0.4935,
      0.4955,
      0.5115,
      0.535,
      0.546,
      0.568,
      0.5745,
      0.582,
      0.6,
      0.6015,
      0.615,
      0.617,
      0.6195,
      0.631,
      0.6555,
      0.6595,
      0.668,
      0.682,
      0.689,
      0.6875,
      0.6895,
      0.696,
      0.7045,
      0.6985,
      0.708,
      0.708,
      0.7105,
      0.7135,
      0.715,
      0.714,
      0.723,
      0.724,
      0.7325,
      0.7345,
      0.7395,
      0.7445,
      0.746,
      0.745,
      0.748,
      0.7515,
      0.7495,
      0.7555,
      0.7535,
      0.75,
      0.7555,
      0.759,
      0.757
    ],
    "stds": [
      0.0,
      0.0,
      0.0,
      0.0,
      0.0,
      0.0,
      0.0,
      0.0,
      0.0,
      0.0,
      0.0,
      0.0,
      0.0,
      0.0,
      0.0,
      0.0,
      0.0,
      0.0,
      0.0,
      0.0,
      0.0,
      0.0,
      0.0,
      0.0,
      0.0,
      0.0,
      0.0,
      0.0,
      0.0,
      0.0,
      0.0,
      0.0,
      0.0,
      0.0,
      0.0,
      0.0,
      0.0,
      0.0,
      0.0,
      0.0,
      0.0,
      0.0,
      0.0,
      0.0,
      0.0,
      0.0,
      0.0,
      0.0,
      0.0,
      0.0
    ]
  },
  "uplink_floats": {
    "means": [
      480.0,
      960.0,
      1440.0,
      1920.0,
      2400.0,
      2880.0,
      3360.0,
      3840.0,
      4320.0,
      4800.0,
      5280.0,
      5760.0,
      6240.0,
      6720.0,
      7200.0,
      7680.0,
      8160.0,
      8640.0,
      9120.0,
      9600.0,
      10080.0,
      10560.0,
      11040.0,
      11520.0,
      12000.0,
      12480.0,
      12960.0,
      13440.0,
      13920.0,
      14400.0,
      14880.0,
      15360.0,
      15840.0,
      16320.0,
      16800.0,
      17280.0,
      17760.0,
      18240.0,
      18720.0,
      19200.0,
      19680.0,
      20160.0,
      20640.0,
      21120.0,
      21600.0,
      22080.0,
      22560.0,
      23040.0,
      23520.0,
      24000.0
    ],
    "stds": [
      0.0,
      0.0,
      0.0,
      0.0,
      0.0,
      0.0,
      0.0,
      0.0,
      0.0,
      0.0,
      0.0,
      0.0,
      0.0,
      0.0,
      0.0,
      0.0,
      0.0,
      0.0,
      0.0,
      0.0,
      0.0,
      0.0,
      0.0,
      0.0,
      0.0,
      0.0,
      0.0,
      0.0,
      0.0,
      0.0,
      0.0,
      0.0,
      0.0,
      0.0,
      0.0,
      0.0,
      0.0,
      0.0,
      0.0,
      0.0,
      0.0,
      0.0,
      0.0,
      0.0,
      0.0,
      0.0,
      0.0,
      0.0,
      0.0,
      0.0
    ]
  },
  "downlink_floats": {
    "means": [
      2640.0,
      5280.0,
      7920.0,
      10560.0,
      13200.0,
      15840.0,
      18480.0,
      21120.0,
      23760.0,
      26400.0,
      29040.0,
      31680.0,
      34320.0,
      36960.0,
      39600.0,
      42240.0,
      44880.0,
      47520.0,
      50160.0,
      52800.0,
      55440.0,
      58080.0,
      60720.0,
      63360.0,
      66000.0,
      68640.0,
      71280.0,
      73920.0,
      76560.0,
      79200.0,
      81840.0,
      84480.0,
      87120.0,
      89760.0,
      92400.0,
      95040.0,
      97680.0,
      100320.0,
      102960.0,
      105600.0,
      108240.0,
      110880.0,
      113520.0,
      116160.0,
      118800.0,
      121440.0,
      124080.0,
      126720.0,
      129360.0,
      132000.0
    ],
    "stds": [
      0.0,
      0.0,
      0.0,
      0.0,
      0.0,
      0.0,
      0.0,
      0.0,
      0.0,
      0.0,
      0.0,
      0.0,
      0.0,
      0.0,
      0.0,
      0.0,
      0.0,
      0.0,
      0.0,
      0.0,
      0.0,
      0.0,
      0.0,
      0.0,
      0.0,
      0.0,
      0.0,
      0.0,
      0.0,
      0.0,
      0.0,
      0.0,
      0.0,
      0.0,
      0.0,
      0.0,
      0.0,
      0.0,
      0.0,
      0.0,
      0.0,
      0.0,
      0.0,
      0.0,
      0.0,
      0.0,
      0.0,
      0.0,
      0.0,
      0.0
    ]
  },
  "total_floats": {
    "means": [
      3120.0,
      6240.0,
      9360.0,
      12480.0,
      15600.0,
      18720.0,
      21840.0,
      24960.0,
      28080.0,
      31200.0,
      34320.0,
      37440.0,
      40560.0,
      43680.0,
      46800.0,
      49920.0,
      53040.0,
      56160.0,
      59280.0,
      62400.0,
      65520.0,
      68640.0,
      71760.0,
      74880.0,
      78000.0,
      81120.0,
      84240.0,
      87360.0,
      90480.0,
      93600.0,
      96720.0,
      99840.0,
      102960.0,
      106080.0,
      109200.0,
      112320.0,
      115440.0,
      118560.0,
      121680.0,
      124800.0,
      127920.0,
      131040.0,
      134160.0,
      137280.0,
      140400.0,
      143520.0,
      146640.0,
      149760.0,
      152880.0,
      156000.0
    ],
    "stds": [
      0.0,
      0.0,
      0.0,
      0.0,
      0.0,
      0.0,
      0.0,
      0.0,
      0.0,
      0.0,
      0.0,
      0.0,
      0.0,
      0.0,
      0.0,
      0.0,
      0.0,
      0.0,
      0.0,
      0.0,
      0.0,
      0.0,
      0.0,
      0.0,
      0.0,
      0.0,
      0.0,
      0.0,
      0.0,
      0.0,
      0.0,
      0.0,
      0.0,
      0.0,
      0.0,
      0.0,
      0.0,
      0.0,
      0.0,
      0.0,
      0.0,
      0.0,
      0.0,
      0.0,
      0.0,
      0.0,
      0.0,
      0.0,
      0.0,
      0.0
    ]
  }
}