{
  "train_loss_fedavg": {
    "means": [
      1.4065034795490547,
      1.020392040245512,
      0.8021826017734571,
      0.6763959686008503,
      0.5935823308608936,
      0.5329743714726212,
      0.4863678920506401,
      0.4499311483034353,
      0.4178789883725826,
      0.39416379523778083,
      0.37099911190745083,
      0.35161652391303894,
      0.3355864816524161,
      0.3217713667952772,
      0.3098337327059046,
      0.2991561571982339,
      0.29051743234358834,
      0.2801377982665769,
      0.2723138839450046,
      0.2639036656309508,
      0.25706324425633964,
      0.24985710199205355,
      0.24457178496393162,
      0.23912881492528157,
      0.2342975759940298,
      0.2293681509504951,
      0.2242293953394165,
      0.22107495234301258,
      0.21626443917770752,
      0.21247829418136838,
      0.20887946814172415,
      0.20602429227650912,
      0.20209190054527676,
      0.19870407836538215,
      0.19552566864178278,
      0.193422451690779,
      0.19050291319346327,
      0.18738713050745476,
      0.1852958705129514,
      0.18333593102290702,
      0.1811067307791129,
      0.17864497766539758,
      0.17653814828697798,
      0.17459440335583673,
      0.17284844129593915,
      0.17082866884011835,
      0.16910593906232696,
      0.16748453411363942,
      0.16560805915430765,
      0.1640994898640355
    ],
    "stds": [
      0.0,
      0.0,
      0.0,
      0.0,
      0.0,
      0.0,
      0.0,
      0.0,
      0.0,
      0.0,
      0.0,
      0.0,
      0.0,
      0.0,
      0.0,
      0.0,
      0.0,
      0.0,
      0.0,
      0.0,
      0.0,
      0.0,
      0.0,
      0.0,
      0.0,
      0.0,
      0.0,
      0.0,
      0.0,
      0.0,
      0.0,
      0.0,
      0.0,
      0.0,
      0.0,
      0.0,
      0.0,
      0.0,
      0.0,
      0.0,
      0.0,
      0.0,
      0.0,
      0.0,
      0.0,
      0.0,
      0.0,
      0.0,
      0.0,
      0.0
    ]
  },
  "train_loss_sfedavg": {
    "means": [
      1.8412805249417263,
      1.4531927177809267,
      1.1903941796547788,
      1.0181938576544753,
      0.9006440835756748,
      0.7893061952280721,
      0.7229297999016983,
      0.6547037217918178,
      0.6099753560969869,
      0.5725977061555214,
      0.5353732133655424,
      0.5027227826498294,
      0.4787016264975133,
      0.44964230940266614,
      0.4282228005224904,
      0.405065167131484,
      0.38973692517405134,
      0.3776656335249819,
      0.3670287883822433,
      0.3535800020233829,
      0.34202568009151313,
      0.3328903602599018,
      0.3240606491729416,
      0.3154807400504488,
      0.30775092896201883,
      0.29749244065576175,
      0.2906245406572083,
      0.2852371142256162,
      0.28008400783227766,
      0.27257923488756425,
      0.2683369792537874,
      0.2643038027817669,
      0.2596700133982788,
      0.25576244655290215,
      0.25248393303502503,
      0.24859182147257186,
      0.24499820617883022,
      0.24168232815518076,
      0.23850660053593364,
      0.2360757092391162,
      0.23349666426765464,
      0.22900737598213822,
      0.2263058414383007,
      0.22465403307593582,
      0.22155631959463146,
      0.21771007251540087,
      0.21471998131865264,
      0.21248221744336343,
      0.2101872030928595,
      0.2081921774026816
    ],
    "stds": [
      0.0,
      0.0,
      0.0,
      0.0,
      0.0,
      0.0,
      0.0,
      0.0,
      0.0,
      0.0,
      0.0,
      0.0,
      0.0,
      0.0,
      0.0,
      0.0,
      0.0,
      0.0,
      0.0,
      0.0,
      0.0,
      0.0,
      0.0,
      0.0,
      0.0,
      0.0,
      0.0,
      0.0,
      0.0,
      0.0,
      0.0,
      0.0,
      0.0,
      0.0,
      0.0,
      0.0,
      0.0,
      0.0,
      0.0,
      0.0,
      0.0,
      0.0,
      0.0,
      0.0,
      0.0,
      0.0,
      0.0,
      0.0,
      0.0,
      0.0
    ]
  },
  "test_acc_fedavg": {
    "means": [
      0.8666666666666667,
      0.8888888888888888,
      0.9083333333333333,
      0.9194444444444444,
      0.9222222222222223,
      0.9277777777777778,
      0.925,
      0.9333333333333333,
      0.9388888888888889,
      0.9444444444444444,
      0.9444444444444444,
      0.9444444444444444,
      0.95,
      0.9472222222222222,
      0.9472222222222222,
      0.9527777777777777,
      0.9555555555555556,
      0.9527777777777777,
      0.9527777777777777,
      0.9555555555555556,
      0.9555555555555556,
      0.9583333333333334,
      0.9583333333333334,
      0.9583333333333334,
      0.9527777777777777,
      0.9527777777777777,
      0.9527777777777777,
      0.9527777777777777,
      0.9527777777777777,
      0.9527777777777777,
      0.9527777777777777,
      0.9527777777777777,
      0.95,
      0.9527777777777777,
      0.9555555555555556,
      0.9527777777777777,
      0.9527777777777777,
      0.9527777777777777,
      0.9527777777777777,
      0.9527777777777777,
      0.9527777777777777,
      0.9527777777777777,
      0.9527777777777777,
      0.9527777777777777,
      0.9555555555555556,
      0.9555555555555556,
      0.9555555555555556,
      0.9555555555555556,
      0.9555555555555556,
      0.9555555555555556
    ],
    "stds": [
      0.0,
      0.0,
      0.0,
      0.0,
      0.0,
      0.0,
      0.0,
      0.0,
      0.0,
      0.0,
      0.0,
      0.0,
      0.0,
      0.0,
      0.0,
      0.0,
      0.0,
      0.0,
      0.0,
      0.0,
      0.0,
      0.0,
      0.0,
      0.0,
      0.0,
      0.0,
      0.0,
      0.0,
      0.0,
      0.0,
      0.0,
      0.0,
      0.0,
      0.0,
      0.0,
      0.0,
      0.0,
      0.0,
      0.0,
      0.0,
      0.0,
      0.0,
      0.0,
      0.0,
      0.0,
      0.0,
      0.0,
      0.0,
      0.0,
      0.0
    ]
  },
  "test_acc_sfedavg": {
    "means": [
      0.6305555555555555,
      0.7583333333333333,
      0.7916666666666666,
      0.8222222222222222,
      0.8416666666666667,
      0.8638888888888889,
      0.8694444444444445,
      0.8777777777777778,
      0.8888888888888888,
      0.8888888888888888,
      0.8916666666666667,
      0.9111111111111111,
      0.9166666666666666,
      0.9166666666666666,
      0.9166666666666666,
      0.9222222222222223,
      0.9277777777777778,
      0.9305555555555556,
      0.9277777777777778,
      0.9277777777777778,
      0.925,
      0.9305555555555556,
      0.9277777777777778,
      0.9388888888888889,
      0.9388888888888889,
      0.9333333333333333,
      0.9361111111111111,
      0.9361111111111111,
      0.9333333333333333,
      0.9333333333333333,
      0.9333333333333333,
      0.9333333333333333,
      0.9333333333333333,
      0.9333333333333333,
      0.9361111111111111,
      0.9388888888888889,
      0.9416666666666667,
      0.9388888888888889,
      0.9388888888888889,
      0.9388888888888889,
      0.9388888888888889,
      0.9388888888888889,
      0.9388888888888889,
      0.9388888888888889,
      0.9416666666666667,
      0.9444444444444444,
      0.9472222222222222,
      0.9472222222222222,
      0.9444444444444444,
      0.9444444444444444
    ],
    "stds": [
      0.0,
      0.0,
      0.0,
      0.0,
      0.0,
      0.0,
      0.0,
      0.0,
      0.0,
      0.0,
      0.0,
      0.0,
      0.0,
      0.0,
      0.0,
      0.0,
      0.0,
      0.0,
      0.0,
      0.0,
      0.0,
      0.0,
      0.0,
      0.0,
      0.0,
      0.0,
      0.0,
      0.0,
      0.0,
      0.0,
      0.0,
      0.0,
      0.0,
      0.0,
      0.0,
      0.0,
      0.0,
      0.0,
      0.0,
      0.0,
      0.0,
      0.0,
      0.0,
      0.0,
      0.0,
      0.0,
      0.0,
      0.0,
      0.0,
      0.0
    ]
  },