{
  "train_loss/FedAvg": {
    "means": [
      0.5113357247926097,
      0.36007461457810164,
      0.2957040031609521,
      0.2560571026486155,
      0.19035690367260577,
      0.15463055366995118,
      0.13886044871025838,
      0.1237117653842682,
      0.11662506209049422,
      0.10562618834537131,
      0.10054225834724512,
      0.09216679832584475,
      0.08747452211829933,
      0.08268472429399375,
      0.07970816756146384,
      0.07476033957477118,
      0.07115510863667678,
      0.06875303464188866,
      0.06677456937636016,
      0.06425957910513086,
      0.06123571118200524,
      0.05993799910135368,
      0.05872899118283591,
      0.05728635724937306,
      0.05482447156435608,
      0.054075494186380114,
      0.053285860203051275,
      0.05226928852508389,
      0.05033271378222008,
      0.04983293158372243,
      0.04927372605204471,
      0.0484978971804983,
      0.04697952715280844,
      0.046605664266066736,
      0.04618441326919314,
      0.04558928150599429,
      0.04436269197749599,
      0.044082319458854144,
      0.043747637069699266,
      0.043283881157804106,
      0.04225047010632412,
      0.04204504109599871,
      0.04177254823496924,
      0.0413983908921802,
      0.04050062232992937,
      0.04034609988014858,
      0.04012491281829,
      0.03981362837235758,
      0.03902105225434828,
      0.03889701084591603,
      0.03871791719857222,
      0.0384546517979125,
      0.03774869421508175,
      0.037643522637495416,
      0.037496692350025236,
      0.037272153979493065,
      0.03663847770680185,
      0.03654669211677472,
      0.036424251613975264,
      0.036231259367366896,
      0.03565772972833918,
      0.035576534004307936,
      0.03547351997196782,
      0.03530625381519769,
      0.03478283316188889,
      0.03471051847268895,
      0.034623730071919386,
      0.03447769644279283,
      0.033996404611633696,
      0.033931765132733716,
      0.03385864912060948,
      0.03373044785977675,
      0.033285053887190545,
      0.033227122501232415,
      0.03316547630787106,
      0.033052454601744115,
      0.03263807034652056,
      0.03258602769891945,
      0.032534043287081454,
      0.032434054249626955
    ],
    "stds": [
      0.0,
      0.0,
      0.0,
      0.0,
      0.0,
      0.0,
      0.0,
      0.0,
      0.0,
      0.0,
      0.0,
      0.0,
      0.0,
      0.0,
      0.0,
      0.0,
      0.0,
      0.0,
      0.0,
      0.0,
      0.0,
      0.0,
      0.0,
      0.0,
      0.0,
      0.0,
      0.0,
      0.0,
      0.0,
      0.0,
      0.0,
      0.0,
      0.0,
      0.0,
      0.0,
      0.0,
      0.0,
      0.0,
      0.0,
      0.0,
      0.0,
      0.0,
      0.0,
      0.0,
      0.0,
      0.0,
      0.0,
      0.0,
      0.0,
      0.0,
      0.0,
      0.0,
      0.0,
      0.0,
      0.0,
      0.0,
      0.0,
      0.0,
      0.0,
      0.0,
      0.0,
      0.0,
      0.0,
      0.0,
      0.0,
      0.0,
      0.0,
      0.0,
      0.0,
      0.0,
      0.0,
      0.0,
      0.0,
      0.0,
      0.0,
      0.0,
      0.0,
      0.0,
      0.0,
      0.0
    ]
  },
  "test_accuracy/FedAvg": {
    "means": [
      0.8472222222222222,
      0.9166666666666666,
      0.925,
      0.925,
      0.9305555555555556,
      0.9333333333333333,
      0.9333333333333333,
      0.9333333333333333,
      0.9472222222222222,
      0.95,
      0.9527777777777777,
      0.9472222222222222,
      0.9583333333333334,
      0.9583333333333334,
      0.9583333333333334,
      0.9611111111111111,
      0.9611111111111111,
      0.9611111111111111,
      0.9611111111111111,
      0.9611111111111111,
      0.9638888888888889,
      0.9638888888888889,
      0.9611111111111111,
      0.9666666666666667,
      0.9638888888888889,
      0.9638888888888889,
      0.9611111111111111,
      0.9666666666666667,
      0.9638888888888889,
      0.9638888888888889,
      0.9611111111111111,
      0.9638888888888889,
      0.9638888888888889,
      0.9638888888888889,
      0.9638888888888889,
      0.9638888888888889,
      0.9638888888888889,
      0.9638888888888889,
      0.9638888888888889,
      0.9638888888888889,
      0.9638888888888889,
      0.9638888888888889,
      0.9666666666666667,
      0.9666666666666667,
      0.9638888888888889,
      0.9638888888888889,
      0.9666666666666667,
      0.9666666666666667,
      0.9638888888888889,
      0.9638888888888889,
      0.9666666666666667,
      0.9638888888888889,
      0.9666666666666667,
      0.9638888888888889,
      0.9666666666666667,
      0.9638888888888889,
      0.9666666666666667,
      0.9666666666666667,
      0.9666666666666667,
      0.9638888888888889,
      0.9666666666666667,
      0.9666666666666667,
      0.9638888888888889,
      0.9638888888888889,
      0.9666666666666667,
      0.9666666666666667,
      0.9638888888888889,
      0.9638888888888889,
      0.9666666666666667,
      0.9611111111111111,
      0.9638888888888889,
      0.9638888888888889,
      0.9638888888888889,
      0.9611111111111111,
      0.9638888888888889,
      0.9638888888888889,
      0.9611111111111111,
      0.9611111111111111,
      0.9638888888888889,
      0.9638888888888889
    ],
    "stds": [
      0.0,
      0.0,
      0.0,
      0.0,
      0.0,
      0.0,
      0.0,
      0.0,
      0.0,
      0.0,
      0.0,
      0.0,
      0.0,
      0.0,
      0.0,
      0.0,
      0.0,
      0.0,
      0.0,
      0.0,
      0.0,
      0.0,
      0.0,
      0.0,
      0.0,
      0.0,
      0.0,
      0.0,
      0.0,
      0.0,
      0.0,
      0.0,
      0.0,
      0.0,
      0.0,
      0.0,
      0.0,
      0.0,
      0.0,
      0.0,
      0.0,
      0.0,
      0.0,
      0.0,
      0.0,
      0.0,
      0.0,
      0.0,
      0.0,
      0.0,
      0.0,
      0.0,
      0.0,
      0.0,
      0.0,
      0.0,
      0.0,
      0.0,
      0.0,
      0.0,
      0.0,
      0.0,
      0.0,
      0.0,
      0.0,
      0.0,
      0.0,
      0.0,
      0.0,
      0.0,
      0.0,
      0.0,
      0.0,
      0.0,
      0.0,
      0.0,
      0.0,
      0.0,
      0.0,
      0.0
    ]
  },
  "cumulative_comm_params/FedAvg": {
    "means": [
      6400,
      12800,
      19200,
      25600,
      32000,
      38400,
      44800,
      51200,
      57600,
      64000,
      70400,
      76800,
      83200,
      89600,
      96000,
      102400,
      108800,
      115200,
      121600,
      128000,
      134400,
      140800,
      147200,
      153600,
      160000,
      166400,
      172800,
      179200,
      185600,
      192000,
      198400,
      204800,
      211200,
      217600,
      224000,
      230400,
      236800,
      243200,
      249600,
      256000,
      262400,
      268800,
      275200,
      281600,
      288000,
      294400,
      300800,
      307200,
      313600,
      320000,
      326400,
      332800,
      339200,
      345600,
      352000,
      358400,
      364800,
      371200,
      377600,
      384000,
      390400,
      396800,
      403200,
      409600,
      416000,
      422400,
      428800,
      435200,
      441600,
      448000,
      454400,
      460800,
      467200,
      473600,
      480000,
      486400,
      492800,
      499200,
      505600,
      512000
    ],