{
  "train_loss": {
    "means": [
      0.6627323591709137,
      0.6576693969964981,
      0.6544983327388764,
      0.6510372108221054,
      0.6487595146894455,
      0.6466008400917054,
      0.6448769307136536,
      0.6433492988348007,
      0.6410017371177673,
      0.6396168124675751,
      0.6379222518205643,
      0.6351577740907669,
      0.6333028602600098,
      0.6324652606248855,
      0.6308529031276703,
      0.6302884012460709,
      0.6288274484872818,
      0.6274215638637543,
      0.6261169368028641,
      0.6249912101030349,
      0.6236724251508713,
      0.6222033190727234,
      0.6207182002067566,
      0.6190004616975784,
      0.6188124167919159,
      0.6173424011468888,
      0.6159948599338532,
      0.6142636555433273,
      0.6130061632394791,
      0.611890372633934
    ],
    "stds": [
      0.005796276867204292,
      0.006995313137682493,
      0.007858702142312162,
      0.009174825849073531,
      0.010031587136992752,
      0.010690819452107935,
      0.010955964141078162,
      0.011667460459283328,
      0.012232863215894433,
      0.012786589796822316,
      0.013617884421310797,
      0.01477797039735556,
      0.015076560296223588,
      0.015023131258849243,
      0.01608402890632071,
      0.016386023959161732,
      0.017151620502186778,
      0.017387470814786202,
      0.017697094083173714,
      0.018090947329332748,
      0.01856666160032901,
      0.019006163441248287,
      0.020027921407195358,
      0.020464872537069672,
      0.020223773990428927,
      0.02017683008525086,
      0.020231176993825546,
      0.020903980388538974,
      0.02126955613479972,
      0.021648250981932095
    ]
  },
  "test_accuracy": {
    "means": [
      0.6548,
      0.651,
      0.6514,
      0.6534,
      0.6464,
      0.6394,
      0.6488,
      0.6466,
      0.6434,
      0.6472,
      0.6458,
      0.6444,
      0.639,
      0.6462,
      0.6366,
      0.638,
      0.642,
      0.6472,
      0.6468,
      0.6456,
      0.6508,
      0.6462,
      0.6456,
      0.6474,
      0.6518,
      0.6546,
      0.6542,
      0.6516,
      0.654,
      0.6516
    ],
    "stds": [
      0.0,
      0.0,
      0.0,
      0.0,
      0.0,
      0.0,
      0.0,
      0.0,
      0.0,
      0.0,
      0.0,
      0.0,
      0.0,
      0.0,
      0.0,
      0.0,
      0.0,
      0.0,
      0.0,
      0.0,
      0.0,
      0.0,
      0.0,
      0.0,
      0.0,
      0.0,
      0.0,
      0.0,
      0.0,
      0.0
    ]
  },
  "communication_MB": {
    "means": [
      1.5411376953125,
      3.082275390625,
      4.6234130859375,
      6.16455078125,
      7.7056884765625,
      9.246826171875,
      10.7879638671875,
      12.3291015625,
      13.8702392578125,
      15.411376953125,
      16.9525146484375,
      18.49365234375,
      20.0347900390625,
      21.575927734375,
      23.1170654296875,
      24.658203125,
      26.1993408203125,
      27.740478515625,
      29.2816162109375,
      30.82275390625,
      32.3638916015625,
      33.905029296875,
      35.4461669921875,
      36.9873046875,
      38.5284423828125,
      40.069580078125,
      41.6107177734375,
      43.15185546875,
      44.6929931640625,
      46.234130859375
    ],
    "stds": [
      0.0,
      0.0,
      0.0,
      0.0,
      0.0,
      0.0,
      0.0,
      0.0,
      0.0,
      0.0,
      0.0,
      0.0,
      0.0,
      0.0,
      0.0,
      0.0,
      0.0,
      0.0,
      0.0,
      0.0,
      0.0,
      0.0,
      0.0,
      0.0,
      0.0,
      0.0,
      0.0,
      0.0,
      0.0,
      0.0
    ]
  }
}