{
  "train_loss_fedavg": {
    "means": [
      1.4316325009194972,
      0.8567852779418208,
      0.5670600829594222,
      0.41712484524409477,
      0.3471091401755045,
      0.30439498175991075,
      0.2790035244081784,
      0.272497779886541,
      0.263940048611367,
      0.2598866588229854,
      0.265036630453778,
      0.30335348795009065,
      0.3218419234280991,
      0.3762755321454459,
      0.42184398562489067,
      0.4234583112995438,
      0.44454308670170156,
      0.4419211067949511,
      0.3884753939220699,
      0.37633998629143967,
      0.3766288350364806,
      0.3600770257859228,
      0.3703443512868494,
      0.3487546800397507,
      0.36262260308246286,
      0.36941643335789737,
      0.3531881702151968,
      0.38110356603346063,
      0.4082564547283722,
      0.44369133240180686,
      0.4514170782669281,
      0.41721690469779293,
      0.3683166089248531,
      0.3581640312125083,
      0.3707507061420067,
      0.38041869121354227,
      0.37882633656844156,
      0.39881488563817447,
      0.4096229554304277,
      0.40416815703204323,
      0.4150224369462027,
      0.42162304407173756,
      0.4023596569571491,
      0.4080353709090654,
      0.41001449989900995,
      0.41971133148942796,
      0.41242149127885375,
      0.4162167968026487,
      0.4324761454492581,
      0.4521428661579951
    ],
    "stds": [
      0.0,
      0.0,
      0.0,
      0.0,
      0.0,
      0.0,
      0.0,
      0.0,
      0.0,
      0.0,
      0.0,
      0.0,
      0.0,
      0.0,
      0.0,
      0.0,
      0.0,
      0.0,
      0.0,
      0.0,
      0.0,
      0.0,
      0.0,
      0.0,
      0.0,
      0.0,
      0.0,
      0.0,
      0.0,
      0.0,
      0.0,
      0.0,
      0.0,
      0.0,
      0.0,
      0.0,
      0.0,
      0.0,
      0.0,
      0.0,
      0.0,
      0.0,
      0.0,
      0.0,
      0.0,
      0.0,
      0.0,
      0.0,
      0.0,
      0.0
    ]
  },
  "train_loss_sfedavg": {
    "means": [
      2.1222520145398116,
      1.9320453424542858,
      1.7533054229543596,
      1.59469621002815,
      1.4748832159050071,
      1.3572725315360927,
      1.2829920883705794,
      1.2219591536026035,
      1.1548986377100792,
      1.0997689700447668,
      1.0483841076312364,
      0.997507915406847,
      0.9493033234336307,
      0.9270221433862583,
      0.9059975957287333,
      0.8742056318101964,
      0.8503895682809721,
      0.821909898302157,
      0.7988985811125876,
      0.7802525341090947,
      0.7561286607902653,
      0.7349335161104931,
      0.7134107291050665,
      0.7002403145295586,
      0.686842298142138,
      0.6763587083197408,
      0.6610440611583811,
      0.6479680615075167,
      0.6387654293292534,
      0.6266446713057023,
      0.6196596583969053,
      0.6133323498232519,
      0.6059751406993354,
      0.5944685394367916,
      0.5863437409878253,
      0.5815269314449624,
      0.5756317284047133,
      0.5712154078368501,
      0.5688619356154846,
      0.5610867948666818,
      0.5546513171175941,
      0.5513061685120998,
      0.547429758929801,
      0.5407247061201903,
      0.53240432156503,
      0.5291957583763182,
      0.5258391856915943,
      0.5236926193186955,
      0.5203556921576699,
      0.5177013975043803
    ],
    "stds": [
      0.0,
      0.0,
      0.0,
      0.0,
      0.0,
      0.0,
      0.0,
      0.0,
      0.0,
      0.0,
      0.0,
      0.0,
      0.0,
      0.0,
      0.0,
      0.0,
      0.0,
      0.0,
      0.0,
      0.0,
      0.0,
      0.0,
      0.0,
      0.0,
      0.0,
      0.0,
      0.0,
      0.0,
      0.0,
      0.0,
      0.0,
      0.0,
      0.0,
      0.0,
      0.0,
      0.0,
      0.0,
      0.0,
      0.0,
      0.0,
      0.0,
      0.0,
      0.0,
      0.0,
      0.0,
      0.0,
      0.0,
      0.0,
      0.0,
      0.0
    ]
  },
  "test_acc_fedavg": {
    "means": [
      0.8666666666666667,
      0.8833333333333333,
      0.8861111111111111,
      0.8861111111111111,
      0.9027777777777778,
      0.9166666666666666,
      0.9277777777777778,
      0.9388888888888889,
      0.9277777777777778,
      0.9388888888888889,
      0.9333333333333333,
      0.9,
      0.8972222222222223,
      0.8777777777777778,
      0.8527777777777777,
      0.8527777777777777,
      0.8583333333333333,
      0.8583333333333333,
      0.8833333333333333,
      0.8944444444444445,
      0.8861111111111111,
      0.8944444444444445,
      0.8861111111111111,
      0.8916666666666667,
      0.8944444444444445,
      0.875,
      0.8833333333333333,
      0.8861111111111111,
      0.8805555555555555,
      0.8777777777777778,
      0.8694444444444445,
      0.875,
      0.8888888888888888,
      0.8916666666666667,
      0.8861111111111111,
      0.8861111111111111,
      0.8861111111111111,
      0.8666666666666667,
      0.8638888888888889,
      0.8611111111111112,
      0.8583333333333333,
      0.8555555555555555,
      0.8583333333333333,
      0.8833333333333333,
      0.8666666666666667,
      0.8555555555555555,
      0.8777777777777778,
      0.8666666666666667,
      0.8472222222222222,
      0.8388888888888889
    ],
    "stds": [
      0.0,
      0.0,
      0.0,
      0.0,
      0.0,
      0.0,
      0.0,
      0.0,
      0.0,
      0.0,
      0.0,
      0.0,
      0.0,
      0.0,
      0.0,
      0.0,
      0.0,
      0.0,
      0.0,
      0.0,
      0.0,
      0.0,
      0.0,
      0.0,
      0.0,
      0.0,
      0.0,
      0.0,
      0.0,
      0.0,
      0.0,
      0.0,
      0.0,
      0.0,
      0.0,
      0.0,
      0.0,
      0.0,
      0.0,
      0.0,
      0.0,
      0.0,
      0.0,
      0.0,
      0.0,
      0.0,
      0.0,
      0.0,
      0.0,
      0.0
    ]
  },
  "test_acc_sfedavg": {
    "means": [
      0.5305555555555556,
      0.7555555555555555,
      0.7944444444444444,
      0.8,
      0.7944444444444444,
      0.8361111111111111,
      0.8527777777777777,
      0.8694444444444445,
      0.8805555555555555,
      0.8777777777777778,
      0.8722222222222222,
      0.8777777777777778,
      0.8777777777777778,
      0.8777777777777778,
      0.8805555555555555,
      0.8888888888888888,
      0.8916666666666667,
      0.8944444444444445,
      0.9,
      0.9027777777777778,
      0.9027777777777778,
      0.9027777777777778,
      0.8972222222222223,
      0.9055555555555556,
      0.9027777777777778,
      0.8944444444444445,
      0.9,
      0.9138888888888889,
      0.9138888888888889,
      0.9138888888888889,
      0.9138888888888889,
      0.9166666666666666,
      0.9194444444444444,
      0.9194444444444444,
      0.9194444444444444,
      0.9222222222222223,
      0.9194444444444444,
      0.9166666666666666,
      0.9194444444444444,
      0.9222222222222223,
      0.9222222222222223,
      0.9166666666666666,
      0.9194444444444444,
      0.925,
      0.925,
      0.9277777777777778,
      0.925,
      0.9222222222222223,
      0.9222222222222223,
      0.9194444444444444
    ],
    "stds": [
      0.0,
      0.0,
      0.0,
      0.0,
      0.0,
      0.0,
      0.0,
      0.0,
      0.0,
      0.0,
      0.0,
      0.0,
      0.0,
      0.0,
      0.0,
      0.0,
      0.0,
      0.0,
      0.0,
      0.0,
      0.0,
      0.0,
      0.0,
      0.0,
      0.0,
      0.0,
      0.0,
      0.0,
      0.0,
      0.0,
      0.0,
      0.0,
      0.0,
      0.0,
      0.0,
      0.0,
      0.0,
      0.0,
      0.0,
      0.0,
      0.0,
      0.0,
      0.0,
      0.0,
      0.0,
      0.0,
      0.0,
      0.0,
      0.0,
      0.0
    ]
  },