{
  "train_loss_fedavg": {
    "means": [
      0.930059508320903,
      1.2732991082616412,
      6.947455128114805,
      6.949431042982505,
      6.839050738240501,
      6.777428472071937,
      6.691103383101136,
      6.60948013058418,
      6.556117303047884,
      6.485593957196675,
      6.413393406241167,
      6.380850242764941,
      6.337916794283712,
      6.30089025589479,
      6.2598353971264205,
      6.191286642536152,
      6.139282938913278,
      5.822028061243832,
      5.7212627814791475,
      5.560168517192533,
      5.3095231972102575,
      5.254900188081092,
      4.90950883100942,
      4.72423153583596,
      4.6295239771256895,
      4.35489448563122,
      4.22667299160551,
      4.104541575265399,
      4.0146475094820335,
      3.907849839735578,
      3.783449760718816,
      3.8258613130907815,
      3.740165021431718,
      3.580486085344337,
      3.503527221898975,
      3.3924567369597693,
      3.2463420883419802,
      3.1333201274476177,
      3.211706825446309,
      3.402052139228892,
      3.2453107454143924,
      3.148465867745027,
      3.030943936471356,
      2.92381037074833,
      2.8180532190143817,
      2.759577289262974,
      2.5495167612915797,
      2.4010225669357053,
      2.209323824267822,
      2.093648820960255,
      2.056084600848379,
      2.1623553168609178,
      1.9882443760534805,
      1.950123528048355,
      1.8741035595933162,
      1.7722255360216541,
      1.6849295905122779,
      1.5847083303458616,
      1.497873868118507,
      1.4800816435028326
    ],
    "stds": [
      0.0,
      0.0,
      0.0,
      0.0,
      0.0,
      0.0,
      0.0,
      0.0,
      0.0,
      0.0,
      0.0,
      0.0,
      0.0,
      0.0,
      0.0,
      0.0,
      0.0,
      0.0,
      0.0,
      0.0,
      0.0,
      0.0,
      0.0,
      0.0,
      0.0,
      0.0,
      0.0,
      0.0,
      0.0,
      0.0,
      0.0,
      0.0,
      0.0,
      0.0,
      0.0,
      0.0,
      0.0,
      0.0,
      0.0,
      0.0,
      0.0,
      0.0,
      0.0,
      0.0,
      0.0,
      0.0,
      0.0,
      0.0,
      0.0,
      0.0,
      0.0,
      0.0,
      0.0,
      0.0,
      0.0,
      0.0,
      0.0,
      0.0,
      0.0,
      0.0
    ]
  },
  "test_acc_fedavg": {
    "means": [
      0.48525,
      0.4795,
      0.53775,
      0.5385,
      0.53725,
      0.53625,
      0.538,
      0.53725,
      0.53625,
      0.543,
      0.54575,
      0.54025,
      0.53575,
      0.53775,
      0.535,
      0.53575,
      0.5335,
      0.533,
      0.53525,
      0.54025,
      0.537,
      0.5325,
      0.53175,
      0.53425,
      0.53225,
      0.52975,
      0.538,
      0.5385,
      0.53775,
      0.53425,
      0.535,
      0.53,
      0.52925,
      0.53525,
      0.535,
      0.53475,
      0.53725,
      0.53875,
      0.53725,
      0.52675,
      0.53775,
      0.53625,
      0.5335,
      0.53225,
      0.535,
      0.52325,
      0.52325,
      0.5245,
      0.524,
      0.52775,
      0.523,
      0.51675,
      0.52375,
      0.524,
      0.52425,
      0.52575,
      0.527,
      0.5305,
      0.53075,
      0.5185
    ],
    "stds": [
      0.0,
      0.0,
      0.0,
      0.0,
      0.0,
      0.0,
      0.0,
      0.0,
      0.0,
      0.0,
      0.0,
      0.0,
      0.0,
      0.0,
      0.0,
      0.0,
      0.0,
      0.0,
      0.0,
      0.0,
      0.0,
      0.0,
      0.0,
      0.0,
      0.0,
      0.0,
      0.0,
      0.0,
      0.0,
      0.0,
      0.0,
      0.0,
      0.0,
      0.0,
      0.0,
      0.0,
      0.0,
      0.0,
      0.0,
      0.0,
      0.0,
      0.0,
      0.0,
      0.0,
      0.0,
      0.0,
      0.0,
      0.0,
      0.0,
      0.0,
      0.0,
      0.0,
      0.0,
      0.0,
      0.0,
      0.0,
      0.0,
      0.0,
      0.0,
      0.0
    ]
  },
  "comm_floats_fedavg": {
    "means": [
      1020.0,
      2040.0,
      3060.0,
      4080.0,
      5100.0,
      6120.0,
      7140.0,
      8160.0,
      9180.0,
      10200.0,
      11220.0,
      12240.0,
      13260.0,
      14280.0,
      15300.0,
      16320.0,
      17340.0,
      18360.0,
      19380.0,
      20400.0,
      21420.0,
      22440.0,
      23460.0,
      24480.0,
      25500.0,
      26520.0,
      27540.0,
      28560.0,
      29580.0,
      30600.0,
      31620.0,
      32640.0,
      33660.0,
      34680.0,
      35700.0,
      36720.0,
      37740.0,
      38760.0,
      39780.0,
      40800.0,
      41820.0,
      42840.0,
      43860.0,
      44880.0,
      45900.0,
      46920.0,
      47940.0,
      48960.0,
      49980.0,
      51000.0,
      52020.0,
      53040.0,
      54060.0,
      55080.0,
      56100.0,
      57120.0,
      58140.0,
      59160.0,
      60180.0,
      61200.0
    ],
    "stds": [
      0.0,
      0.0,
      0.0,
      0.0,
      0.0,
      0.0,
      0.0,
      0.0,
      0.0,
      0.0,
      0.0,
      0.0,
      0.0,
      0.0,
      0.0,
      0.0,
      0.0,
      0.0,
      0.0,
      0.0,
      0.0,
      0.0,
      0.0,
      0.0,
      0.0,
      0.0,
      0.0,
      0.0,
      0.0,
      0.0,
      0.0,
      0.0,
      0.0,
      0.0,
      0.0,
      0.0,
      0.0,
      0.0,
      0.0,
      0.0,
      0.0,
      0.0,
      0.0,
      0.0,
      0.0,
      0.0,
      0.0,
      0.0,
      0.0,
      0.0,
      0.0,
      0.0,
      0.0,
      0.0,
      0.0,
      0.0,
      0.0,
      0.0,
      0.0,
      0.0
    ]
  },
  "robust_accuracy_at_rounds_fedavg": {
    "means": [
      0.543,
      0.53425,
      0.5185
    ],
    "stds": [
      0.0,
      0.0,
      0.0
    ]
  },
  "max_loss_spike_fedavg": {
    "means": [
      5.6741560198531635
    ],
    "stds": [
      0.0
    ]
  },
  "train_loss_sfedavg": {
    "means": [
      1.0612147111944763,
      1.0740528975638455,
      8.95523427977988,
      9.043750444732487,
      8.993087949687325,
      9.022226142546968,
      9.00011086281441,
      8.91943384213884,
      8.857633606679684,
      8.95174975265059,
      8.85799402066785,
      8.888105616960384,
      8.918790117182235,
      8.943938493948112,
      8.90011751050439,
      8.891791182743301,
      9.028064756952098,
      8.978597776836224,
      9.016274796645144,
      8.995275165071629,
      8.97911617030707,
      8.866346063922691,
      8.775487198899771,
      8.792306830615082,
      8.791044471182241,
      8.78771179894462,
      8.735130449446013,
      8.724071796606115,
      8.781749230040711,
      8.60005013387525,
      8.651200015429167,
      8.707742517899138,
      8.606557484067322,
      8.455550760674623,
      8.503622963447038,
      8.482118853978228,
      8.421650952373035,
      8.374761201136169,
      8.322292864397822,
      8.370274304384095,
      8.324545568280032,
      8.298473363477207,
      8.311353181481385,
      8.305248680334326,
      8.275157296365958,
      8.254161727199063,
      8.204597523921557,
      8.252250455451884,
      8.170311358609682,
      8.086294306446668,
      8.180339139822747,
      8.175395210931617,
      8.076104270029584,
      8.00699625834564,
      7.993856997971304,
      7.955334804716444,
      7.883126811183176,
      7.846566389590759,
      7.831463511677411,
      7.72792821447921
    ],
    "stds": [
      0.0,
      0.0,
      0.0,
      0.0,
      0.0,
      0.0,
      0.0,
      0.0,
      0.0,
      0.0,
      0.0,
      0.0,
      0.0,
      0.0,
      0.0,
      0.0,
      0.0,
      0.0,
      0.0,
      0.0,
      0.0,
      0.0,
      0.0,
      0.0,
      0.0,
      0.0,
      0.0,
      0.0,
      0.0,
      0.0,
      0.0,
      0.0,
      0.0,
      0.0,
      0.0,
      0.0,
      0.0,
      0.0,
      0.0,
      0.0,
      0.0,
      0.0,
      0.0,
      0.0,
      0.0,
      0.0,
      0.0,
      0.0,
      0.0,
      0.0,
      0.0,
      0.0,
      0.0,
      0.0,
      0.0,
      0.0,
      0.0,
      0.0,
      0.0,
      0.0
    ]
  },