{
  "train_loss": {
    "means": [
      2.275903751727498,
      2.2552812252225523,
      2.228036788299904,
      2.2008134424958223,
      2.1754725709364333,
      2.1530756326938656,
      2.12527639637518,
      2.1032610360143806,
      2.0742623318928075,
      2.0494559256850238,
      2.0224759591694865,
      1.994123040273069,
      1.9683397606722393,
      1.9380439987249152,
      1.911570891028261,
      1.892800749304799,
      1.8695820627436623,
      1.8456649092576771,
      1.8217672704771601,
      1.8038394185122397,
      1.7789797567150927,
      1.7584272722345704,
      1.734610238859563,
      1.7139712803843,
      1.6911148672439846,
      1.6698657852695913,
      1.6514648341467892,
      1.6283633811944862,
      1.6104795410281885,
      1.5949947390065682,
      1.5765475444708192,
      1.5592401258781448,
      1.5433746284041892,
      1.52941365396227,
      1.515082740622619,
      1.499562932949559,
      1.4864692262947699,
      1.4708504805204357,
      1.4584160919167335,
      1.4466217093207463,
      1.4348708069313962,
      1.420510525597147,
      1.4056456791489995,
      1.3946513230347526,
      1.3839454128939097,
      1.3754537945308376,
      1.3624462876714634,
      1.3499780548552538,
      1.3375364546997315,
      1.3262468858849377
    ],
    "stds": [
      0.0,
      0.0,
      0.0,
      0.0,
      0.0,
      0.0,
      0.0,
      0.0,
      0.0,
      0.0,
      0.0,
      0.0,
      0.0,
      0.0,
      0.0,
      0.0,
      0.0,
      0.0,
      0.0,
      0.0,
      0.0,
      0.0,
      0.0,
      0.0,
      0.0,
      0.0,
      0.0,
      0.0,
      0.0,
      0.0,
      0.0,
      0.0,
      0.0,
      0.0,
      0.0,
      0.0,
      0.0,
      0.0,
      0.0,
      0.0,
      0.0,
      0.0,
      0.0,
      0.0,
      0.0,
      0.0,
      0.0,
      0.0,
      0.0,
      0.0
    ]
  },
  "test_accuracy": {
    "means": [
      0.3505,
      0.4135,
      0.45,
      0.5045,
      0.503,
      0.525,
      0.548,
      0.565,
      0.574,
      0.59,
      0.596,
      0.6185,
      0.621,
      0.6375,
      0.6365,
      0.6415,
      0.65,
      0.6715,
      0.678,
      0.6825,
      0.694,
      0.7035,
      0.7025,
      0.707,
      0.712,
      0.7205,
      0.7135,
      0.722,
      0.722,
      0.725,
      0.729,
      0.732,
      0.736,
      0.7355,
      0.7415,
      0.7415,
      0.751,
      0.751,
      0.7615,
      0.759,
      0.7605,
      0.765,
      0.7675,
      0.7685,
      0.767,
      0.765,
      0.7695,
      0.7695,
      0.773,
      0.774
    ],
    "stds": [
      0.0,
      0.0,
      0.0,
      0.0,
      0.0,
      0.0,
      0.0,
      0.0,
      0.0,
      0.0,
      0.0,
      0.0,
      0.0,
      0.0,
      0.0,
      0.0,
      0.0,
      0.0,
      0.0,
      0.0,
      0.0,
      0.0,
      0.0,
      0.0,
      0.0,
      0.0,
      0.0,
      0.0,
      0.0,
      0.0,
      0.0,
      0.0,
      0.0,
      0.0,
      0.0,
      0.0,
      0.0,
      0.0,
      0.0,
      0.0,
      0.0,
      0.0,
      0.0,
      0.0,
      0.0,
      0.0,
      0.0,
      0.0,
      0.0,
      0.0
    ]
  },
  "uplink_floats": {
    "means": [
      480.0,
      960.0,
      1440.0,
      1920.0,
      2400.0,
      2880.0,
      3360.0,
      3840.0,
      4320.0,
      4800.0,
      5280.0,
      5760.0,
      6240.0,
      6720.0,
      7200.0,
      7680.0,
      8160.0,
      8640.0,
      9120.0,
      9600.0,
      10080.0,
      10560.0,
      11040.0,
      11520.0,
      12000.0,
      12480.0,
      12960.0,
      13440.0,
      13920.0,
      14400.0,
      14880.0,
      15360.0,
      15840.0,
      16320.0,
      16800.0,
      17280.0,
      17760.0,
      18240.0,
      18720.0,
      19200.0,
      19680.0,
      20160.0,
      20640.0,
      21120.0,
      21600.0,
      22080.0,
      22560.0,
      23040.0,
      23520.0,
      24000.0
    ],
    "stds": [
      0.0,
      0.0,
      0.0,
      0.0,
      0.0,
      0.0,
      0.0,
      0.0,
      0.0,
      0.0,
      0.0,
      0.0,
      0.0,
      0.0,
      0.0,
      0.0,
      0.0,
      0.0,
      0.0,
      0.0,
      0.0,
      0.0,
      0.0,
      0.0,
      0.0,
      0.0,
      0.0,
      0.0,
      0.0,
      0.0,
      0.0,
      0.0,
      0.0,
      0.0,
      0.0,
      0.0,
      0.0,
      0.0,
      0.0,
      0.0,
      0.0,
      0.0,
      0.0,
      0.0,
      0.0,
      0.0,
      0.0,
      0.0,
      0.0,
      0.0
    ]
  },
  "downlink_floats": {
    "means": [
      2640.0,
      5280.0,
      7920.0,
      10560.0,
      13200.0,
      15840.0,
      18480.0,
      21120.0,
      23760.0,
      26400.0,
      29040.0,
      31680.0,
      34320.0,
      36960.0,
      39600.0,
      42240.0,
      44880.0,
      47520.0,
      50160.0,
      52800.0,
      55440.0,
      58080.0,
      60720.0,
      63360.0,
      66000.0,
      68640.0,
      71280.0,
      73920.0,
      76560.0,
      79200.0,
      81840.0,
      84480.0,
      87120.0,
      89760.0,
      92400.0,
      95040.0,
      97680.0,
      100320.0,
      102960.0,
      105600.0,
      108240.0,
      110880.0,
      113520.0,
      116160.0,
      118800.0,
      121440.0,
      124080.0,
      126720.0,
      129360.0,
      132000.0
    ],
    "stds": [
      0.0,
      0.0,
      0.0,
      0.0,
      0.0,
      0.0,
      0.0,
      0.0,
      0.0,
      0.0,
      0.0,
      0.0,
      0.0,
      0.0,
      0.0,
      0.0,
      0.0,
      0.0,
      0.0,
      0.0,
      0.0,
      0.0,
      0.0,
      0.0,
      0.0,
      0.0,
      0.0,
      0.0,
      0.0,
      0.0,
      0.0,
      0.0,
      0.0,
      0.0,
      0.0,
      0.0,
      0.0,
      0.0,
      0.0,
      0.0,
      0.0,
      0.0,
      0.0,
      0.0,
      0.0,
      0.0,
      0.0,
      0.0,
      0.0,
      0.0
    ]
  },
  "total_floats": {
    "means": [
      3120.0,
      6240.0,
      9360.0,
      12480.0,
      15600.0,
      18720.0,
      21840.0,
      24960.0,
      28080.0,
      31200.0,
      34320.0,
      37440.0,
      40560.0,
      43680.0,
      46800.0,
      49920.0,
      53040.0,
      56160.0,
      59280.0,
      62400.0,
      65520.0,
      68640.0,
      71760.0,
      74880.0,
      78000.0,
      81120.0,
      84240.0,
      87360.0,
      90480.0,
      93600.0,
      96720.0,
      99840.0,
      102960.0,
      106080.0,
      109200.0,
      112320.0,
      115440.0,
      118560.0,
      121680.0,
      124800.0,
      127920.0,
      131040.0,
      134160.0,
      137280.0,
      140400.0,
      143520.0,
      146640.0,
      149760.0,
      152880.0,
      156000.0
    ],
    "stds": [
      0.0,
      0.0,
      0.0,
      0.0,
      0.0,
      0.0,
      0.0,
      0.0,
      0.0,
      0.0,
      0.0,
      0.0,
      0.0,
      0.0,
      0.0,
      0.0,
      0.0,
      0.0,
      0.0,
      0.0,
      0.0,
      0.0,
      0.0,
      0.0,
      0.0,
      0.0,
      0.0,
      0.0,
      0.0,
      0.0,
      0.0,
      0.0,
      0.0,
      0.0,
      0.0,
      0.0,
      0.0,
      0.0,
      0.0,
      0.0,
      0.0,
      0.0,
      0.0,
      0.0,
      0.0,
      0.0,
      0.0,
      0.0,
      0.0,
      0.0
    ]
  }
}