{
  "train_loss_fedavg": {
    "means": [
      1.2828281297598654,
      0.9087083854125789,
      0.7043239586979332,
      0.591132674747539,
      0.5188022207171049,
      0.4656565457925881,
      0.42559614683029506,
      0.39466039087389315,
      0.3670839724557489,
      0.3465826204792935,
      0.3256260346635452,
      0.3088657249685709,
      0.29503254011317315,
      0.2833867072603027,
      0.2730188297349826,
      0.26405335905593413,
      0.2568281316775158,
      0.24747727448190493,
      0.24093615954168757,
      0.23358760379668464,
      0.22766362483540978,
      0.22126813136190412,
      0.21679832097222387,
      0.21210438208366963,
      0.2081379937334501,
      0.20386185463150583,
      0.199341531517546,
      0.19675877595492516,
      0.19248412026646744,
      0.18912574149307287,
      0.185963168278472,
      0.18356855275844852,
      0.1801409037327572,
      0.17718861131934505,
      0.1743499897256521,
      0.17267796323914025,
      0.1701231749821166,
      0.16727769992271685,
      0.16551557826210778,
      0.1639150891487296,
      0.16201377665650446,
      0.1598090214049615,
      0.15794859664759445,
      0.1562784717078221,
      0.15482844237709362,
      0.15305950052754178,
      0.15158167780245857,
      0.15015586543876527,
      0.1484803339990716,
      0.1471282700746172
    ],
    "stds": [
      0.0,
      0.0,
      0.0,
      0.0,
      0.0,
      0.0,
      0.0,
      0.0,
      0.0,
      0.0,
      0.0,
      0.0,
      0.0,
      0.0,
      0.0,
      0.0,
      0.0,
      0.0,
      0.0,
      0.0,
      0.0,
      0.0,
      0.0,
      0.0,
      0.0,
      0.0,
      0.0,
      0.0,
      0.0,
      0.0,
      0.0,
      0.0,
      0.0,
      0.0,
      0.0,
      0.0,
      0.0,
      0.0,
      0.0,
      0.0,
      0.0,
      0.0,
      0.0,
      0.0,
      0.0,
      0.0,
      0.0,
      0.0,
      0.0,
      0.0
    ]
  },
  "train_loss_sfedavg": {
    "means": [
      1.216898330023213,
      0.8152184137984061,
      0.6293976683714813,
      0.5397950292245719,
      0.4602687092948789,
      0.41648095017067854,
      0.36887409189806264,
      0.3278526946771709,
      0.30531043012540077,
      0.27830353061085356,
      0.261033122682493,
      0.24911974979549842,
      0.23664278101187985,
      0.22650155923926513,
      0.21715231725214013,
      0.21188400903686716,
      0.2025923186773205,
      0.19290947497565522,
      0.18813966742347177,
      0.18317398749460354,
      0.17923721557286507,
      0.17478483812091833,
      0.17188381322216603,
      0.16830093134407695,
      0.16518830028142167,
      0.1620094974065231,
      0.15925746210439487,
      0.15701280693194355,
      0.15504010827317236,
      0.15363942119715518,
      0.15265689432175564,
      0.14957088474253843,
      0.14756900470638748,
      0.14496752980712665,
      0.14186580378889746,
      0.13969400594006884,
      0.13859698409905355,
      0.1368381869100528,
      0.13478927028983156,
      0.13397969179346844,
      0.13347644362667205,
      0.1309165235446393,
      0.13024061993028593,
      0.1295003955692245,
      0.12823400232127627,
      0.12681703147811962,
      0.12479137161509256,
      0.12367140040745007,
      0.12203006188006327,
      0.12116810916327965
    ],
    "stds": [
      0.0,
      0.0,
      0.0,
      0.0,
      0.0,
      0.0,
      0.0,
      0.0,
      0.0,
      0.0,
      0.0,
      0.0,
      0.0,
      0.0,
      0.0,
      0.0,
      0.0,
      0.0,
      0.0,
      0.0,
      0.0,
      0.0,
      0.0,
      0.0,
      0.0,
      0.0,
      0.0,
      0.0,
      0.0,
      0.0,
      0.0,
      0.0,
      0.0,
      0.0,
      0.0,
      0.0,
      0.0,
      0.0,
      0.0,
      0.0,
      0.0,
      0.0,
      0.0,
      0.0,
      0.0,
      0.0,
      0.0,
      0.0,
      0.0,
      0.0
    ]
  },
  "test_acc_fedavg": {
    "means": [
      0.8833333333333333,
      0.8972222222222223,
      0.9138888888888889,
      0.9277777777777778,
      0.9277777777777778,
      0.9305555555555556,
      0.9361111111111111,
      0.9388888888888889,
      0.95,
      0.95,
      0.95,
      0.9472222222222222,
      0.95,
      0.9472222222222222,
      0.95,
      0.9555555555555556,
      0.9555555555555556,
      0.9527777777777777,
      0.9527777777777777,
      0.9555555555555556,
      0.9555555555555556,
      0.9583333333333334,
      0.9583333333333334,
      0.9583333333333334,
      0.9527777777777777,
      0.9527777777777777,
      0.9527777777777777,
      0.9527777777777777,
      0.9527777777777777,
      0.9527777777777777,
      0.95,
      0.95,
      0.95,
      0.9555555555555556,
      0.9583333333333334,
      0.9555555555555556,
      0.9555555555555556,
      0.9555555555555556,
      0.9555555555555556,
      0.9555555555555556,
      0.9583333333333334,
      0.9555555555555556,
      0.9555555555555556,
      0.9555555555555556,
      0.9555555555555556,
      0.9583333333333334,
      0.9583333333333334,
      0.9583333333333334,
      0.9555555555555556,
      0.9583333333333334
    ],
    "stds": [
      0.0,
      0.0,
      0.0,
      0.0,
      0.0,
      0.0,
      0.0,
      0.0,
      0.0,
      0.0,
      0.0,
      0.0,
      0.0,
      0.0,
      0.0,
      0.0,
      0.0,
      0.0,
      0.0,
      0.0,
      0.0,
      0.0,
      0.0,
      0.0,
      0.0,
      0.0,
      0.0,
      0.0,
      0.0,
      0.0,
      0.0,
      0.0,
      0.0,
      0.0,
      0.0,
      0.0,
      0.0,
      0.0,
      0.0,
      0.0,
      0.0,
      0.0,
      0.0,
      0.0,
      0.0,
      0.0,
      0.0,
      0.0,
      0.0,
      0.0
    ]
  },
  "test_acc_sfedavg": {
    "means": [
      0.75,
      0.8194444444444444,
      0.8638888888888889,
      0.8888888888888888,
      0.9027777777777778,
      0.9138888888888889,
      0.9222222222222223,
      0.9416666666666667,
      0.9472222222222222,
      0.9416666666666667,
      0.9472222222222222,
      0.95,
      0.9444444444444444,
      0.9444444444444444,
      0.9444444444444444,
      0.9416666666666667,
      0.9416666666666667,
      0.9416666666666667,
      0.9416666666666667,
      0.9444444444444444,
      0.9444444444444444,
      0.95,
      0.9527777777777777,
      0.95,
      0.9555555555555556,
      0.9527777777777777,
      0.9555555555555556,
      0.9555555555555556,
      0.9527777777777777,
      0.9527777777777777,
      0.9583333333333334,
      0.9611111111111111,
      0.9611111111111111,
      0.9583333333333334,
      0.9666666666666667,
      0.9611111111111111,
      0.9638888888888889,
      0.9611111111111111,
      0.9638888888888889,
      0.9638888888888889,
      0.9666666666666667,
      0.9694444444444444,
      0.9694444444444444,
      0.9694444444444444,
      0.9666666666666667,
      0.9666666666666667,
      0.9638888888888889,
      0.9638888888888889,
      0.9638888888888889,
      0.9722222222222222
    ],
    "stds": [
      0.0,
      0.0,
      0.0,
      0.0,
      0.0,
      0.0,
      0.0,
      0.0,
      0.0,
      0.0,
      0.0,
      0.0,
      0.0,
      0.0,
      0.0,
      0.0,
      0.0,
      0.0,
      0.0,
      0.0,
      0.0,
      0.0,
      0.0,
      0.0,
      0.0,
      0.0,
      0.0,
      0.0,
      0.0,
      0.0,
      0.0,
      0.0,
      0.0,
      0.0,
      0.0,
      0.0,
      0.0,
      0.0,
      0.0,
      0.0,
      0.0,
      0.0,
      0.0,
      0.0,
      0.0,
      0.0,
      0.0,
      0.0,
      0.0,
      0.0
    ]
  },