{
  "train_loss": {
    "means": [
      2.30087240395855,
      2.2978369602229356,
      2.2959543596283396,
      2.292187767474685,
      2.28779079757306,
      2.287049536749257,
      2.2854792574512333,
      2.2839868980795766,
      2.280568469358927,
      2.2777835459187905,
      2.275571919431492,
      2.274173389228931,
      2.271873957137503,
      2.269363341080012,
      2.267923586182636,
      2.2652967256588625,
      2.262052819906291,
      2.2615124224276433,
      2.259764441331768,
      2.2563672158717765,
      2.2497164003168675,
      2.2477250010672387,
      2.246139743844036,
      2.2432968501682526,
      2.2408862138661036,
      2.2379441197988066,
      2.23613619537723,
      2.234335165182361,
      2.232881210274588,
      2.2287029868196933,
      2.2280017589853003,
      2.2246281665275376,
      2.223416076816187,
      2.2226453830916206,
      2.2214621969396138,
      2.219119557943452,
      2.215493799783477,
      2.2137901475246182,
      2.212396591321632,
      2.210685447637369,
      2.207036919238271,
      2.20174969412581,
      2.1972133897092996,
      2.19588288960559,
      2.1939762210953426,
      2.191645533531846,
      2.189622963889116,
      2.187055296797919,
      2.184833511237488,
      2.182207675606507
    ],
    "stds": [
      0.0,
      0.0,
      0.0,
      0.0,
      0.0,
      0.0,
      0.0,
      0.0,
      0.0,
      0.0,
      0.0,
      0.0,
      0.0,
      0.0,
      0.0,
      0.0,
      0.0,
      0.0,
      0.0,
      0.0,
      0.0,
      0.0,
      0.0,
      0.0,
      0.0,
      0.0,
      0.0,
      0.0,
      0.0,
      0.0,
      0.0,
      0.0,
      0.0,
      0.0,
      0.0,
      0.0,
      0.0,
      0.0,
      0.0,
      0.0,
      0.0,
      0.0,
      0.0,
      0.0,
      0.0,
      0.0,
      0.0,
      0.0,
      0.0,
      0.0
    ]
  },
  "test_accuracy": {
    "means": [
      0.1295,
      0.1715,
      0.18,
      0.1885,
      0.2245,
      0.229,
      0.2235,
      0.237,
      0.24,
      0.257,
      0.271,
      0.272,
      0.2805,
      0.284,
      0.2885,
      0.2945,
      0.2975,
      0.3005,
      0.309,
      0.319,
      0.3395,
      0.351,
      0.354,
      0.3585,
      0.369,
      0.3635,
      0.363,
      0.375,
      0.376,
      0.376,
      0.3825,
      0.3935,
      0.395,
      0.397,
      0.401,
      0.3965,
      0.394,
      0.4,
      0.4095,
      0.41,
      0.4105,
      0.4215,
      0.4175,
      0.422,
      0.4255,
      0.4285,
      0.433,
      0.436,
      0.4395,
      0.4425
    ],
    "stds": [
      0.0,
      0.0,
      0.0,
      0.0,
      0.0,
      0.0,
      0.0,
      0.0,
      0.0,
      0.0,
      0.0,
      0.0,
      0.0,
      0.0,
      0.0,
      0.0,
      0.0,
      0.0,
      0.0,
      0.0,
      0.0,
      0.0,
      0.0,
      0.0,
      0.0,
      0.0,
      0.0,
      0.0,
      0.0,
      0.0,
      0.0,
      0.0,
      0.0,
      0.0,
      0.0,
      0.0,
      0.0,
      0.0,
      0.0,
      0.0,
      0.0,
      0.0,
      0.0,
      0.0,
      0.0,
      0.0,
      0.0,
      0.0,
      0.0,
      0.0
    ]
  },
  "uplink_floats": {
    "means": [
      40.0,
      80.0,
      120.0,
      160.0,
      200.0,
      240.0,
      280.0,
      320.0,
      360.0,
      400.0,
      440.0,
      480.0,
      520.0,
      560.0,
      600.0,
      640.0,
      680.0,
      720.0,
      760.0,
      800.0,
      840.0,
      880.0,
      920.0,
      960.0,
      1000.0,
      1040.0,
      1080.0,
      1120.0,
      1160.0,
      1200.0,
      1240.0,
      1280.0,
      1320.0,
      1360.0,
      1400.0,
      1440.0,
      1480.0,
      1520.0,
      1560.0,
      1600.0,
      1640.0,
      1680.0,
      1720.0,
      1760.0,
      1800.0,
      1840.0,
      1880.0,
      1920.0,
      1960.0,
      2000.0
    ],
    "stds": [
      0.0,
      0.0,
      0.0,
      0.0,
      0.0,
      0.0,
      0.0,
      0.0,
      0.0,
      0.0,
      0.0,
      0.0,
      0.0,
      0.0,
      0.0,
      0.0,
      0.0,
      0.0,
      0.0,
      0.0,
      0.0,
      0.0,
      0.0,
      0.0,
      0.0,
      0.0,
      0.0,
      0.0,
      0.0,
      0.0,
      0.0,
      0.0,
      0.0,
      0.0,
      0.0,
      0.0,
      0.0,
      0.0,
      0.0,
      0.0,
      0.0,
      0.0,
      0.0,
      0.0,
      0.0,
      0.0,
      0.0,
      0.0,
      0.0,
      0.0
    ]
  },
  "downlink_floats": {
    "means": [
      1320.0,
      2640.0,
      3960.0,
      5280.0,
      6600.0,
      7920.0,
      9240.0,
      10560.0,
      11880.0,
      13200.0,
      14520.0,
      15840.0,
      17160.0,
      18480.0,
      19800.0,
      21120.0,
      22440.0,
      23760.0,
      25080.0,
      26400.0,
      27720.0,
      29040.0,
      30360.0,
      31680.0,
      33000.0,
      34320.0,
      35640.0,
      36960.0,
      38280.0,
      39600.0,
      40920.0,
      42240.0,
      43560.0,
      44880.0,
      46200.0,
      47520.0,
      48840.0,
      50160.0,
      51480.0,
      52800.0,
      54120.0,
      55440.0,
      56760.0,
      58080.0,
      59400.0,
      60720.0,
      62040.0,
      63360.0,
      64680.0,
      66000.0
    ],
    "stds": [
      0.0,
      0.0,
      0.0,
      0.0,
      0.0,
      0.0,
      0.0,
      0.0,
      0.0,
      0.0,
      0.0,
      0.0,
      0.0,
      0.0,
      0.0,
      0.0,
      0.0,
      0.0,
      0.0,
      0.0,
      0.0,
      0.0,
      0.0,
      0.0,
      0.0,
      0.0,
      0.0,
      0.0,
      0.0,
      0.0,
      0.0,
      0.0,
      0.0,
      0.0,
      0.0,
      0.0,
      0.0,
      0.0,
      0.0,
      0.0,
      0.0,
      0.0,
      0.0,
      0.0,
      0.0,
      0.0,
      0.0,
      0.0,
      0.0,
      0.0
    ]
  },
  "total_floats": {
    "means": [
      1360.0,
      2720.0,
      4080.0,
      5440.0,
      6800.0,
      8160.0,
      9520.0,
      10880.0,
      12240.0,
      13600.0,
      14960.0,
      16320.0,
      17680.0,
      19040.0,
      20400.0,
      21760.0,
      23120.0,
      24480.0,
      25840.0,
      27200.0,
      28560.0,
      29920.0,
      31280.0,
      32640.0,
      34000.0,
      35360.0,
      36720.0,
      38080.0,
      39440.0,
      40800.0,
      42160.0,
      43520.0,
      44880.0,
      46240.0,
      47600.0,
      48960.0,
      50320.0,
      51680.0,
      53040.0,
      54400.0,
      55760.0,
      57120.0,
      58480.0,
      59840.0,
      61200.0,
      62560.0,
      63920.0,
      65280.0,
      66640.0,
      68000.0
    ],
    "stds": [
      0.0,
      0.0,
      0.0,
      0.0,
      0.0,
      0.0,
      0.0,
      0.0,
      0.0,
      0.0,
      0.0,
      0.0,
      0.0,
      0.0,
      0.0,
      0.0,
      0.0,
      0.0,
      0.0,
      0.0,
      0.0,
      0.0,
      0.0,
      0.0,
      0.0,
      0.0,
      0.0,
      0.0,
      0.0,
      0.0,
      0.0,
      0.0,
      0.0,
      0.0,
      0.0,
      0.0,
      0.0,
      0.0,
      0.0,
      0.0,
      0.0,
      0.0,
      0.0,
      0.0,
      0.0,
      0.0,
      0.0,
      0.0,
      0.0,
      0.0
    ]
  }
}