{
  "train_loss_fedavg": {
    "means": [
      1.5821818983645015,
      1.177431534477444,
      0.9451066628382659,
      0.7948753769233722,
      0.694249104065279,
      0.6205459117577845,
      0.5650847336840348,
      0.5212475238885028,
      0.48402137698831427,
      0.45256086759067626,
      0.42526426827895464,
      0.4036455443408863,
      0.3845960554151136,
      0.3683545222044483,
      0.35303627870533005,
      0.3397289679506522,
      0.32765908956681755,
      0.31678025406358945,
      0.30744656912838686,
      0.29847724622047334,
      0.28981149762054575,
      0.2819589114805214,
      0.27527319222804764,
      0.2689534732413559,
      0.26253261512384635,
      0.25646402489612163,
      0.2508158054269154,
      0.24590536418489245,
      0.24121363955851788,
      0.23671595021341554
    ],
    "stds": [
      0.0,
      0.0,
      0.0,
      0.0,
      0.0,
      0.0,
      0.0,
      0.0,
      0.0,
      0.0,
      0.0,
      0.0,
      0.0,
      0.0,
      0.0,
      0.0,
      0.0,
      0.0,
      0.0,
      0.0,
      0.0,
      0.0,
      0.0,
      0.0,
      0.0,
      0.0,
      0.0,
      0.0,
      0.0,
      0.0
    ]
  },
  "test_acc_fedavg": {
    "means": [
      0.8611111111111112,
      0.8833333333333333,
      0.8888888888888888,
      0.8944444444444445,
      0.9083333333333333,
      0.9138888888888889,
      0.9138888888888889,
      0.9111111111111111,
      0.9194444444444444,
      0.925,
      0.925,
      0.925,
      0.925,
      0.9305555555555556,
      0.9277777777777778,
      0.9277777777777778,
      0.9305555555555556,
      0.9277777777777778,
      0.9305555555555556,
      0.9333333333333333,
      0.9333333333333333,
      0.9333333333333333,
      0.9333333333333333,
      0.9333333333333333,
      0.9333333333333333,
      0.9361111111111111,
      0.9333333333333333,
      0.9333333333333333,
      0.9333333333333333,
      0.9361111111111111
    ],
    "stds": [
      0.0,
      0.0,
      0.0,
      0.0,
      0.0,
      0.0,
      0.0,
      0.0,
      0.0,
      0.0,
      0.0,
      0.0,
      0.0,
      0.0,
      0.0,
      0.0,
      0.0,
      0.0,
      0.0,
      0.0,
      0.0,
      0.0,
      0.0,
      0.0,
      0.0,
      0.0,
      0.0,
      0.0,
      0.0,
      0.0
    ]
  },
  "comm_cost_fedavg": {
    "means": [
      32000.0,
      64000.0,
      96000.0,
      128000.0,
      160000.0,
      192000.0,
      224000.0,
      256000.0,
      288000.0,
      320000.0,
      352000.0,
      384000.0,
      416000.0,
      448000.0,
      480000.0,
      512000.0,
      544000.0,
      576000.0,
      608000.0,
      640000.0,
      672000.0,
      704000.0,
      736000.0,
      768000.0,
      800000.0,
      832000.0,
      864000.0,
      896000.0,
      928000.0,
      960000.0
    ],
    "stds": [
      0.0,
      0.0,
      0.0,
      0.0,
      0.0,
      0.0,
      0.0,
      0.0,
      0.0,
      0.0,
      0.0,
      0.0,
      0.0,
      0.0,
      0.0,
      0.0,
      0.0,
      0.0,
      0.0,
      0.0,
      0.0,
      0.0,
      0.0,
      0.0,
      0.0,
      0.0,
      0.0,
      0.0,
      0.0,
      0.0
    ]
  },
  "effective_update_dims_fedavg": {
    "means": [
      16000.0,
      32000.0,
      48000.0,
      64000.0,
      80000.0,
      96000.0,
      112000.0,
      128000.0,
      144000.0,
      160000.0,
      176000.0,
      192000.0,
      208000.0,
      224000.0,
      240000.0,
      256000.0,
      272000.0,
      288000.0,
      304000.0,
      320000.0,
      336000.0,
      352000.0,
      368000.0,
      384000.0,
      400000.0,
      416000.0,
      432000.0,
      448000.0,
      464000.0,
      480000.0
    ],
    "stds": [
      0.0,
      0.0,
      0.0,
      0.0,
      0.0,
      0.0,
      0.0,
      0.0,
      0.0,
      0.0,
      0.0,
      0.0,
      0.0,
      0.0,
      0.0,
      0.0,
      0.0,
      0.0,
      0.0,
      0.0,
      0.0,
      0.0,
      0.0,
      0.0,
      0.0,
      0.0,
      0.0,
      0.0,
      0.0,
      0.0
    ]
  },
  "train_loss_sfedavg": {
    "means": [
      2.039771156592541,
      1.7603930179348013,
      1.5845302165712236,
      1.4336557857759646,
      1.293812366710431,
      1.1615769913848748,
      1.0766967657200088,
      0.9997445150047977,
      0.9324861254513641,
      0.8758932176720812,
      0.8289476276225267,
      0.7927051539778487,
      0.7531212746920336,
      0.7213286763363048,
      0.6947113649650098,
      0.6646118540393913,
      0.6389177534577013,
      0.6170146970949215,
      0.5951994467100393,
      0.5758456946546172,
      0.5581708521344377,
      0.5398617269513178,
      0.5260051144901443,
      0.5114057187715402,
      0.49865522275037605,
      0.4859941865441929,
      0.4733275147304127,
      0.46223192937655405,
      0.452251673175091,
      0.4432782442585624
    ],
    "stds": [
      0.0,
      0.0,
      0.0,
      0.0,
      0.0,
      0.0,
      0.0,
      0.0,
      0.0,
      0.0,
      0.0,
      0.0,
      0.0,
      0.0,
      0.0,
      0.0,
      0.0,
      0.0,
      0.0,
      0.0,
      0.0,
      0.0,
      0.0,
      0.0,
      0.0,
      0.0,
      0.0,
      0.0,
      0.0,
      0.0
    ]
  },
  "test_acc_sfedavg": {
    "means": [
      0.7472222222222222,
      0.7944444444444444,
      0.8222222222222222,
      0.8361111111111111,
      0.8666666666666667,
      0.8638888888888889,
      0.8666666666666667,
      0.875,
      0.8916666666666667,
      0.9055555555555556,
      0.9111111111111111,
      0.9111111111111111,
      0.9083333333333333,
      0.9138888888888889,
      0.9166666666666666,
      0.9194444444444444,
      0.9194444444444444,
      0.9166666666666666,
      0.9194444444444444,
      0.9194444444444444,
      0.9222222222222223,
      0.9222222222222223,
      0.9222222222222223,
      0.9194444444444444,
      0.9222222222222223,
      0.925,
      0.925,
      0.925,
      0.925,
      0.9277777777777778
    ],
    "stds": [
      0.0,
      0.0,
      0.0,
      0.0,
      0.0,
      0.0,
      0.0,
      0.0,
      0.0,
      0.0,
      0.0,
      0.0,
      0.0,
      0.0,
      0.0,
      0.0,
      0.0,
      0.0,
      0.0,
      0.0,
      0.0,
      0.0,
      0.0,
      0.0,
      0.0,
      0.0,
      0.0,
      0.0,
      0.0,
      0.0
    ]
  },
  "comm_cost_sfedavg": {
    "means": [
      67200.0,
      134400.0,
      201600.0,
      268800.0,
      336000.0,
      403200.0,
      470400.0,
      537600.0,
      604800.0,
      672000.0,
      739200.0,
      806400.0,
      873600.0,
      940800.0,
      1008000.0,
      1075200.0,
      1142400.0,
      1209600.0,
      1276800.0,
      1344000.0,
      1411200.0,
      1478400.0,
      1545600.0,
      1612800.0,
      1680000.0,
      1747200.0,
      1814400.0,
      1881600.0,
      1948800.0,
      2016000.0
    ],
    "stds": [
      0.0,
      0.0,
      0.0,
      0.0,
      0.0,
      0.0,
      0.0,
      0.0,
      0.0,
      0.0,
      0.0,
      0.0,
      0.0,
      0.0,
      0.0,
      0.0,
      0.0,
      0.0,
      0.0,
      0.0,
      0.0,
      0.0,
      0.0,
      0.0,
      0.0,
      0.0,
      0.0,
      0.0,
      0.0,
      0.0
    ]
  },
  "effective_update_dims_sfedavg": {
    "means": [
      5500.0,
      11000.0,
      16500.0,
      22000.0,
      27500.0,
      33000.0,
      38500.0,
      44000.0,
      49500.0,
      55000.0,
      60500.0,
      66000.0,
      71500.0,
      77000.0,
      82500.0,
      88000.0,
      93500.0,
      99000.0,
      104500.0,
      110000.0,
      115500.0,
      121000.0,
      126500.0,
      132000.0,
      137500.0,
      143000.0,
      148500.0,
      154000.0,
      159500.0,
      165000.0
    ],