{
  "train_loss_fedavg": {
    "means": [
      0.7929842985918726,
      0.7517351511475359,
      0.7149605381617282,
      0.680652869666316,
      0.6500392359392787,
      0.6208335461803735,
      0.5942867830009296,
      0.5701989774516166,
      0.5474599780239654,
      0.5274167374206337,
      0.5086296857992713,
      0.49240958924219597,
      0.4767438610034662,
      0.4626151708882133,
      0.45032783203354176,
      0.4387587260863271,
      0.4280403889799995,
      0.41808330211529904,
      0.4091199708262256,
      0.400361964287219,
      0.39260547089792924,
      0.38518740767622,
      0.37851758366110466,
      0.3723308731679227,
      0.3664564573571587,
      0.3610354728395922,
      0.35583584655078554,
      0.3509130269456195,
      0.34625984769868473,
      0.3418778684265201
    ],
    "stds": [
      0.0,
      0.0,
      0.0,
      0.0,
      0.0,
      0.0,
      0.0,
      0.0,
      0.0,
      0.0,
      0.0,
      0.0,
      0.0,
      0.0,
      0.0,
      0.0,
      0.0,
      0.0,
      0.0,
      0.0,
      0.0,
      0.0,
      0.0,
      0.0,
      0.0,
      0.0,
      0.0,
      0.0,
      0.0,
      0.0
    ]
  },
  "test_acc_fedavg": {
    "means": [
      0.565225,
      0.584825,
      0.605475,
      0.6258,
      0.645025,
      0.664375,
      0.6843,
      0.703075,
      0.72085,
      0.73685,
      0.753425,
      0.76765,
      0.7808,
      0.79285,
      0.803775,
      0.8147,
      0.8247,
      0.833325,
      0.84105,
      0.848575,
      0.854925,
      0.8607,
      0.865775,
      0.871275,
      0.875825,
      0.879825,
      0.8843,
      0.88785,
      0.891425,
      0.894075
    ],
    "stds": [
      0.0,
      0.0,
      0.0,
      0.0,
      0.0,
      0.0,
      0.0,
      0.0,
      0.0,
      0.0,
      0.0,
      0.0,
      0.0,
      0.0,
      0.0,
      0.0,
      0.0,
      0.0,
      0.0,
      0.0,
      0.0,
      0.0,
      0.0,
      0.0,
      0.0,
      0.0,
      0.0,
      0.0,
      0.0,
      0.0
    ]
  },
  "comm_floats_fedavg": {
    "means": [
      16080.0,
      32160.0,
      48240.0,
      64320.0,
      80400.0,
      96480.0,
      112560.0,
      128640.0,
      144720.0,
      160800.0,
      176880.0,
      192960.0,
      209040.0,
      225120.0,
      241200.0,
      257280.0,
      273360.0,
      289440.0,
      305520.0,
      321600.0,
      337680.0,
      353760.0,
      369840.0,
      385920.0,
      402000.0,
      418080.0,
      434160.0,
      450240.0,
      466320.0,
      482400.0
    ],
    "stds": [
      0.0,
      0.0,
      0.0,
      0.0,
      0.0,
      0.0,
      0.0,
      0.0,
      0.0,
      0.0,
      0.0,
      0.0,
      0.0,
      0.0,
      0.0,
      0.0,
      0.0,
      0.0,
      0.0,
      0.0,
      0.0,
      0.0,
      0.0,
      0.0,
      0.0,
      0.0,
      0.0,
      0.0,
      0.0,
      0.0
    ]
  },
  "comm_per_0.8_acc_fedavg": {
    "means": [
      241200.0
    ],
    "stds": [
      0.0
    ]
  },
  "rounds_to_target_loss_fedavg": {
    "means": [
      12
    ],
    "stds": [
      0.0
    ]
  },
  "train_loss_sfedavg": {
    "means": [
      0.8279150759875602,
      0.8093748354221779,
      0.7995863289777392,
      0.7866973007331906,
      0.7729089223326177,
      0.7584962477249562,
      0.7414307062248877,
      0.7283256520378399,
      0.7176730781119022,
      0.7054733551951342,
      0.6853143265486519,
      0.6773383145831946,
      0.6649777930913142,
      0.6512861710909947,
      0.6438690878698268,
      0.6328572665159754,
      0.6213716181162859,
      0.6136682287984554,
      0.6018281565418362,
      0.5917266749915471,
      0.5825505209540965,
      0.5729686468016306,
      0.5692126731193271,
      0.5607436567779951,
      0.5534010694207425,
      0.5471886859494189,
      0.5376349708530612,
      0.5291735282467769,
      0.5221453633329837,
      0.5160620584927984
    ],
    "stds": [
      0.0,
      0.0,
      0.0,
      0.0,
      0.0,
      0.0,
      0.0,
      0.0,
      0.0,
      0.0,
      0.0,
      0.0,
      0.0,
      0.0,
      0.0,
      0.0,
      0.0,
      0.0,
      0.0,
      0.0,
      0.0,
      0.0,
      0.0,
      0.0,
      0.0,
      0.0,
      0.0,
      0.0,
      0.0,
      0.0
    ]
  },
  "test_acc_sfedavg": {
    "means": [
      0.549225,
      0.5569,
      0.56305,
      0.570425,
      0.576925,
      0.584175,
      0.5934,
      0.600325,
      0.606875,
      0.61385,
      0.6262,
      0.630075,
      0.6388,
      0.647175,
      0.652425,
      0.65895,
      0.665825,
      0.670675,
      0.679525,
      0.6853,
      0.692375,
      0.6993,
      0.701675,
      0.708525,
      0.7145,
      0.7196,
      0.725975,
      0.73215,
      0.738425,
      0.743425
    ],
    "stds": [
      0.0,
      0.0,
      0.0,
      0.0,
      0.0,
      0.0,
      0.0,
      0.0,
      0.0,
      0.0,
      0.0,
      0.0,
      0.0,
      0.0,
      0.0,
      0.0,
      0.0,
      0.0,
      0.0,
      0.0,
      0.0,
      0.0,
      0.0,
      0.0,
      0.0,
      0.0,
      0.0,
      0.0,
      0.0,
      0.0
    ]
  },
  "comm_floats_sfedavg": {
    "means": [
      1632120.0,
      3264240.0,
      4896360.0,
      6528480.0,
      8160600.0,
      9792720.0,
      11424840.0,
      13056960.0,
      14689080.0,
      16321200.0,
      17953320.0,
      19585440.0,
      21217560.0,
      22849680.0,
      24481800.0,
      26113920.0,
      27746040.0,
      29378160.0,
      31010280.0,
      32642400.0,
      34274520.0,
      35906640.0,
      37538760.0,
      39170880.0,
      40803000.0,
      42435120.0,
      44067240.0,
      45699360.0,
      47331480.0,
      48963600.0
    ],
    "stds": [
      0.0,
      0.0,
      0.0,
      0.0,
      0.0,
      0.0,
      0.0,
      0.0,
      0.0,
      0.0,
      0.0,
      0.0,
      0.0,
      0.0,
      0.0,
      0.0,
      0.0,
      0.0,
      0.0,
      0.0,
      0.0,
      0.0,
      0.0,
      0.0,
      0.0,
      0.0,
      0.0,
      0.0,
      0.0,
      0.0
    ]
  }
}