{
  "train_loss": {
    "means": [
      0.9203616736614998,
      0.6149610775511207,
      0.5454234211558869,
      0.47951632887604745,
      0.4378034493052712,
      0.4096301705070512,
      0.38231544120392713,
      0.36614612239588623,
      0.34693592768357123,
      0.3362230135501797,
      0.3219046211856194,
      0.3141720549264415,
      0.303010758238103,
      0.29709660145781824,
      0.28809157191700674,
      0.2833732852992854,
      0.27591035324914737,
      0.2720229804588607,
      0.265704917740011,
      0.26241992002520464,
      0.2569783115754981,
      0.25414508927182455,
      0.24939180957297302,
      0.24690697657047045,
      0.24270604755972644,
      0.2404961941086544,
      0.23674671442938114,
      0.23475821554520812,
      0.23138359784615822,
      0.22957632075308665,
      0.2265172757455609,
      0.22486055018927079,
      0.2220703782901596,
      0.2205403338427712,
      0.21798168385846625,
      0.2165594418883162,
      0.21420202881148195,
      0.21287244501470431,
      0.21069141060736485,
      0.20944218165540335
    ],
    "stds": [
      0.0,
      0.0,
      0.0,
      0.0,
      0.0,
      0.0,
      0.0,
      0.0,
      0.0,
      0.0,
      0.0,
      0.0,
      0.0,
      0.0,
      0.0,
      0.0,
      0.0,
      0.0,
      0.0,
      0.0,
      0.0,
      0.0,
      0.0,
      0.0,
      0.0,
      0.0,
      0.0,
      0.0,
      0.0,
      0.0,
      0.0,
      0.0,
      0.0,
      0.0,
      0.0,
      0.0,
      0.0,
      0.0,
      0.0,
      0.0
    ]
  },
  "test_accuracy": {
    "means": [
      0.18,
      0.4425,
      0.4475,
      0.49125,
      0.515,
      0.5375,
      0.55625,
      0.57125,
      0.58,
      0.5925,
      0.5975,
      0.6075,
      0.61375,
      0.62125,
      0.62,
      0.63125,
      0.6275,
      0.63375,
      0.64,
      0.64375,
      0.645,
      0.655,
      0.65625,
      0.6575,
      0.65875,
      0.6625,
      0.66375,
      0.665,
      0.6675,
      0.66875,
      0.67,
      0.6725,
      0.67375,
      0.67625,
      0.6775,
      0.68,
      0.68,
      0.68125,
      0.68375,
      0.685
    ],
    "stds": [
      0.0,
      0.0,
      0.0,
      0.0,
      0.0,
      0.0,
      0.0,
      0.0,
      0.0,
      0.0,
      0.0,
      0.0,
      0.0,
      0.0,
      0.0,
      0.0,
      0.0,
      0.0,
      0.0,
      0.0,
      0.0,
      0.0,
      0.0,
      0.0,
      0.0,
      0.0,
      0.0,
      0.0,
      0.0,
      0.0,
      0.0,
      0.0,
      0.0,
      0.0,
      0.0,
      0.0,
      0.0,
      0.0,
      0.0,
      0.0
    ]
  },
  "cumulative_comm_floats": {
    "means": [
      660.0,
      1320.0,
      1980.0,
      2640.0,
      3300.0,
      3960.0,
      4620.0,
      5280.0,
      5940.0,
      6600.0,
      7260.0,
      7920.0,
      8580.0,
      9240.0,
      9900.0,
      10560.0,
      11220.0,
      11880.0,
      12540.0,
      13200.0,
      13860.0,
      14520.0,
      15180.0,
      15840.0,
      16500.0,
      17160.0,
      17820.0,
      18480.0,
      19140.0,
      19800.0,
      20460.0,
      21120.0,
      21780.0,
      22440.0,
      23100.0,
      23760.0,
      24420.0,
      25080.0,
      25740.0,
      26400.0
    ],
    "stds": [
      0.0,
      0.0,
      0.0,
      0.0,
      0.0,
      0.0,
      0.0,
      0.0,
      0.0,
      0.0,
      0.0,
      0.0,
      0.0,
      0.0,
      0.0,
      0.0,
      0.0,
      0.0,
      0.0,
      0.0,
      0.0,
      0.0,
      0.0,
      0.0,
      0.0,
      0.0,
      0.0,
      0.0,
      0.0,
      0.0,
      0.0,
      0.0,
      0.0,
      0.0,
      0.0,
      0.0,
      0.0,
      0.0,
      0.0,
      0.0
    ]
  },
  "update_norm": {
    "means": [
      0.42374005604829146,
      0.6747100306534721,
      0.3219421443019728,
      0.3276755466895377,
      0.25868182038942295,
      0.22387254182607885,
      0.2143797806876065,
      0.17693111873458683,
      0.18411555639141347,
      0.14998585738855477,
      0.16290793351923888,
      0.13247778865887722,
      0.14744059775753568,
      0.12019739061043735,
      0.1357207253216405,
      0.11111148363732948,
      0.12654659249383501,
      0.10411399820040436,
      0.11916844841943953,
      0.09855248374768426,
      0.11309980979237086,
      0.09401835095862819,
      0.10801321167166152,
      0.09024345150414942,
      0.10368096816836246,
      0.08704495703987776,
      0.09994024951853031,
      0.08429416562365688,
      0.0966717276453238,
      0.08189797673488046,
      0.09378607129286276,
      0.07978744003656031,
      0.09121514329306216,
      0.07791043129863519,
      0.08890610626191069,
      0.07622682764856034,
      0.08681738009921289,
      0.07470524582460293,
      0.08491580961869441,
      0.07332078582296504
    ],
    "stds": [
      0.0,
      0.0,
      0.0,
      0.0,
      0.0,
      0.0,
      0.0,
      0.0,
      0.0,
      0.0,
      0.0,
      0.0,
      0.0,
      0.0,
      0.0,
      0.0,
      0.0,
      0.0,
      0.0,
      0.0,
      0.0,
      0.0,
      0.0,
      0.0,
      0.0,
      0.0,
      0.0,
      0.0,
      0.0,
      0.0,
      0.0,
      0.0,
      0.0,
      0.0,
      0.0,
      0.0,
      0.0,
      0.0,
      0.0,
      0.0
    ]
  },
  "effective_subspace_dim": {
    "means": [
      0.0,
      0.0,
      0.0,
      0.0,
      0.0,
      0.0,
      0.0,
      0.0,
      0.0,
      0.0,
      0.0,
      0.0,
      0.0,
      0.0,
      0.0,
      0.0,
      0.0,
      0.0,
      0.0,
      0.0,
      0.0,
      0.0,
      0.0,
      0.0,
      0.0,
      0.0,
      0.0,
      0.0,
      0.0,
      0.0,
      0.0,
      0.0,
      0.0,
      0.0,
      0.0,
      0.0,
      0.0,
      0.0,
      0.0,
      0.0
    ],
    "stds": [
      0.0,
      0.0,
      0.0,
      0.0,
      0.0,
      0.0,
      0.0,
      0.0,
      0.0,
      0.0,
      0.0,
      0.0,
      0.0,
      0.0,
      0.0,
      0.0,
      0.0,
      0.0,
      0.0,
      0.0,
      0.0,
      0.0,
      0.0,
      0.0,
      0.0,
      0.0,
      0.0,
      0.0,
      0.0,
      0.0,
      0.0,
      0.0,
      0.0,
      0.0,
      0.0,
      0.0,
      0.0,
      0.0,
      0.0,
      0.0
    ]
  }
}