{
  "train_loss": {
    "means": [
      1.122467674476772,
      0.7048565211546395,
      0.5508318819652696,
      0.4675492988495989,
      0.40659871612718,
      0.3690808246197523,
      0.33545026575622466,
      0.3050643543376421,
      0.29033295470347475,
      0.2651187774410866,
      0.25037373601432195,
      0.23793639165785316,
      0.22624798849856545,
      0.21551413608143935,
      0.20327836352026032,
      0.19728319363169713,
      0.18861732625060518,
      0.18190778024188983,
      0.1757743922586587,
      0.1715385417033724,
      0.16701494110645623,
      0.1624776131602212,
      0.15750457964097547,
      0.15430849065981228,
      0.15022018248345176,
      0.1463666659960903,
      0.14427810243675382,
      0.1411581083084946,
      0.1377973503421587,
      0.13578883218183488
    ],
    "stds": [
      0.0,
      0.0,
      0.0,
      0.0,
      0.0,
      0.0,
      0.0,
      0.0,
      0.0,
      0.0,
      0.0,
      0.0,
      0.0,
      0.0,
      0.0,
      0.0,
      0.0,
      0.0,
      0.0,
      0.0,
      0.0,
      0.0,
      0.0,
      0.0,
      0.0,
      0.0,
      0.0,
      0.0,
      0.0,
      0.0
    ]
  },
  "test_loss": {
    "means": [
      1.1212653806974113,
      0.7291731953267796,
      0.5684108060208957,
      0.5072281227688893,
      0.4466746455438275,
      0.42212604265044984,
      0.3970270589770733,
      0.3678151379506572,
      0.3525243168715297,
      0.3257993780797054,
      0.31482039269055045,
      0.30588585769498805,
      0.2944337158084631,
      0.279289658078837,
      0.2701159023295053,
      0.2566497383616724,
      0.24926267028927324,
      0.24882269338593066,
      0.24892036286449748,
      0.24703711931852226,
      0.24063998891225513,
      0.23779509769241006,
      0.22923233834046697,
      0.22369587378362993,
      0.22145456094305704,
      0.21800437557570515,
      0.21308940809289034,
      0.21217533488094592,
      0.210295894810219,
      0.20521402781825024
    ],
    "stds": [
      0.0,
      0.0,
      0.0,
      0.0,
      0.0,
      0.0,
      0.0,
      0.0,
      0.0,
      0.0,
      0.0,
      0.0,
      0.0,
      0.0,
      0.0,
      0.0,
      0.0,
      0.0,
      0.0,
      0.0,
      0.0,
      0.0,
      0.0,
      0.0,
      0.0,
      0.0,
      0.0,
      0.0,
      0.0,
      0.0
    ]
  },
  "test_accuracy": {
    "means": [
      0.6944444444444444,
      0.8361111111111111,
      0.8611111111111112,
      0.8666666666666667,
      0.8916666666666667,
      0.8944444444444445,
      0.9083333333333333,
      0.9138888888888889,
      0.9111111111111111,
      0.9138888888888889,
      0.9277777777777778,
      0.9305555555555556,
      0.9361111111111111,
      0.9361111111111111,
      0.9388888888888889,
      0.9416666666666667,
      0.9444444444444444,
      0.9527777777777777,
      0.95,
      0.9555555555555556,
      0.95,
      0.95,
      0.9527777777777777,
      0.9555555555555556,
      0.9527777777777777,
      0.9527777777777777,
      0.95,
      0.9611111111111111,
      0.9527777777777777,
      0.9527777777777777
    ],
    "stds": [
      0.0,
      0.0,
      0.0,
      0.0,
      0.0,
      0.0,
      0.0,
      0.0,
      0.0,
      0.0,
      0.0,
      0.0,
      0.0,
      0.0,
      0.0,
      0.0,
      0.0,
      0.0,
      0.0,
      0.0,
      0.0,
      0.0,
      0.0,
      0.0,
      0.0,
      0.0,
      0.0,
      0.0,
      0.0,
      0.0
    ]
  },
  "communication_bytes": {
    "means": [
      3380000,
      6760000,
      10140000,
      13520000,
      16900000,
      20280000,
      23660000,
      27040000,
      30420000,
      33800000,
      37180000,
      40560000,
      43940000,
      47320000,
      50700000,
      54080000,
      57460000,
      60840000,
      64220000,
      67600000,
      70980000,
      74360000,
      77740000,
      81120000,
      84500000,
      87880000,
      91260000,
      94640000,
      98020000,
      101400000
    ],
    "stds": [
      0.0,
      0.0,
      0.0,
      0.0,
      0.0,
      0.0,
      0.0,
      0.0,
      0.0,
      0.0,
      0.0,
      0.0,
      0.0,
      0.0,
      0.0,
      0.0,
      0.0,
      0.0,
      0.0,
      0.0,
      0.0,
      0.0,
      0.0,
      0.0,
      0.0,
      0.0,
      0.0,
      0.0,
      0.0,
      0.0
    ]
  }
}