{
  "train_loss_FedAvg": {
    "means": [
      1.6316332852771551,
      1.2045406520144677,
      0.9726328066159659,
      0.8144329716434239,
      0.7032801108432367,
      0.617910393432847,
      0.556488421080643,
      0.5099992506305624,
      0.4718688204636312,
      0.44002529666464757,
      0.4125498510674031,
      0.38872773916402037,
      0.36794748652747156,
      0.3515793013873645,
      0.33592401561934354,
      0.32296760265007807,
      0.3101474187516249,
      0.29907079774351397,
      0.28941828776022027,
      0.2797230667007576,
      0.2712375327235797,
      0.26263076416076536,
      0.2554520775024563,
      0.24899073702624874,
      0.24315912637907883,
      0.23763046164423998,
      0.23241563995232883,
      0.22712497824518776,
      0.22285848468851413,
      0.21832888633612713,
      0.2139623896534563,
      0.2099461130172233,
      0.2058934616711711,
      0.2020724939308886,
      0.1982908805003378,
      0.19448394616097006,
      0.19101260569338074,
      0.18778199923687522,
      0.18474958888566645,
      0.1822363312053226,
      0.17936257625774552,
      0.17749847545782035,
      0.17473590847681006,
      0.17206652135140268,
      0.16987796541105768,
      0.16766004659590333,
      0.16488301674886668,
      0.16308388534249899,
      0.16105535983657684,
      0.15940684888733128
    ],
    "stds": [
      0.0,
      0.0,
      0.0,
      0.0,
      0.0,
      0.0,
      0.0,
      0.0,
      0.0,
      0.0,
      0.0,
      0.0,
      0.0,
      0.0,
      0.0,
      0.0,
      0.0,
      0.0,
      0.0,
      0.0,
      0.0,
      0.0,
      0.0,
      0.0,
      0.0,
      0.0,
      0.0,
      0.0,
      0.0,
      0.0,
      0.0,
      0.0,
      0.0,
      0.0,
      0.0,
      0.0,
      0.0,
      0.0,
      0.0,
      0.0,
      0.0,
      0.0,
      0.0,
      0.0,
      0.0,
      0.0,
      0.0,
      0.0,
      0.0,
      0.0
    ]
  },
  "test_accuracy_FedAvg": {
    "means": [
      0.7777777777777778,
      0.8222222222222222,
      0.825,
      0.8388888888888889,
      0.8361111111111111,
      0.8416666666666667,
      0.85,
      0.85,
      0.85,
      0.85,
      0.8555555555555555,
      0.8555555555555555,
      0.8666666666666667,
      0.8611111111111112,
      0.8555555555555555,
      0.8555555555555555,
      0.8638888888888889,
      0.8638888888888889,
      0.8638888888888889,
      0.8638888888888889,
      0.8666666666666667,
      0.8694444444444445,
      0.8694444444444445,
      0.8694444444444445,
      0.8694444444444445,
      0.8694444444444445,
      0.8694444444444445,
      0.8722222222222222,
      0.8694444444444445,
      0.8694444444444445,
      0.8694444444444445,
      0.875,
      0.875,
      0.875,
      0.875,
      0.8722222222222222,
      0.8722222222222222,
      0.8666666666666667,
      0.8694444444444445,
      0.8694444444444445,
      0.8694444444444445,
      0.875,
      0.875,
      0.875,
      0.875,
      0.875,
      0.8722222222222222,
      0.875,
      0.875,
      0.8722222222222222
    ],
    "stds": [
      0.0,
      0.0,
      0.0,
      0.0,
      0.0,
      0.0,
      0.0,
      0.0,
      0.0,
      0.0,
      0.0,
      0.0,
      0.0,
      0.0,
      0.0,
      0.0,
      0.0,
      0.0,
      0.0,
      0.0,
      0.0,
      0.0,
      0.0,
      0.0,
      0.0,
      0.0,
      0.0,
      0.0,
      0.0,
      0.0,
      0.0,
      0.0,
      0.0,
      0.0,
      0.0,
      0.0,
      0.0,
      0.0,
      0.0,
      0.0,
      0.0,
      0.0,
      0.0,
      0.0,
      0.0,
      0.0,
      0.0,
      0.0,
      0.0,
      0.0
    ]
  },
  "comm_floats_FedAvg": {
    "means": [
      13000.0,
      26000.0,
      39000.0,
      52000.0,
      65000.0,
      78000.0,
      91000.0,
      104000.0,
      117000.0,
      130000.0,
      143000.0,
      156000.0,
      169000.0,
      182000.0,
      195000.0,
      208000.0,
      221000.0,
      234000.0,
      247000.0,
      260000.0,
      273000.0,
      286000.0,
      299000.0,
      312000.0,
      325000.0,
      338000.0,
      351000.0,
      364000.0,
      377000.0,
      390000.0,
      403000.0,
      416000.0,
      429000.0,
      442000.0,
      455000.0,
      468000.0,
      481000.0,
      494000.0,
      507000.0,
      520000.0,
      533000.0,
      546000.0,
      559000.0,
      572000.0,
      585000.0,
      598000.0,
      611000.0,
      624000.0,
      637000.0,
      650000.0
    ],
    "stds": [
      0.0,
      0.0,
      0.0,
      0.0,
      0.0,
      0.0,
      0.0,
      0.0,
      0.0,
      0.0,
      0.0,
      0.0,
      0.0,
      0.0,
      0.0,
      0.0,
      0.0,
      0.0,
      0.0,
      0.0,
      0.0,
      0.0,
      0.0,
      0.0,
      0.0,
      0.0,
      0.0,
      0.0,
      0.0,
      0.0,
      0.0,
      0.0,
      0.0,
      0.0,
      0.0,
      0.0,
      0.0,
      0.0,
      0.0,
      0.0,
      0.0,
      0.0,
      0.0,
      0.0,
      0.0,
      0.0,
      0.0,
      0.0,
      0.0,
      0.0
    ]
  },
  "train_loss_SFedAvg": {
    "means": [
      1.7871863752971562,
      1.3798405406649965,
      1.1629336936538062,
      0.9873364731860076,
      0.8487740168344813,
      0.7363575382329625,
      0.6452220857120572,
      0.5857929392463548,
      0.5413112500601033,
      0.5042771834684245,
      0.46716464448093525,
      0.43443304282611167,
      0.4032788480137607,
      0.3821486505712487,
      0.35940445911020336,
      0.34255329692342124,
      0.3291473641624063,
      0.31781856877111153,
      0.3049573788553919,
      0.29644113871992694,
      0.28788841061729364,
      0.2777477407613169,
      0.26879227919376675,
      0.2616528485754335,
      0.2552663148223544,
      0.24950631455620906,
      0.24323099068879497,
      0.2375434634087276,
      0.23295949553882161,
      0.2280519779143386,
      0.22478815793200052,
      0.22127724980847707,
      0.2165885905958527,
      0.21285073218923442,
      0.20785040234854676,
      0.20516057049333244,
      0.20240047391016092,
      0.19913260813956787,
      0.1965969519810731,
      0.19404299382757223,
      0.19004810502491384,
      0.18938136951916404,
      0.18595477597954282,
      0.1828339170556786,
      0.18037931852310832,
      0.17754407300186312,
      0.1744607326076708,
      0.172621007633856,
      0.16971669849542756,
      0.16738100159331074
    ],
    "stds": [
      0.0,
      0.0,
      0.0,
      0.0,
      0.0,
      0.0,
      0.0,
      0.0,
      0.0,
      0.0,
      0.0,
      0.0,
      0.0,
      0.0,
      0.0,
      0.0,
      0.0,
      0.0,
      0.0,
      0.0,
      0.0,
      0.0,
      0.0,
      0.0,
      0.0,
      0.0,
      0.0,
      0.0,
      0.0,
      0.0,
      0.0,
      0.0,
      0.0,
      0.0,
      0.0,
      0.0,
      0.0,
      0.0,
      0.0,
      0.0,
      0.0,
      0.0,
      0.0,
      0.0,
      0.0,
      0.0,
      0.0,
      0.0,
      0.0,
      0.0
    ]
  },