{
  "train_loss_fedavg": {
    "means": [
      1.6032991636105047,
      1.2082488320749434,
      0.9764734523162389,
      0.8235642773497436,
      0.7194254407085509,
      0.6438400586910704,
      0.5857700155144491,
      0.5397410839646125,
      0.5025726024675663,
      0.47119759181392995,
      0.4447319696766247,
      0.42224406243571394,
      0.40313105393566734,
      0.38580529817774506,
      0.37145750069684486,
      0.3579937089602673,
      0.3459838794924865,
      0.3351505254594437,
      0.32562491113770886,
      0.3165545522728358,
      0.30755678508108214,
      0.29972272384533694,
      0.29278490162818144,
      0.2865827611354918,
      0.2806318360981369,
      0.27456644512747225,
      0.2694964582376306,
      0.26413591822082727,
      0.25928649500661866,
      0.25494028953754383,
      0.25069198040989216,
      0.2465764893701671,
      0.24313020413024605,
      0.23905753000883578,
      0.23566223370706457,
      0.23226229402379536,
      0.22902508223123513,
      0.2260831538997301,
      0.22330740865295867,
      0.22069078417763466
    ],
    "stds": [
      0.0,
      0.0,
      0.0,
      0.0,
      0.0,
      0.0,
      0.0,
      0.0,
      0.0,
      0.0,
      0.0,
      0.0,
      0.0,
      0.0,
      0.0,
      0.0,
      0.0,
      0.0,
      0.0,
      0.0,
      0.0,
      0.0,
      0.0,
      0.0,
      0.0,
      0.0,
      0.0,
      0.0,
      0.0,
      0.0,
      0.0,
      0.0,
      0.0,
      0.0,
      0.0,
      0.0,
      0.0,
      0.0,
      0.0,
      0.0
    ]
  },
  "test_acc_fedavg": {
    "means": [
      0.8166666666666667,
      0.85,
      0.8833333333333333,
      0.8916666666666667,
      0.9027777777777778,
      0.9,
      0.9111111111111111,
      0.9138888888888889,
      0.9194444444444444,
      0.9305555555555556,
      0.9222222222222223,
      0.9277777777777778,
      0.9305555555555556,
      0.925,
      0.925,
      0.9277777777777778,
      0.9361111111111111,
      0.9305555555555556,
      0.9333333333333333,
      0.9388888888888889,
      0.9416666666666667,
      0.9416666666666667,
      0.9444444444444444,
      0.9444444444444444,
      0.9444444444444444,
      0.95,
      0.9555555555555556,
      0.9555555555555556,
      0.9555555555555556,
      0.9555555555555556,
      0.9472222222222222,
      0.9472222222222222,
      0.9472222222222222,
      0.9583333333333334,
      0.9583333333333334,
      0.9583333333333334,
      0.9583333333333334,
      0.9611111111111111,
      0.9611111111111111,
      0.9611111111111111
    ],
    "stds": [
      0.0,
      0.0,
      0.0,
      0.0,
      0.0,
      0.0,
      0.0,
      0.0,
      0.0,
      0.0,
      0.0,
      0.0,
      0.0,
      0.0,
      0.0,
      0.0,
      0.0,
      0.0,
      0.0,
      0.0,
      0.0,
      0.0,
      0.0,
      0.0,
      0.0,
      0.0,
      0.0,
      0.0,
      0.0,
      0.0,
      0.0,
      0.0,
      0.0,
      0.0,
      0.0,
      0.0,
      0.0,
      0.0,
      0.0,
      0.0
    ]
  },
  "comm_MB_fedavg": {
    "means": [
      0.03328,
      0.06656,
      0.09983999999999998,
      0.13312,
      0.1664,
      0.19968,
      0.23296,
      0.26624,
      0.29951999999999995,
      0.33279999999999993,
      0.3660799999999999,
      0.3993599999999999,
      0.43263999999999986,
      0.46591999999999983,
      0.4991999999999998,
      0.5324799999999998,
      0.5657599999999998,
      0.5990399999999998,
      0.6323199999999998,
      0.6655999999999997,
      0.6988799999999997,
      0.7321599999999997,
      0.7654399999999997,
      0.7987199999999997,
      0.8319999999999996,
      0.8652799999999996,
      0.8985599999999996,
      0.9318399999999996,
      0.9651199999999995,
      0.9983999999999995,
      1.0316799999999995,
      1.0649599999999995,
      1.0982399999999994,
      1.1315199999999994,
      1.1647999999999994,
      1.1980799999999994,
      1.2313599999999993,
      1.2646399999999993,
      1.2979199999999993,
      1.3311999999999993
    ],
    "stds": [
      0.0,
      0.0,
      0.0,
      0.0,
      0.0,
      0.0,
      0.0,
      0.0,
      0.0,
      0.0,
      0.0,
      0.0,
      0.0,
      0.0,
      0.0,
      0.0,
      0.0,
      0.0,
      0.0,
      0.0,
      0.0,
      0.0,
      0.0,
      0.0,
      0.0,
      0.0,
      0.0,
      0.0,
      0.0,
      0.0,
      0.0,
      0.0,
      0.0,
      0.0,
      0.0,
      0.0,
      0.0,
      0.0,
      0.0,
      0.0
    ]
  },
  "train_loss_sfedavg": {
    "means": [
      2.06509760092478,
      1.8834696336267511,
      1.6930569608789006,
      1.5853075230212714,
      1.4751021287366501,
      1.381586162720314,
      1.299325037692597,
      1.2277396753647483,
      1.1829077836853668,
      1.1153499675805891,
      1.0659936839719444,
      1.0204000578783756,
      0.981831586231398,
      0.937634249058917,
      0.9018354092227495,
      0.862420876725107,
      0.8284762901777962,
      0.8008998602013038,
      0.7793880190071228,
      0.7604977853564394,
      0.7378626553351262,
      0.7176667394067143,
      0.698808519242893,
      0.6724121190491614,
      0.6565288157108158,
      0.6348426467953632,
      0.6181747740523321,
      0.6002954202859283,
      0.5869662286811896,
      0.5721260219879463,
      0.561867142438635,
      0.5494750325780512,
      0.5371754721017262,
      0.5259126565651083,
      0.5124392370216055,
      0.5014957653913926,
      0.4942446657091652,
      0.48723292884216274,
      0.4786716903190185,
      0.4712083037459663
    ],
    "stds": [
      0.0,
      0.0,
      0.0,
      0.0,
      0.0,
      0.0,
      0.0,
      0.0,
      0.0,
      0.0,
      0.0,
      0.0,
      0.0,
      0.0,
      0.0,
      0.0,
      0.0,
      0.0,
      0.0,
      0.0,
      0.0,
      0.0,
      0.0,
      0.0,
      0.0,
      0.0,
      0.0,
      0.0,
      0.0,
      0.0,
      0.0,
      0.0,
      0.0,
      0.0,
      0.0,
      0.0,
      0.0,
      0.0,
      0.0,
      0.0
    ]
  },
  "test_acc_sfedavg": {
    "means": [
      0.5277777777777778,
      0.6361111111111111,
      0.6916666666666667,
      0.6944444444444444,
      0.7444444444444445,
      0.7944444444444444,
      0.8055555555555556,
      0.8194444444444444,
      0.8166666666666667,
      0.8333333333333334,
      0.8305555555555556,
      0.8277777777777777,
      0.825,
      0.825,
      0.8333333333333334,
      0.8555555555555555,
      0.8638888888888889,
      0.8638888888888889,
      0.8666666666666667,
      0.8722222222222222,
      0.875,
      0.8777777777777778,
      0.8777777777777778,
      0.8916666666666667,
      0.8888888888888888,
      0.9055555555555556,
      0.8972222222222223,
      0.9083333333333333,
      0.9083333333333333,
      0.9111111111111111,
      0.9083333333333333,
      0.9111111111111111,
      0.9083333333333333,
      0.9083333333333333,
      0.9083333333333333,
      0.9083333333333333,
      0.9083333333333333,
      0.9083333333333333,
      0.9083333333333333,
      0.9083333333333333
    ],
    "stds": [
      0.0,
      0.0,
      0.0,
      0.0,
      0.0,
      0.0,
      0.0,
      0.0,
      0.0,
      0.0,
      0.0,
      0.0,
      0.0,
      0.0,
      0.0,
      0.0,
      0.0,
      0.0,
      0.0,
      0.0,
      0.0,
      0.0,
      0.0,
      0.0,
      0.0,
      0.0,
      0.0,
      0.0,
      0.0,
      0.0,
      0.0,
      0.0,
      0.0,
      0.0,
      0.0,
      0.0,
      0.0,
      0.0,
      0.0,
      0.0
    ]
  },