{
  "train_loss_sfedavg": {
    "means": [
      1.8892741353249543,
      1.575388398549833,
      1.2290390693468134,
      1.0408264794129445,
      0.916698176338643,
      0.7895614631565785,
      0.6607404868059752,
      0.6254581246756991,
      0.5691808196981183,
      0.5238831749536967,
      0.5012456722114719,
      0.47135448786166917,
      0.4426975026091514,
      0.43077476011032306,
      0.40491237643498273,
      0.3801021684352643,
      0.36458814455681465,
      0.35368167505419645,
      0.348124375829273,
      0.33564772897958856,
      0.33139358150662945,
      0.31639875569806925,
      0.3071353428674712,
      0.3000122542100139,
      0.295879651694506,
      0.2885813421292495,
      0.2849825180658491,
      0.2817813809786213,
      0.274749738479077,
      0.26687476590968373,
      0.26045107688104746,
      0.2561890157754101,
      0.25402735574800067,
      0.2506038491024562,
      0.24628424241400773,
      0.24186285993176584,
      0.23807174942669648,
      0.23624593097223356,
      0.2340211932489292,
      0.23087277965063138,
      0.23068927499953926,
      0.22124183837751168,
      0.21925529233725766,
      0.21548264335979234,
      0.21075945826224246,
      0.20912316296888184,
      0.20560992691792465,
      0.20280150054937185,
      0.19900522692374126,
      0.1981774522998968
    ],
    "stds": [
      0.0,
      0.0,
      0.0,
      0.0,
      0.0,
      0.0,
      0.0,
      0.0,
      0.0,
      0.0,
      0.0,
      0.0,
      0.0,
      0.0,
      0.0,
      0.0,
      0.0,
      0.0,
      0.0,
      0.0,
      0.0,
      0.0,
      0.0,
      0.0,
      0.0,
      0.0,
      0.0,
      0.0,
      0.0,
      0.0,
      0.0,
      0.0,
      0.0,
      0.0,
      0.0,
      0.0,
      0.0,
      0.0,
      0.0,
      0.0,
      0.0,
      0.0,
      0.0,
      0.0,
      0.0,
      0.0,
      0.0,
      0.0,
      0.0,
      0.0
    ]
  },
  "test_acc_sfedavg": {
    "means": [
      0.41944444444444445,
      0.5138888888888888,
      0.6388888888888888,
      0.7166666666666667,
      0.7861111111111111,
      0.8277777777777777,
      0.8527777777777777,
      0.8416666666666667,
      0.8638888888888889,
      0.875,
      0.875,
      0.8722222222222222,
      0.8694444444444445,
      0.8916666666666667,
      0.8833333333333333,
      0.8916666666666667,
      0.8944444444444445,
      0.8944444444444445,
      0.8972222222222223,
      0.9,
      0.9,
      0.9055555555555556,
      0.9194444444444444,
      0.9194444444444444,
      0.9166666666666666,
      0.9222222222222223,
      0.925,
      0.9222222222222223,
      0.925,
      0.9277777777777778,
      0.9361111111111111,
      0.9333333333333333,
      0.9361111111111111,
      0.9333333333333333,
      0.9388888888888889,
      0.9388888888888889,
      0.9361111111111111,
      0.9305555555555556,
      0.9277777777777778,
      0.9277777777777778,
      0.9222222222222223,
      0.9333333333333333,
      0.9333333333333333,
      0.9361111111111111,
      0.9361111111111111,
      0.9361111111111111,
      0.9361111111111111,
      0.9361111111111111,
      0.9444444444444444,
      0.9388888888888889
    ],
    "stds": [
      0.0,
      0.0,
      0.0,
      0.0,
      0.0,
      0.0,
      0.0,
      0.0,
      0.0,
      0.0,
      0.0,
      0.0,
      0.0,
      0.0,
      0.0,
      0.0,
      0.0,
      0.0,
      0.0,
      0.0,
      0.0,
      0.0,
      0.0,
      0.0,
      0.0,
      0.0,
      0.0,
      0.0,
      0.0,
      0.0,
      0.0,
      0.0,
      0.0,
      0.0,
      0.0,
      0.0,
      0.0,
      0.0,
      0.0,
      0.0,
      0.0,
      0.0,
      0.0,
      0.0,
      0.0,
      0.0,
      0.0,
      0.0,
      0.0,
      0.0
    ]
  },
  "comm_MB_sfedavg": {
    "means": [
      1.69216,
      3.38432,
      5.07648,
      6.76864,
      8.4608,
      10.15296,
      11.84512,
      13.537279999999999,
      15.229439999999999,
      16.921599999999998,
      18.61376,
      20.30592,
      21.99808,
      23.690240000000003,
      25.382400000000004,
      27.074560000000005,
      28.766720000000007,
      30.458880000000008,
      32.15104000000001,
      33.84320000000001,
      35.53536000000001,
      37.22752000000001,
      38.919680000000014,
      40.611840000000015,
      42.304000000000016,
      43.99616000000002,
      45.68832000000002,
      47.38048000000002,
      49.07264000000002,
      50.76480000000002,
      52.456960000000024,
      54.149120000000025,
      55.841280000000026,
      57.53344000000003,
      59.22560000000003,
      60.91776000000003,
      62.60992000000003,
      64.30208000000003,
      65.99424000000003,
      67.68640000000003,
      69.37856000000004,
      71.07072000000004,
      72.76288000000004,
      74.45504000000004,
      76.14720000000004,
      77.83936000000004,
      79.53152000000004,
      81.22368000000004,
      82.91584000000005,
      84.60800000000005
    ],
    "stds": [
      0.0,
      0.0,
      0.0,
      0.0,
      0.0,
      0.0,
      0.0,
      0.0,
      0.0,
      0.0,
      0.0,
      0.0,
      0.0,
      0.0,
      0.0,
      0.0,
      0.0,
      0.0,
      0.0,
      0.0,
      0.0,
      0.0,
      0.0,
      0.0,
      0.0,
      0.0,
      0.0,
      0.0,
      0.0,
      0.0,
      0.0,
      0.0,
      0.0,
      0.0,
      0.0,
      0.0,
      0.0,
      0.0,
      0.0,
      0.0,
      0.0,
      0.0,
      0.0,
      0.0,
      0.0,
      0.0,
      0.0,
      0.0,
      0.0,
      0.0
    ]
  }
}