{
  "train_loss_fedavg": {
    "means": [
      2.0319497929905292,
      1.307933752599163,
      0.8492191524066709,
      0.71200465595883,
      0.6276615474917453,
      0.5537421013183764,
      0.4884590612099346,
      0.48830355821581806,
      0.4242034530593157,
      0.3962577602645895,
      0.4068284654188472,
      0.3846985357387234,
      0.3704958125534302,
      0.34655000366785477,
      0.3436055374720434,
      0.4283994321258556,
      0.37419755045905745,
      0.328656907473808,
      0.3657702727833319,
      0.33547396358070447,
      0.3129222865864076,
      0.30199987621171925,
      0.31809082314700077,
      0.3144653226635283,
      0.3201692788597905,
      0.3206275699982646,
      0.2696061677527779,
      0.23600501107670324,
      0.2344876775195371,
      0.23907943417866165
    ],
    "stds": [
      0.0,
      0.0,
      0.0,
      0.0,
      0.0,
      0.0,
      0.0,
      0.0,
      0.0,
      0.0,
      0.0,
      0.0,
      0.0,
      0.0,
      0.0,
      0.0,
      0.0,
      0.0,
      0.0,
      0.0,
      0.0,
      0.0,
      0.0,
      0.0,
      0.0,
      0.0,
      0.0,
      0.0,
      0.0,
      0.0
    ]
  },
  "test_acc_fedavg": {
    "means": [
      0.7138888888888889,
      0.8305555555555556,
      0.8611111111111112,
      0.875,
      0.8888888888888888,
      0.8972222222222223,
      0.9,
      0.9027777777777778,
      0.8972222222222223,
      0.925,
      0.9305555555555556,
      0.9388888888888889,
      0.9388888888888889,
      0.9277777777777778,
      0.9388888888888889,
      0.9305555555555556,
      0.9277777777777778,
      0.925,
      0.9222222222222223,
      0.925,
      0.9222222222222223,
      0.9194444444444444,
      0.9305555555555556,
      0.9388888888888889,
      0.9277777777777778,
      0.9166666666666666,
      0.9305555555555556,
      0.9277777777777778,
      0.925,
      0.9194444444444444
    ],
    "stds": [
      0.0,
      0.0,
      0.0,
      0.0,
      0.0,
      0.0,
      0.0,
      0.0,
      0.0,
      0.0,
      0.0,
      0.0,
      0.0,
      0.0,
      0.0,
      0.0,
      0.0,
      0.0,
      0.0,
      0.0,
      0.0,
      0.0,
      0.0,
      0.0,
      0.0,
      0.0,
      0.0,
      0.0,
      0.0,
      0.0
    ]
  },
  "comm_MB_fedavg": {
    "means": [
      0.1344,
      0.2688,
      0.4032,
      0.5376,
      0.6719999999999999,
      0.8063999999999999,
      0.9407999999999999,
      1.0752,
      1.2096,
      1.344,
      1.4784000000000002,
      1.6128000000000002,
      1.7472000000000003,
      1.8816000000000004,
      2.0160000000000005,
      2.1504000000000003,
      2.2848,
      2.4192,
      2.5536,
      2.6879999999999997,
      2.8223999999999996,
      2.9567999999999994,
      3.0911999999999993,
      3.225599999999999,
      3.359999999999999,
      3.494399999999999,
      3.6287999999999987,
      3.7631999999999985,
      3.8975999999999984,
      4.031999999999998
    ],
    "stds": [
      0.0,
      0.0,
      0.0,
      0.0,
      0.0,
      0.0,
      0.0,
      0.0,
      0.0,
      0.0,
      0.0,
      0.0,
      0.0,
      0.0,
      0.0,
      0.0,
      0.0,
      0.0,
      0.0,
      0.0,
      0.0,
      0.0,
      0.0,
      0.0,
      0.0,
      0.0,
      0.0,
      0.0,
      0.0,
      0.0
    ]
  },
  "train_loss_sfedavg": {
    "means": [
      1.4122373653809315,
      0.9164709761845656,
      0.7642863471786286,
      0.6667939191845434,
      0.6174211959828143,
      0.5291465025073185,
      0.4832461587909402,
      0.45037591601906246,
      0.4371516642890079,
      0.42566034554255666,
      0.4383560523763507,
      0.4172173186332279,
      0.4057859687815223,
      0.40022110073335465,
      0.35584982835817863,
      0.33196761790483903,
      0.3170321877973035,
      0.3048397380370013,
      0.2910790470854425,
      0.27920227562667344,
      0.26593758413393054,
      0.26826668178685903,
      0.259522296342438,
      0.25758041447316476,
      0.24872331713690768,
      0.24578383847695107,
      0.2367330866096535,
      0.2433384903323882,
      0.23082100188804333,
      0.22436543512025922
    ],
    "stds": [
      0.0,
      0.0,
      0.0,
      0.0,
      0.0,
      0.0,
      0.0,
      0.0,
      0.0,
      0.0,
      0.0,
      0.0,
      0.0,
      0.0,
      0.0,
      0.0,
      0.0,
      0.0,
      0.0,
      0.0,
      0.0,
      0.0,
      0.0,
      0.0,
      0.0,
      0.0,
      0.0,
      0.0,
      0.0,
      0.0
    ]
  },
  "test_acc_sfedavg": {
    "means": [
      0.5305555555555556,
      0.7166666666666667,
      0.7805555555555556,
      0.8111111111111111,
      0.7888888888888889,
      0.8472222222222222,
      0.8694444444444445,
      0.8916666666666667,
      0.8777777777777778,
      0.8861111111111111,
      0.8555555555555555,
      0.8888888888888888,
      0.8944444444444445,
      0.9055555555555556,
      0.8944444444444445,
      0.8916666666666667,
      0.9083333333333333,
      0.9055555555555556,
      0.9138888888888889,
      0.9194444444444444,
      0.9083333333333333,
      0.9111111111111111,
      0.9083333333333333,
      0.9166666666666666,
      0.9166666666666666,
      0.9138888888888889,
      0.9138888888888889,
      0.9111111111111111,
      0.9138888888888889,
      0.9111111111111111
    ],
    "stds": [
      0.0,
      0.0,
      0.0,
      0.0,
      0.0,
      0.0,
      0.0,
      0.0,
      0.0,
      0.0,
      0.0,
      0.0,
      0.0,
      0.0,
      0.0,
      0.0,
      0.0,
      0.0,
      0.0,
      0.0,
      0.0,
      0.0,
      0.0,
      0.0,
      0.0,
      0.0,
      0.0,
      0.0,
      0.0,
      0.0
    ]
  },
  "comm_MB_sfedavg": {
    "means": [
      10.3744,
      20.7488,
      31.123199999999997,
      41.4976,
      51.872,
      62.2464,
      72.6208,
      82.9952,
      93.36959999999999,
      103.74399999999999,
      114.11839999999998,
      124.49279999999997,
      134.86719999999997,
      145.24159999999998,
      155.61599999999999,
      165.9904,
      176.3648,
      186.7392,
      197.11360000000002,
      207.48800000000003,
      217.86240000000004,
      228.23680000000004,
      238.61120000000005,
      248.98560000000006,
      259.36000000000007,
      269.73440000000005,
      280.10880000000003,
      290.4832,
      300.8576,
      311.23199999999997
    ],
    "stds": [
      0.0,
      0.0,
      0.0,
      0.0,
      0.0,
      0.0,
      0.0,
      0.0,
      0.0,
      0.0,
      0.0,
      0.0,
      0.0,
      0.0,
      0.0,
      0.0,
      0.0,
      0.0,
      0.0,
      0.0,
      0.0,
      0.0,
      0.0,
      0.0,
      0.0,
      0.0,
      0.0,
      0.0,
      0.0,
      0.0
    ]
  }
}