{
  "train_loss_fedavg": {
    "means": [
      1.816827916995659,
      1.4793068482378111,
      1.2435321619585453,
      1.0771393055905414,
      0.9528020825310141,
      0.8620753905617061,
      0.7876151064732495,
      0.7269047851577147,
      0.6754843881319038,
      0.635408263898402,
      0.5995984034169111,
      0.5671794589111541,
      0.539851551273079,
      0.5155950064599584,
      0.49500461781367516,
      0.47601802794897946,
      0.4598786386034867,
      0.4440232654653025,
      0.4295364167661413,
      0.4162292380904663,
      0.40449542725271986,
      0.39315629680704567,
      0.38324209196555675,
      0.37399867568065703,
      0.365353341679569,
      0.3570662601468041,
      0.34897917051663785,
      0.3427298276012703,
      0.3348665676968833,
      0.3285555784389015,
      0.32263766407540834,
      0.3172993845229487,
      0.3110919041054884,
      0.3055643834494757,
      0.3004260217820581,
      0.29624574115971797,
      0.2914882667170306,
      0.28684435124792257,
      0.2830327791467984,
      0.27926932166089546,
      0.275373720917224,
      0.2715187846933955,
      0.2679049023152267,
      0.2645784958166326,
      0.2614048916037374,
      0.25799883840557125,
      0.25497311911244386,
      0.25232397569205917,
      0.24949682958501507,
      0.2469212697480036
    ],
    "stds": [
      0.0,
      0.0,
      0.0,
      0.0,
      0.0,
      0.0,
      0.0,
      0.0,
      0.0,
      0.0,
      0.0,
      0.0,
      0.0,
      0.0,
      0.0,
      0.0,
      0.0,
      0.0,
      0.0,
      0.0,
      0.0,
      0.0,
      0.0,
      0.0,
      0.0,
      0.0,
      0.0,
      0.0,
      0.0,
      0.0,
      0.0,
      0.0,
      0.0,
      0.0,
      0.0,
      0.0,
      0.0,
      0.0,
      0.0,
      0.0,
      0.0,
      0.0,
      0.0,
      0.0,
      0.0,
      0.0,
      0.0,
      0.0,
      0.0,
      0.0
    ]
  },
  "train_loss_sfedavg": {
    "means": [
      2.0354481288886745,
      1.8122152084214966,
      1.6150630218566862,
      1.4077666024027216,
      1.280701717918226,
      1.1598935133388215,
      1.0615716897783671,
      0.987143828236702,
      0.9118251308397597,
      0.844917275354194,
      0.7933921835358271,
      0.7527734819508884,
      0.7169807162702391,
      0.6779243266558909,
      0.6494555030484056,
      0.6198858142685713,
      0.5962265190314336,
      0.574524387461973,
      0.5570645643310673,
      0.5403054600591026,
      0.5213938745074661,
      0.5077046701203601,
      0.49218167215899666,
      0.4805223694922371,
      0.46675851732152535,
      0.45657979693674383,
      0.4457076962835702,
      0.4358510293827743,
      0.4276305054252579,
      0.4196134199609135,
      0.4121962074290435,
      0.4048880476368909,
      0.396730535574612,
      0.38928314669407976,
      0.38229186917219915,
      0.3752527907148564,
      0.3700779907133362,
      0.36392505388746044,
      0.35948381020486275,
      0.3514362679511932,
      0.3466791787735254,
      0.3420795866140972,
      0.33644596006753824,
      0.3331439019945102,
      0.3285166430078293,
      0.32450265979652815,
      0.3199677245147893,
      0.3165239570012567,
      0.31334514398334473,
      0.3101752720763123
    ],
    "stds": [
      0.0,
      0.0,
      0.0,
      0.0,
      0.0,
      0.0,
      0.0,
      0.0,
      0.0,
      0.0,
      0.0,
      0.0,
      0.0,
      0.0,
      0.0,
      0.0,
      0.0,
      0.0,
      0.0,
      0.0,
      0.0,
      0.0,
      0.0,
      0.0,
      0.0,
      0.0,
      0.0,
      0.0,
      0.0,
      0.0,
      0.0,
      0.0,
      0.0,
      0.0,
      0.0,
      0.0,
      0.0,
      0.0,
      0.0,
      0.0,
      0.0,
      0.0,
      0.0,
      0.0,
      0.0,
      0.0,
      0.0,
      0.0,
      0.0,
      0.0
    ]
  },
  "test_acc_fedavg": {
    "means": [
      0.8666666666666667,
      0.8722222222222222,
      0.8888888888888888,
      0.8916666666666667,
      0.9,
      0.9055555555555556,
      0.9111111111111111,
      0.9111111111111111,
      0.9166666666666666,
      0.9222222222222223,
      0.9277777777777778,
      0.9222222222222223,
      0.9305555555555556,
      0.9277777777777778,
      0.925,
      0.9388888888888889,
      0.9388888888888889,
      0.9416666666666667,
      0.9444444444444444,
      0.9472222222222222,
      0.9472222222222222,
      0.95,
      0.95,
      0.95,
      0.9472222222222222,
      0.95,
      0.95,
      0.9527777777777777,
      0.95,
      0.95,
      0.95,
      0.95,
      0.95,
      0.95,
      0.95,
      0.95,
      0.95,
      0.9527777777777777,
      0.9527777777777777,
      0.9527777777777777,
      0.9527777777777777,
      0.9527777777777777,
      0.9527777777777777,
      0.9527777777777777,
      0.9527777777777777,
      0.9527777777777777,
      0.9527777777777777,
      0.9527777777777777,
      0.9527777777777777,
      0.9527777777777777
    ],
    "stds": [
      0.0,
      0.0,
      0.0,
      0.0,
      0.0,
      0.0,
      0.0,
      0.0,
      0.0,
      0.0,
      0.0,
      0.0,
      0.0,
      0.0,
      0.0,
      0.0,
      0.0,
      0.0,
      0.0,
      0.0,
      0.0,
      0.0,
      0.0,
      0.0,
      0.0,
      0.0,
      0.0,
      0.0,
      0.0,
      0.0,
      0.0,
      0.0,
      0.0,
      0.0,
      0.0,
      0.0,
      0.0,
      0.0,
      0.0,
      0.0,
      0.0,
      0.0,
      0.0,
      0.0,
      0.0,
      0.0,
      0.0,
      0.0,
      0.0,
      0.0
    ]
  },
  "test_acc_sfedavg": {
    "means": [
      0.7138888888888889,
      0.7861111111111111,
      0.7833333333333333,
      0.8388888888888889,
      0.8555555555555555,
      0.8722222222222222,
      0.8611111111111112,
      0.875,
      0.8722222222222222,
      0.8861111111111111,
      0.8833333333333333,
      0.8833333333333333,
      0.8944444444444445,
      0.8972222222222223,
      0.8972222222222223,
      0.8972222222222223,
      0.8944444444444445,
      0.8944444444444445,
      0.9055555555555556,
      0.9083333333333333,
      0.9138888888888889,
      0.9166666666666666,
      0.9138888888888889,
      0.9166666666666666,
      0.9138888888888889,
      0.9166666666666666,
      0.9166666666666666,
      0.9166666666666666,
      0.9222222222222223,
      0.9194444444444444,
      0.9222222222222223,
      0.9194444444444444,
      0.9222222222222223,
      0.9222222222222223,
      0.925,
      0.9277777777777778,
      0.9277777777777778,
      0.9277777777777778,
      0.9277777777777778,
      0.9333333333333333,
      0.9333333333333333,
      0.9305555555555556,
      0.9388888888888889,
      0.9388888888888889,
      0.9361111111111111,
      0.9333333333333333,
      0.9333333333333333,
      0.9361111111111111,
      0.9361111111111111,
      0.9333333333333333
    ],
    "stds": [
      0.0,
      0.0,
      0.0,
      0.0,
      0.0,
      0.0,
      0.0,
      0.0,
      0.0,
      0.0,
      0.0,
      0.0,
      0.0,
      0.0,
      0.0,
      0.0,
      0.0,
      0.0,
      0.0,
      0.0,
      0.0,
      0.0,
      0.0,
      0.0,
      0.0,
      0.0,
      0.0,
      0.0,
      0.0,
      0.0,
      0.0,
      0.0,
      0.0,
      0.0,
      0.0,
      0.0,
      0.0,
      0.0,
      0.0,
      0.0,
      0.0,
      0.0,
      0.0,
      0.0,
      0.0,
      0.0,
      0.0,
      0.0,
      0.0,
      0.0
    ]
  },