{
  "train_loss_fedavg": {
    "means": [
      1.3308201514575204,
      0.8264718705457483,
      0.597471896085473,
      0.4456715197462128,
      0.3502066565110285,
      0.3131200582779628,
      0.30684439254852375,
      0.27011316530239926,
      0.2498748088985404,
      0.21503326276318319,
      0.19749869115508895,
      0.17147260328193936,
      0.16035764142038866,
      0.15680076567001364,
      0.16003034957131873,
      0.14874269959178452,
      0.14258807714384714,
      0.13282663309379955,
      0.12454643956949106,
      0.12035986806899036,
      0.11654372277388943,
      0.11302109049533997,
      0.10972505825801071,
      0.10591949784528512,
      0.09956274072267529,
      0.09825015544380322,
      0.09466032274325366,
      0.09173700797162498,
      0.09057998802616367,
      0.09116538625516434,
      0.08867445594963284,
      0.08685829850225853,
      0.08204074257937846,
      0.07893296071347249,
      0.07597571559722807,
      0.07350106438107362,
      0.07197470920972605,
      0.06969260224306796,
      0.06937552629762254,
      0.06712739176350019,
      0.0658874436996257,
      0.06344877015642156,
      0.06306607243133575,
      0.062238691593195436,
      0.06155769372872634,
      0.06003683485598158,
      0.05932124614150469,
      0.058201690535022735,
      0.057704238081624074,
      0.05731331370228233
    ],
    "stds": [
      0.0,
      0.0,
      0.0,
      0.0,
      0.0,
      0.0,
      0.0,
      0.0,
      0.0,
      0.0,
      0.0,
      0.0,
      0.0,
      0.0,
      0.0,
      0.0,
      0.0,
      0.0,
      0.0,
      0.0,
      0.0,
      0.0,
      0.0,
      0.0,
      0.0,
      0.0,
      0.0,
      0.0,
      0.0,
      0.0,
      0.0,
      0.0,
      0.0,
      0.0,
      0.0,
      0.0,
      0.0,
      0.0,
      0.0,
      0.0,
      0.0,
      0.0,
      0.0,
      0.0,
      0.0,
      0.0,
      0.0,
      0.0,
      0.0,
      0.0
    ]
  },
  "train_loss_sfedavg": {
    "means": [
      2.1224739080536827,
      1.9142525586736168,
      1.77734242765217,
      1.5844396761299167,
      1.4924146803270153,
      1.3848778506821209,
      1.2879150501498178,
      1.2186070960176492,
      1.1473262632820793,
      1.095798314694262,
      1.019791648815285,
      0.959734502844555,
      0.9235538397079779,
      0.88317567449432,
      0.8451962558160079,
      0.8088214630691172,
      0.782951761599694,
      0.7565049407706069,
      0.7404020231885896,
      0.7184763790868681,
      0.7009050336408729,
      0.6812142926532776,
      0.6623106141421089,
      0.6434048428279368,
      0.6261520231609662,
      0.6137719341111832,
      0.5962618800361555,
      0.5854678332321023,
      0.5687142338238887,
      0.5570069592286406,
      0.5478069058975252,
      0.5397734416608296,
      0.5269973834185819,
      0.5178283120198736,
      0.5074634321774416,
      0.4986499644298394,
      0.48544683635557034,
      0.4768246650523611,
      0.4673905597996513,
      0.45756427976268177,
      0.4498891773187717,
      0.4455468938672032,
      0.44181734415576346,
      0.4355349841053201,
      0.4290466118156199,
      0.4229433321755117,
      0.4180411200884059,
      0.41145768641898933,
      0.4041063307551572,
      0.3998375083922837
    ],
    "stds": [
      0.0,
      0.0,
      0.0,
      0.0,
      0.0,
      0.0,
      0.0,
      0.0,
      0.0,
      0.0,
      0.0,
      0.0,
      0.0,
      0.0,
      0.0,
      0.0,
      0.0,
      0.0,
      0.0,
      0.0,
      0.0,
      0.0,
      0.0,
      0.0,
      0.0,
      0.0,
      0.0,
      0.0,
      0.0,
      0.0,
      0.0,
      0.0,
      0.0,
      0.0,
      0.0,
      0.0,
      0.0,
      0.0,
      0.0,
      0.0,
      0.0,
      0.0,
      0.0,
      0.0,
      0.0,
      0.0,
      0.0,
      0.0,
      0.0,
      0.0
    ]
  },
  "test_acc_fedavg": {
    "means": [
      0.7388888888888889,
      0.7527777777777778,
      0.8027777777777778,
      0.8611111111111112,
      0.8805555555555555,
      0.8833333333333333,
      0.8861111111111111,
      0.9,
      0.9083333333333333,
      0.9222222222222223,
      0.925,
      0.9277777777777778,
      0.9416666666666667,
      0.9416666666666667,
      0.9388888888888889,
      0.9416666666666667,
      0.9333333333333333,
      0.9333333333333333,
      0.9333333333333333,
      0.9361111111111111,
      0.9361111111111111,
      0.9388888888888889,
      0.9416666666666667,
      0.9444444444444444,
      0.9416666666666667,
      0.9361111111111111,
      0.9361111111111111,
      0.9333333333333333,
      0.9333333333333333,
      0.9333333333333333,
      0.9361111111111111,
      0.9305555555555556,
      0.9361111111111111,
      0.9361111111111111,
      0.9305555555555556,
      0.9305555555555556,
      0.9333333333333333,
      0.9333333333333333,
      0.9361111111111111,
      0.9388888888888889,
      0.9416666666666667,
      0.9416666666666667,
      0.9416666666666667,
      0.95,
      0.9444444444444444,
      0.9444444444444444,
      0.9444444444444444,
      0.9416666666666667,
      0.9388888888888889,
      0.9444444444444444
    ],
    "stds": [
      0.0,
      0.0,
      0.0,
      0.0,
      0.0,
      0.0,
      0.0,
      0.0,
      0.0,
      0.0,
      0.0,
      0.0,
      0.0,
      0.0,
      0.0,
      0.0,
      0.0,
      0.0,
      0.0,
      0.0,
      0.0,
      0.0,
      0.0,
      0.0,
      0.0,
      0.0,
      0.0,
      0.0,
      0.0,
      0.0,
      0.0,
      0.0,
      0.0,
      0.0,
      0.0,
      0.0,
      0.0,
      0.0,
      0.0,
      0.0,
      0.0,
      0.0,
      0.0,
      0.0,
      0.0,
      0.0,
      0.0,
      0.0,
      0.0,
      0.0
    ]
  },
  "test_acc_sfedavg": {
    "means": [
      0.44166666666666665,
      0.5361111111111111,
      0.6055555555555555,
      0.6972222222222222,
      0.7333333333333333,
      0.7583333333333333,
      0.7527777777777778,
      0.7666666666666667,
      0.7583333333333333,
      0.7694444444444445,
      0.7888888888888889,
      0.8166666666666667,
      0.8055555555555556,
      0.8055555555555556,
      0.8222222222222222,
      0.8277777777777777,
      0.8277777777777777,
      0.85,
      0.8583333333333333,
      0.8583333333333333,
      0.8694444444444445,
      0.875,
      0.875,
      0.8694444444444445,
      0.8833333333333333,
      0.8805555555555555,
      0.8833333333333333,
      0.8861111111111111,
      0.8916666666666667,
      0.8944444444444445,
      0.8916666666666667,
      0.8916666666666667,
      0.8916666666666667,
      0.8861111111111111,
      0.8861111111111111,
      0.8861111111111111,
      0.8916666666666667,
      0.8944444444444445,
      0.8972222222222223,
      0.8972222222222223,
      0.8944444444444445,
      0.8972222222222223,
      0.8972222222222223,
      0.9,
      0.9027777777777778,
      0.9,
      0.9,
      0.9055555555555556,
      0.9055555555555556,
      0.9083333333333333
    ],
    "stds": [
      0.0,
      0.0,
      0.0,
      0.0,
      0.0,
      0.0,
      0.0,
      0.0,
      0.0,
      0.0,
      0.0,
      0.0,
      0.0,
      0.0,
      0.0,
      0.0,
      0.0,
      0.0,
      0.0,
      0.0,
      0.0,
      0.0,
      0.0,
      0.0,
      0.0,
      0.0,
      0.0,
      0.0,
      0.0,
      0.0,
      0.0,
      0.0,
      0.0,
      0.0,
      0.0,
      0.0,
      0.0,
      0.0,
      0.0,
      0.0,
      0.0,
      0.0,
      0.0,
      0.0,
      0.0,
      0.0,
      0.0,
      0.0,
      0.0,
      0.0
    ]
  },