{
  "train_loss_fedavg": {
    "means": [
      2.179755788601339,
      1.989047940610142,
      1.7669974629481278,
      1.5678038771728113,
      1.378067443100428,
      1.2048525553781164,
      1.0617779521920883,
      0.9434110663138806,
      0.8502620278725073,
      0.7787878868209733,
      0.7170044671387052,
      0.6637475132203522,
      0.618416912142583,
      0.5820606667698258,
      0.5516880195482124,
      0.5253263353633217,
      0.5033444869880053,
      0.48315146267321374,
      0.46640784342903624,
      0.4521359623926322,
      0.4402770414954035,
      0.4298089503332369,
      0.4196566746221829,
      0.41096705783192305,
      0.40236220233240133,
      0.39476385533290864,
      0.38865424284995664,
      0.3810480251749302,
      0.37533831408581037,
      0.370334788372144,
      0.36695534234366706,
      0.3630067115310433,
      0.3591607228335723,
      0.35553859395099785,
      0.3521311959120467,
      0.3494594020029565,
      0.3484214478999293,
      0.34689510973636717,
      0.3456846075382954,
      0.34278355584044073,
      0.340346151438941,
      0.33860572634674446,
      0.33612793087440496,
      0.3342003366391823,
      0.3323578406379021,
      0.32921240090907383,
      0.32777444446213466,
      0.32586643521928865,
      0.3248220909525563,
      0.3239226803772576
    ],
    "stds": [
      0.0,
      0.0,
      0.0,
      0.0,
      0.0,
      0.0,
      0.0,
      0.0,
      0.0,
      0.0,
      0.0,
      0.0,
      0.0,
      0.0,
      0.0,
      0.0,
      0.0,
      0.0,
      0.0,
      0.0,
      0.0,
      0.0,
      0.0,
      0.0,
      0.0,
      0.0,
      0.0,
      0.0,
      0.0,
      0.0,
      0.0,
      0.0,
      0.0,
      0.0,
      0.0,
      0.0,
      0.0,
      0.0,
      0.0,
      0.0,
      0.0,
      0.0,
      0.0,
      0.0,
      0.0,
      0.0,
      0.0,
      0.0,
      0.0,
      0.0
    ]
  },
  "test_acc_fedavg": {
    "means": [
      0.395,
      0.59875,
      0.64125,
      0.67125,
      0.675,
      0.6825,
      0.70125,
      0.71,
      0.715,
      0.7175,
      0.71875,
      0.72375,
      0.73625,
      0.74625,
      0.75125,
      0.76125,
      0.76125,
      0.76375,
      0.76875,
      0.76625,
      0.76625,
      0.76625,
      0.7725,
      0.76625,
      0.76875,
      0.77,
      0.77875,
      0.775,
      0.7825,
      0.78375,
      0.7875,
      0.79,
      0.795,
      0.79,
      0.78375,
      0.785,
      0.78875,
      0.78875,
      0.7925,
      0.79,
      0.7925,
      0.79,
      0.79,
      0.79125,
      0.79125,
      0.795,
      0.8,
      0.795,
      0.79875,
      0.79375
    ],
    "stds": [
      0.0,
      0.0,
      0.0,
      0.0,
      0.0,
      0.0,
      0.0,
      0.0,
      0.0,
      0.0,
      0.0,
      0.0,
      0.0,
      0.0,
      0.0,
      0.0,
      0.0,
      0.0,
      0.0,
      0.0,
      0.0,
      0.0,
      0.0,
      0.0,
      0.0,
      0.0,
      0.0,
      0.0,
      0.0,
      0.0,
      0.0,
      0.0,
      0.0,
      0.0,
      0.0,
      0.0,
      0.0,
      0.0,
      0.0,
      0.0,
      0.0,
      0.0,
      0.0,
      0.0,
      0.0,
      0.0,
      0.0,
      0.0,
      0.0,
      0.0
    ]
  },
  "comm_eff_fedavg": {
    "means": [
      1.0,
      2.0,
      3.0,
      4.0,
      5.0,
      6.0,
      7.0,
      8.0,
      9.0,
      10.0,
      11.0,
      12.0,
      13.0,
      14.0,
      15.0,
      16.0,
      17.0,
      18.0,
      19.0,
      20.0,
      21.0,
      22.0,
      23.0,
      24.0,
      25.0,
      26.0,
      27.0,
      28.0,
      29.0,
      30.0,
      31.0,
      32.0,
      33.0,
      34.0,
      35.0,
      36.0,
      37.0,
      38.0,
      39.0,
      40.0,
      41.0,
      42.0,
      43.0,
      44.0,
      45.0,
      46.0,
      47.0,
      48.0,
      49.0,
      50.0
    ],
    "stds": [
      0.0,
      0.0,
      0.0,
      0.0,
      0.0,
      0.0,
      0.0,
      0.0,
      0.0,
      0.0,
      0.0,
      0.0,
      0.0,
      0.0,
      0.0,
      0.0,
      0.0,
      0.0,
      0.0,
      0.0,
      0.0,
      0.0,
      0.0,
      0.0,
      0.0,
      0.0,
      0.0,
      0.0,
      0.0,
      0.0,
      0.0,
      0.0,
      0.0,
      0.0,
      0.0,
      0.0,
      0.0,
      0.0,
      0.0,
      0.0,
      0.0,
      0.0,
      0.0,
      0.0,
      0.0,
      0.0,
      0.0,
      0.0,
      0.0,
      0.0
    ]
  },
  "train_loss_sfedavg": {
    "means": [
      2.2753116395299635,
      2.2467238053181755,
      2.2206471697985926,
      2.187180107842881,
      2.1620074076307905,
      2.1361458969748957,
      2.107929419061284,
      2.0772661864449145,
      2.053076595226414,
      2.025044211384446,
      1.998979036714245,
      1.9769821605209301,
      1.9548199638570112,
      1.9312340224297946,
      1.9061459313327052,
      1.8847073182565333,
      1.8638582505190593,
      1.8396923809693342,
      1.8175222083415983,
      1.7985095463999707,
      1.7770807191014517,
      1.7586188291627938,
      1.7414104271107076,
      1.7251627601903698,
      1.7066068449824607,
      1.6912900900734749,
      1.678020051733128,
      1.6614831175101068,
      1.6462304246457466,
      1.631751559467227,
      1.6137886455688744,
      1.5994447157965213,
      1.5878699833947467,
      1.5730821822443335,
      1.5582609152054756,
      1.5409770247524361,
      1.5289073790599956,
      1.5146360967389894,
      1.5032177657480035,
      1.4907813447450495,
      1.4784825291769428,
      1.4690183049947831,
      1.4550285482146035,
      1.4405055473353392,
      1.429206828377345,
      1.4177291486379278,
      1.4071177759883455,
      1.396712833624735,
      1.3855280822664855,
      1.375797445960149
    ],
    "stds": [
      0.0,
      0.0,
      0.0,
      0.0,
      0.0,
      0.0,
      0.0,
      0.0,
      0.0,
      0.0,
      0.0,
      0.0,
      0.0,
      0.0,
      0.0,
      0.0,
      0.0,
      0.0,
      0.0,
      0.0,
      0.0,
      0.0,
      0.0,
      0.0,
      0.0,
      0.0,
      0.0,
      0.0,
      0.0,
      0.0,
      0.0,
      0.0,
      0.0,
      0.0,
      0.0,
      0.0,
      0.0,
      0.0,
      0.0,
      0.0,
      0.0,
      0.0,
      0.0,
      0.0,
      0.0,
      0.0,
      0.0,
      0.0,
      0.0,
      0.0
    ]
  },
  "test_acc_sfedavg": {
    "means": [
      0.16875,
      0.235,
      0.27625,
      0.30625,
      0.3425,
      0.35625,
      0.3925,
      0.425,
      0.4425,
      0.46125,
      0.46875,
      0.47375,
      0.48125,
      0.4925,
      0.50625,
      0.505,
      0.51125,
      0.5225,
      0.5375,
      0.5375,
      0.545,
      0.5525,
      0.555,
      0.55625,
      0.56375,
      0.565,
      0.57125,
      0.57625,
      0.5875,
      0.5875,
      0.6025,
      0.61,
      0.60875,
      0.605,
      0.61,
      0.61875,
      0.61375,
      0.62375,
      0.62875,
      0.62625,
      0.6325,
      0.62625,
      0.6375,
      0.64625,
      0.645,
      0.6425,
      0.64875,
      0.645,
      0.65125,
      0.65125
    ],
    "stds": [
      0.0,
      0.0,
      0.0,
      0.0,
      0.0,
      0.0,
      0.0,
      0.0,
      0.0,
      0.0,
      0.0,
      0.0,
      0.0,
      0.0,
      0.0,
      0.0,
      0.0,
      0.0,
      0.0,
      0.0,
      0.0,
      0.0,
      0.0,
      0.0,
      0.0,
      0.0,
      0.0,
      0.0,
      0.0,
      0.0,
      0.0,
      0.0,
      0.0,
      0.0,
      0.0,
      0.0,
      0.0,
      0.0,
      0.0,
      0.0,
      0.0,
      0.0,
      0.0,
      0.0,
      0.0,
      0.0,
      0.0,
      0.0,
      0.0,
      0.0
    ]
  },