{
  "train_loss_fedavg": {
    "means": [
      1.3308201514575204,
      0.8264718705457483,
      0.597471896085473,
      0.4456715197462128,
      0.3502066565110285,
      0.3131200582779628,
      0.30684439254852375,
      0.27011316530239926,
      0.2498748088985404,
      0.21503326276318319,
      0.19749869115508895,
      0.17147260328193936,
      0.16035764142038866,
      0.15680076567001364,
      0.16003034957131873,
      0.14874269959178452,
      0.14258807714384714,
      0.13282663309379955,
      0.12454643956949106,
      0.12035986806899036,
      0.11654372277388943,
      0.11302109049533997,
      0.10972505825801071,
      0.10591949784528512,
      0.09956274072267529,
      0.09825015544380322,
      0.09466032274325366,
      0.09173700797162498,
      0.09057998802616367,
      0.09116538625516434,
      0.08867445594963284,
      0.08685829850225853,
      0.08204074257937846,
      0.07893296071347249,
      0.07597571559722807,
      0.07350106438107362,
      0.07197470920972605,
      0.06969260224306796,
      0.06937552629762254,
      0.06712739176350019,
      0.0658874436996257,
      0.06344877015642156,
      0.06306607243133575,
      0.062238691593195436,
      0.06155769372872634,
      0.06003683485598158,
      0.05932124614150469,
      0.058201690535022735,
      0.057704238081624074,
      0.05731331370228233
    ],
    "stds": [
      0.0,
      0.0,
      0.0,
      0.0,
      0.0,
      0.0,
      0.0,
      0.0,
      0.0,
      0.0,
      0.0,
      0.0,
      0.0,
      0.0,
      0.0,
      0.0,
      0.0,
      0.0,
      0.0,
      0.0,
      0.0,
      0.0,
      0.0,
      0.0,
      0.0,
      0.0,
      0.0,
      0.0,
      0.0,
      0.0,
      0.0,
      0.0,
      0.0,
      0.0,
      0.0,
      0.0,
      0.0,
      0.0,
      0.0,
      0.0,
      0.0,
      0.0,
      0.0,
      0.0,
      0.0,
      0.0,
      0.0,
      0.0,
      0.0,
      0.0
    ]
  },
  "train_loss_sfedavg": {
    "means": [
      1.979568077518161,
      1.7002775749242478,
      1.462910704261629,
      1.2927933884423255,
      1.170435925038509,
      1.022653890716413,
      0.9252090501058005,
      0.8477296074122277,
      0.7962105387785581,
      0.7433099122174046,
      0.6976133356532217,
      0.6574379736647061,
      0.6240650244695514,
      0.5982308663347103,
      0.5763320940387084,
      0.5481278100747591,
      0.5345645052088163,
      0.5076386066206213,
      0.4887936179157595,
      0.4702623282649542,
      0.4534156952544037,
      0.44133177489194964,
      0.43298047937757667,
      0.42148408008516,
      0.4051083356045434,
      0.39904111634985434,
      0.38796878226741655,
      0.3807780773850734,
      0.37064114601694664,
      0.3658411182565266,
      0.3594404127240855,
      0.35201199475675277,
      0.3443304473482905,
      0.33697034892082717,
      0.32976654746741535,
      0.3240678088753478,
      0.31695350226253005,
      0.3121509237911106,
      0.3085499271244205,
      0.3044743563015091,
      0.29899843356591266,
      0.29354280398593147,
      0.2901493309735368,
      0.28722657460172873,
      0.28472775314931126,
      0.2803632575302562,
      0.2771042628100154,
      0.2731428393616467,
      0.2685864770528737,
      0.26577636162573026
    ],
    "stds": [
      0.0,
      0.0,
      0.0,
      0.0,
      0.0,
      0.0,
      0.0,
      0.0,
      0.0,
      0.0,
      0.0,
      0.0,
      0.0,
      0.0,
      0.0,
      0.0,
      0.0,
      0.0,
      0.0,
      0.0,
      0.0,
      0.0,
      0.0,
      0.0,
      0.0,
      0.0,
      0.0,
      0.0,
      0.0,
      0.0,
      0.0,
      0.0,
      0.0,
      0.0,
      0.0,
      0.0,
      0.0,
      0.0,
      0.0,
      0.0,
      0.0,
      0.0,
      0.0,
      0.0,
      0.0,
      0.0,
      0.0,
      0.0,
      0.0,
      0.0
    ]
  },
  "test_acc_fedavg": {
    "means": [
      0.7388888888888889,
      0.7527777777777778,
      0.8027777777777778,
      0.8611111111111112,
      0.8805555555555555,
      0.8833333333333333,
      0.8861111111111111,
      0.9,
      0.9083333333333333,
      0.9222222222222223,
      0.925,
      0.9277777777777778,
      0.9416666666666667,
      0.9416666666666667,
      0.9388888888888889,
      0.9416666666666667,
      0.9333333333333333,
      0.9333333333333333,
      0.9333333333333333,
      0.9361111111111111,
      0.9361111111111111,
      0.9388888888888889,
      0.9416666666666667,
      0.9444444444444444,
      0.9416666666666667,
      0.9361111111111111,
      0.9361111111111111,
      0.9333333333333333,
      0.9333333333333333,
      0.9333333333333333,
      0.9361111111111111,
      0.9305555555555556,
      0.9361111111111111,
      0.9361111111111111,
      0.9305555555555556,
      0.9305555555555556,
      0.9333333333333333,
      0.9333333333333333,
      0.9361111111111111,
      0.9388888888888889,
      0.9416666666666667,
      0.9416666666666667,
      0.9416666666666667,
      0.95,
      0.9444444444444444,
      0.9444444444444444,
      0.9444444444444444,
      0.9416666666666667,
      0.9388888888888889,
      0.9444444444444444
    ],
    "stds": [
      0.0,
      0.0,
      0.0,
      0.0,
      0.0,
      0.0,
      0.0,
      0.0,
      0.0,
      0.0,
      0.0,
      0.0,
      0.0,
      0.0,
      0.0,
      0.0,
      0.0,
      0.0,
      0.0,
      0.0,
      0.0,
      0.0,
      0.0,
      0.0,
      0.0,
      0.0,
      0.0,
      0.0,
      0.0,
      0.0,
      0.0,
      0.0,
      0.0,
      0.0,
      0.0,
      0.0,
      0.0,
      0.0,
      0.0,
      0.0,
      0.0,
      0.0,
      0.0,
      0.0,
      0.0,
      0.0,
      0.0,
      0.0,
      0.0,
      0.0
    ]
  },
  "test_acc_sfedavg": {
    "means": [
      0.5694444444444444,
      0.6444444444444445,
      0.7111111111111111,
      0.7305555555555555,
      0.7666666666666667,
      0.7861111111111111,
      0.7861111111111111,
      0.8083333333333333,
      0.8166666666666667,
      0.8388888888888889,
      0.8611111111111112,
      0.8611111111111112,
      0.8666666666666667,
      0.8638888888888889,
      0.8638888888888889,
      0.8777777777777778,
      0.875,
      0.8833333333333333,
      0.8861111111111111,
      0.8916666666666667,
      0.8972222222222223,
      0.9,
      0.9,
      0.9027777777777778,
      0.9138888888888889,
      0.9111111111111111,
      0.9166666666666666,
      0.9166666666666666,
      0.9194444444444444,
      0.9166666666666666,
      0.9194444444444444,
      0.9194444444444444,
      0.925,
      0.9277777777777778,
      0.9277777777777778,
      0.9277777777777778,
      0.925,
      0.925,
      0.925,
      0.925,
      0.925,
      0.9277777777777778,
      0.9277777777777778,
      0.9333333333333333,
      0.9305555555555556,
      0.9333333333333333,
      0.9333333333333333,
      0.9361111111111111,
      0.9333333333333333,
      0.9333333333333333
    ],
    "stds": [
      0.0,
      0.0,
      0.0,
      0.0,
      0.0,
      0.0,
      0.0,
      0.0,
      0.0,
      0.0,
      0.0,
      0.0,
      0.0,
      0.0,
      0.0,
      0.0,
      0.0,
      0.0,
      0.0,
      0.0,
      0.0,
      0.0,
      0.0,
      0.0,
      0.0,
      0.0,
      0.0,
      0.0,
      0.0,
      0.0,
      0.0,
      0.0,
      0.0,
      0.0,
      0.0,
      0.0,
      0.0,
      0.0,
      0.0,
      0.0,
      0.0,
      0.0,
      0.0,
      0.0,
      0.0,
      0.0,
      0.0,
      0.0,
      0.0,
      0.0
    ]
  },