{
  "train_loss_fedavg": {
    "means": [
      1.269228500437846,
      0.8100396796022055,
      0.5884066123105758,
      0.44188765450022754,
      0.3536792767227341,
      0.3148926383778009,
      0.29868921156311146,
      0.2637212457477865,
      0.23953272764220476,
      0.20993612779788326,
      0.1940055596711212,
      0.17594793751377658,
      0.16659175146745814,
      0.16281576295543312,
      0.16117525391779947,
      0.1523825471203108,
      0.14839520307087972,
      0.14083941479761336,
      0.1358535556381219,
      0.1303927010568751,
      0.1283186278839431,
      0.12409304099309457,
      0.12064005792743253,
      0.11544305266292239,
      0.11035575518652979,
      0.10916819045268142,
      0.10645173066131262,
      0.1049111704379881,
      0.10373855169129761,
      0.1051719956934313,
      0.1043137472438104,
      0.10303645614684687,
      0.09943035361927406,
      0.09676847057295478,
      0.09403738650032861,
      0.09181527053759916,
      0.09032260737374033,
      0.08920025000819823,
      0.08901124898550365,
      0.08728269536711829,
      0.08650654228892375,
      0.085226072324062,
      0.08497340245332768,
      0.0847948476119379,
      0.0845656375385945,
      0.08311369814550039,
      0.08231933684478845,
      0.08088376515843629,
      0.07946021721043801,
      0.0791236910050652
    ],
    "stds": [
      0.0,
      0.0,
      0.0,
      0.0,
      0.0,
      0.0,
      0.0,
      0.0,
      0.0,
      0.0,
      0.0,
      0.0,
      0.0,
      0.0,
      0.0,
      0.0,
      0.0,
      0.0,
      0.0,
      0.0,
      0.0,
      0.0,
      0.0,
      0.0,
      0.0,
      0.0,
      0.0,
      0.0,
      0.0,
      0.0,
      0.0,
      0.0,
      0.0,
      0.0,
      0.0,
      0.0,
      0.0,
      0.0,
      0.0,
      0.0,
      0.0,
      0.0,
      0.0,
      0.0,
      0.0,
      0.0,
      0.0,
      0.0,
      0.0,
      0.0
    ]
  },
  "train_loss_sfedavg": {
    "means": [
      1.8014027474093863,
      1.4632324577461902,
      1.2374056275308745,
      1.0657494298524093,
      0.9390316413627211,
      0.8553578276857583,
      0.7950092570265042,
      0.7436246126382945,
      0.6876045803766248,
      0.6359845169189897,
      0.6062804247711701,
      0.5709604426275431,
      0.5407096126167905,
      0.5203711582997917,
      0.49837416608362983,
      0.4760727516682252,
      0.4648532764400326,
      0.44060928120383913,
      0.425514667841513,
      0.4111499840851043,
      0.39817375187608944,
      0.3879381455229979,
      0.37649998641079724,
      0.3654663092248822,
      0.3567970834928873,
      0.3507718573143485,
      0.3432218572023647,
      0.33769864769738367,
      0.3316900364166874,
      0.3280204612779611,
      0.32323640957514205,
      0.31643767363537967,
      0.3095954951150349,
      0.30409397766969787,
      0.2985361578273697,
      0.29332807098469393,
      0.2872229500642551,
      0.28186772956282274,
      0.2784870307890525,
      0.274426355643702,
      0.26876188367089965,
      0.2654452273258699,
      0.2634640875360474,
      0.26057333965611046,
      0.25762657108182996,
      0.2529641283743933,
      0.25012646532882327,
      0.24678718543590086,
      0.2427229718170151,
      0.24093281108097678
    ],
    "stds": [
      0.0,
      0.0,
      0.0,
      0.0,
      0.0,
      0.0,
      0.0,
      0.0,
      0.0,
      0.0,
      0.0,
      0.0,
      0.0,
      0.0,
      0.0,
      0.0,
      0.0,
      0.0,
      0.0,
      0.0,
      0.0,
      0.0,
      0.0,
      0.0,
      0.0,
      0.0,
      0.0,
      0.0,
      0.0,
      0.0,
      0.0,
      0.0,
      0.0,
      0.0,
      0.0,
      0.0,
      0.0,
      0.0,
      0.0,
      0.0,
      0.0,
      0.0,
      0.0,
      0.0,
      0.0,
      0.0,
      0.0,
      0.0,
      0.0,
      0.0
    ]
  },
  "test_acc_fedavg": {
    "means": [
      0.7388888888888889,
      0.7555555555555555,
      0.8222222222222222,
      0.8722222222222222,
      0.8805555555555555,
      0.8916666666666667,
      0.8972222222222223,
      0.9,
      0.9166666666666666,
      0.9222222222222223,
      0.9333333333333333,
      0.9472222222222222,
      0.9416666666666667,
      0.9388888888888889,
      0.9444444444444444,
      0.9416666666666667,
      0.9361111111111111,
      0.9361111111111111,
      0.9333333333333333,
      0.9305555555555556,
      0.9333333333333333,
      0.9388888888888889,
      0.9305555555555556,
      0.9388888888888889,
      0.9416666666666667,
      0.9388888888888889,
      0.9388888888888889,
      0.9416666666666667,
      0.9416666666666667,
      0.9416666666666667,
      0.9444444444444444,
      0.9472222222222222,
      0.9388888888888889,
      0.9388888888888889,
      0.9388888888888889,
      0.9416666666666667,
      0.9444444444444444,
      0.9416666666666667,
      0.9444444444444444,
      0.9444444444444444,
      0.95,
      0.9472222222222222,
      0.95,
      0.95,
      0.9555555555555556,
      0.9555555555555556,
      0.9583333333333334,
      0.9527777777777777,
      0.9472222222222222,
      0.9527777777777777
    ],
    "stds": [
      0.0,
      0.0,
      0.0,
      0.0,
      0.0,
      0.0,
      0.0,
      0.0,
      0.0,
      0.0,
      0.0,
      0.0,
      0.0,
      0.0,
      0.0,
      0.0,
      0.0,
      0.0,
      0.0,
      0.0,
      0.0,
      0.0,
      0.0,
      0.0,
      0.0,
      0.0,
      0.0,
      0.0,
      0.0,
      0.0,
      0.0,
      0.0,
      0.0,
      0.0,
      0.0,
      0.0,
      0.0,
      0.0,
      0.0,
      0.0,
      0.0,
      0.0,
      0.0,
      0.0,
      0.0,
      0.0,
      0.0,
      0.0,
      0.0,
      0.0
    ]
  },
  "test_acc_sfedavg": {
    "means": [
      0.6361111111111111,
      0.6916666666666667,
      0.7194444444444444,
      0.7722222222222223,
      0.7888888888888889,
      0.8,
      0.7972222222222223,
      0.8083333333333333,
      0.8222222222222222,
      0.8444444444444444,
      0.8527777777777777,
      0.8694444444444445,
      0.875,
      0.8666666666666667,
      0.875,
      0.8805555555555555,
      0.8694444444444445,
      0.8888888888888888,
      0.8944444444444445,
      0.8916666666666667,
      0.8972222222222223,
      0.8944444444444445,
      0.9,
      0.8972222222222223,
      0.9,
      0.9027777777777778,
      0.9055555555555556,
      0.9111111111111111,
      0.9111111111111111,
      0.9138888888888889,
      0.9111111111111111,
      0.9138888888888889,
      0.9166666666666666,
      0.9194444444444444,
      0.9194444444444444,
      0.9194444444444444,
      0.9194444444444444,
      0.9166666666666666,
      0.9222222222222223,
      0.9222222222222223,
      0.9194444444444444,
      0.9194444444444444,
      0.9222222222222223,
      0.9277777777777778,
      0.9222222222222223,
      0.9222222222222223,
      0.9194444444444444,
      0.925,
      0.925,
      0.925
    ],
    "stds": [
      0.0,
      0.0,
      0.0,
      0.0,
      0.0,
      0.0,
      0.0,
      0.0,
      0.0,
      0.0,
      0.0,
      0.0,
      0.0,
      0.0,
      0.0,
      0.0,
      0.0,
      0.0,
      0.0,
      0.0,
      0.0,
      0.0,
      0.0,
      0.0,
      0.0,
      0.0,
      0.0,
      0.0,
      0.0,
      0.0,
      0.0,
      0.0,
      0.0,
      0.0,
      0.0,
      0.0,
      0.0,
      0.0,
      0.0,
      0.0,
      0.0,
      0.0,
      0.0,
      0.0,
      0.0,
      0.0,
      0.0,
      0.0,
      0.0,
      0.0
    ]
  },