{
  "train_loss_fedavg": {
    "means": [
      0.7070891821633505,
      0.6241151519711386,
      0.5599737481428455,
      0.5134538675159639,
      0.474201270288702,
      0.4430355138042216,
      0.4177891418811842,
      0.39747542250301005,
      0.380611584565434,
      0.3653527451282501,
      0.35381199639861494,
      0.3429750955100693,
      0.33338539219705615,
      0.32515057133281683,
      0.31748742759131604,
      0.3107065904856655,
      0.30449541518758466,
      0.29910099564228176,
      0.2940814073585781,
      0.28944783950065206,
      0.28515796177212926,
      0.2811301736663861,
      0.2774216627418265,
      0.2741582062023979,
      0.2710233576467409,
      0.26800069242925834,
      0.2650895721112465,
      0.26234588445911633,
      0.25976821220485313,
      0.2573447477294126,
      0.2549707341711492,
      0.25291783535035073,
      0.2507500462268356,
      0.24876589797261148,
      0.24676016558881383,
      0.24506367840934745,
      0.24334345978292748,
      0.24170421389428765,
      0.2401729500794686,
      0.23864045286225372
    ],
    "stds": [
      0.0,
      0.0,
      0.0,
      0.0,
      0.0,
      0.0,
      0.0,
      0.0,
      0.0,
      0.0,
      0.0,
      0.0,
      0.0,
      0.0,
      0.0,
      0.0,
      0.0,
      0.0,
      0.0,
      0.0,
      0.0,
      0.0,
      0.0,
      0.0,
      0.0,
      0.0,
      0.0,
      0.0,
      0.0,
      0.0,
      0.0,
      0.0,
      0.0,
      0.0,
      0.0,
      0.0,
      0.0,
      0.0,
      0.0,
      0.0
    ]
  },
  "test_acc_fedavg": {
    "means": [
      0.5665,
      0.6385,
      0.70875,
      0.759,
      0.802,
      0.835,
      0.85575,
      0.87325,
      0.88375,
      0.89375,
      0.89625,
      0.9015,
      0.90875,
      0.91225,
      0.91525,
      0.91825,
      0.92,
      0.91925,
      0.92225,
      0.92425,
      0.9255,
      0.92475,
      0.926,
      0.9255,
      0.92425,
      0.92425,
      0.923,
      0.9215,
      0.92175,
      0.9215,
      0.92375,
      0.9235,
      0.9225,
      0.92275,
      0.9235,
      0.92225,
      0.92275,
      0.92275,
      0.9235,
      0.92275
    ],
    "stds": [
      0.0,
      0.0,
      0.0,
      0.0,
      0.0,
      0.0,
      0.0,
      0.0,
      0.0,
      0.0,
      0.0,
      0.0,
      0.0,
      0.0,
      0.0,
      0.0,
      0.0,
      0.0,
      0.0,
      0.0,
      0.0,
      0.0,
      0.0,
      0.0,
      0.0,
      0.0,
      0.0,
      0.0,
      0.0,
      0.0,
      0.0,
      0.0,
      0.0,
      0.0,
      0.0,
      0.0,
      0.0,
      0.0,
      0.0,
      0.0
    ]
  },
  "comm_floats_fedavg": {
    "means": [
      2020.0,
      4040.0,
      6060.0,
      8080.0,
      10100.0,
      12120.0,
      14140.0,
      16160.0,
      18180.0,
      20200.0,
      22220.0,
      24240.0,
      26260.0,
      28280.0,
      30300.0,
      32320.0,
      34340.0,
      36360.0,
      38380.0,
      40400.0,
      42420.0,
      44440.0,
      46460.0,
      48480.0,
      50500.0,
      52520.0,
      54540.0,
      56560.0,
      58580.0,
      60600.0,
      62620.0,
      64640.0,
      66660.0,
      68680.0,
      70700.0,
      72720.0,
      74740.0,
      76760.0,
      78780.0,
      80800.0
    ],
    "stds": [
      0.0,
      0.0,
      0.0,
      0.0,
      0.0,
      0.0,
      0.0,
      0.0,
      0.0,
      0.0,
      0.0,
      0.0,
      0.0,
      0.0,
      0.0,
      0.0,
      0.0,
      0.0,
      0.0,
      0.0,
      0.0,
      0.0,
      0.0,
      0.0,
      0.0,
      0.0,
      0.0,
      0.0,
      0.0,
      0.0,
      0.0,
      0.0,
      0.0,
      0.0,
      0.0,
      0.0,
      0.0,
      0.0,
      0.0,
      0.0
    ]
  },
  "comm_per_0.8_acc_fedavg": {
    "means": [
      10100.0
    ],
    "stds": [
      0.0
    ]
  },
  "rounds_to_target_loss_fedavg": {
    "means": [
      5
    ],
    "stds": [
      0.0
    ]
  },
  "stability_index_fedavg": {
    "means": [
      56.11080326947539
    ],
    "stds": [
      0.0
    ]
  },
  "area_under_accuracy_curve_fedavg": {
    "means": [
      34.677625
    ],
    "stds": [
      0.0
    ]
  },
  "train_loss_sfedavg": {
    "means": [
      0.7838280286308059,
      0.7660880228567093,
      0.7416407898223331,
      0.7151379462670202,
      0.7051881846496888,
      0.6902900213172676,
      0.6706233289477225,
      0.665438620748737,
      0.6467063682894372,
      0.6289455871187054,
      0.6149532918746484,
      0.6086520990335007,
      0.5980392779346009,
      0.5903517976208246,
      0.5795783472968842,
      0.5733554386045705,
      0.5571186121188669,
      0.5497309202474074,
      0.5435894168359177,
      0.527726192339356,
      0.5207016287181304,
      0.5141220206216314,
      0.5101886681629227,
      0.4931879980303454,
      0.48272143474435164,
      0.48146540041525726,
      0.4733737781987988,
      0.46563002520090124,
      0.4622475815065261,
      0.4589309034906195,
      0.45582868757443273,
      0.45131964039736683,
      0.44645134078415016,
      0.4389061426756316,
      0.4329550811047211,
      0.42799581113259816,
      0.41747094609546626,
      0.4143271501423618,
      0.41141056697499573,
      0.4086191963807652
    ],
    "stds": [
      0.0,
      0.0,
      0.0,
      0.0,
      0.0,
      0.0,
      0.0,
      0.0,
      0.0,
      0.0,
      0.0,
      0.0,
      0.0,
      0.0,
      0.0,
      0.0,
      0.0,
      0.0,
      0.0,
      0.0,
      0.0,
      0.0,
      0.0,
      0.0,
      0.0,
      0.0,
      0.0,
      0.0,
      0.0,
      0.0,
      0.0,
      0.0,
      0.0,
      0.0,
      0.0,
      0.0,
      0.0,
      0.0,
      0.0,
      0.0
    ]
  },
  "test_acc_sfedavg": {
    "means": [
      0.51125,
      0.52725,
      0.546,
      0.56125,
      0.5705,
      0.59175,
      0.60175,
      0.61075,
      0.627,
      0.64175,
      0.6585,
      0.6675,
      0.67325,
      0.67925,
      0.6915,
      0.69575,
      0.706,
      0.7115,
      0.71425,
      0.73375,
      0.74125,
      0.7465,
      0.74975,
      0.75625,
      0.7665,
      0.76575,
      0.773,
      0.78475,
      0.78375,
      0.78425,
      0.79125,
      0.79325,
      0.80025,
      0.8105,
      0.8135,
      0.81875,
      0.82625,
      0.8265,
      0.83,
      0.837
    ],
    "stds": [
      0.0,
      0.0,
      0.0,
      0.0,
      0.0,
      0.0,
      0.0,
      0.0,
      0.0,
      0.0,
      0.0,
      0.0,
      0.0,
      0.0,
      0.0,
      0.0,
      0.0,
      0.0,
      0.0,
      0.0,
      0.0,
      0.0,
      0.0,
      0.0,
      0.0,
      0.0,
      0.0,
      0.0,
      0.0,
      0.0,
      0.0,
      0.0,
      0.0,
      0.0,
      0.0,
      0.0,
      0.0,
      0.0,
      0.0,
      0.0
    ]
  },
  "comm_floats_sfedavg": {
    "means": [
      104030.0,
      208060.0,
      312090.0,
      416120.0,
      520150.0,
      624180.0,
      728210.0,
      832240.0,
      936270.0,
      1040300.0,
      1144330.0,
      1248360.0,
      1352390.0,
      1456420.0,
      1560450.0,
      1664480.0,
      1768510.0,
      1872540.0,
      1976570.0,
      2080600.0,
      2184630.0,
      2288660.0,
      2392690.0,
      2496720.0,
      2600750.0,
      2704780.0,
      2808810.0,
      2912840.0,
      3016870.0,
      3120900.0,
      3224930.0,
      3328960.0,
      3432990.0,
      3537020.0,
      3641050.0,
      3745080.0,
      3849110.0,
      3953140.0,
      4057170.0,
      4161200.0
    ],