{
  "train_loss/FedAvg": {
    "means": [
      1.0283747705276636,
      0.7077959376572192,
      0.5565764329152542,
      0.4691252510174768,
      0.31779911843800607,
      0.2663633874408542,
      0.23242205833309248,
      0.20582715824992553,
      0.20131255959878824,
      0.1874744056354298,
      0.17502100836236226,
      0.16386309524326853,
      0.16367779594687595,
      0.15623668812225225,
      0.14884361790089168,
      0.1442050463734294,
      0.14387605514085844,
      0.13930703646399517,
      0.13434961121482153,
      0.13193233752364095,
      0.13119157270509513,
      0.12838512346069222,
      0.12463789609381498,
      0.12295378724373449,
      0.12183243316840212,
      0.12011145873750895,
      0.11702453462254275,
      0.11571565421212365,
      0.11461122613472166,
      0.11353148695043003,
      0.11106112395804263,
      0.11003220889063722,
      0.10912530097241332,
      0.1084128089865921,
      0.10653122269726893,
      0.1056924111820618,
      0.10491575358898984,
      0.10442938722167845,
      0.10302225683110469,
      0.10231577654503965,
      0.10160331145777593,
      0.1012736300830207,
      0.10020001735922396,
      0.09959723032794648,
      0.09895559923237385,
      0.09872097338311676,
      0.09786790506620452,
      0.09735388995979592,
      0.09681220511985186,
      0.0966212624696078,
      0.0959219242929112,
      0.09548725854527125,
      0.09505348799769803,
      0.09488074629781568,
      0.09429924400479917,
      0.09393296637966536,
      0.0935884602510138,
      0.09343099395633597,
      0.09294561084930733,
      0.09263360490513603,
      0.09235024266745599,
      0.09221474781282797,
      0.09181024043116827,
      0.09153833962460974,
      0.0912941787915657,
      0.09118569258189607,
      0.09084923336014813,
      0.09060646357530361,
      0.09038996610489872,
      0.09030779901490041,
      0.09002708040098462,
      0.08980696251529253,
      0.08961364751781134,
      0.0895534813149289,
      0.08931692903751316,
      0.08911668263873647,
      0.08894447557442117,
      0.08890174590944364,
      0.08869944700591195,
      0.08851800439863859
    ],
    "stds": [
      0.0,
      0.0,
      0.0,
      0.0,
      0.0,
      0.0,
      0.0,
      0.0,
      0.0,
      0.0,
      0.0,
      0.0,
      0.0,
      0.0,
      0.0,
      0.0,
      0.0,
      0.0,
      0.0,
      0.0,
      0.0,
      0.0,
      0.0,
      0.0,
      0.0,
      0.0,
      0.0,
      0.0,
      0.0,
      0.0,
      0.0,
      0.0,
      0.0,
      0.0,
      0.0,
      0.0,
      0.0,
      0.0,
      0.0,
      0.0,
      0.0,
      0.0,
      0.0,
      0.0,
      0.0,
      0.0,
      0.0,
      0.0,
      0.0,
      0.0,
      0.0,
      0.0,
      0.0,
      0.0,
      0.0,
      0.0,
      0.0,
      0.0,
      0.0,
      0.0,
      0.0,
      0.0,
      0.0,
      0.0,
      0.0,
      0.0,
      0.0,
      0.0,
      0.0,
      0.0,
      0.0,
      0.0,
      0.0,
      0.0,
      0.0,
      0.0,
      0.0,
      0.0,
      0.0,
      0.0
    ]
  },
  "test_accuracy/FedAvg": {
    "means": [
      0.825,
      0.8611111111111112,
      0.9111111111111111,
      0.9166666666666666,
      0.9138888888888889,
      0.9194444444444444,
      0.9222222222222223,
      0.9277777777777778,
      0.9222222222222223,
      0.9277777777777778,
      0.9333333333333333,
      0.9388888888888889,
      0.9388888888888889,
      0.9388888888888889,
      0.9416666666666667,
      0.9472222222222222,
      0.9472222222222222,
      0.9527777777777777,
      0.9555555555555556,
      0.9555555555555556,
      0.9611111111111111,
      0.9638888888888889,
      0.9638888888888889,
      0.9638888888888889,
      0.9638888888888889,
      0.9666666666666667,
      0.9666666666666667,
      0.9638888888888889,
      0.9666666666666667,
      0.9638888888888889,
      0.9638888888888889,
      0.9666666666666667,
      0.9666666666666667,
      0.9666666666666667,
      0.9638888888888889,
      0.9638888888888889,
      0.9666666666666667,
      0.9638888888888889,
      0.9638888888888889,
      0.9638888888888889,
      0.9666666666666667,
      0.9638888888888889,
      0.9638888888888889,
      0.9638888888888889,
      0.9638888888888889,
      0.9638888888888889,
      0.9638888888888889,
      0.9638888888888889,
      0.9666666666666667,
      0.9638888888888889,
      0.9638888888888889,
      0.9638888888888889,
      0.9666666666666667,
      0.9666666666666667,
      0.9638888888888889,
      0.9638888888888889,
      0.9666666666666667,
      0.9666666666666667,
      0.9638888888888889,
      0.9666666666666667,
      0.9666666666666667,
      0.9666666666666667,
      0.9638888888888889,
      0.9666666666666667,
      0.9666666666666667,
      0.9666666666666667,
      0.9638888888888889,
      0.9666666666666667,
      0.9666666666666667,
      0.9638888888888889,
      0.9638888888888889,
      0.9666666666666667,
      0.9666666666666667,
      0.9638888888888889,
      0.9666666666666667,
      0.9666666666666667,
      0.9666666666666667,
      0.9638888888888889,
      0.9666666666666667,
      0.9666666666666667
    ],
    "stds": [
      0.0,
      0.0,
      0.0,
      0.0,
      0.0,
      0.0,
      0.0,
      0.0,
      0.0,
      0.0,
      0.0,
      0.0,
      0.0,
      0.0,
      0.0,
      0.0,
      0.0,
      0.0,
      0.0,
      0.0,
      0.0,
      0.0,
      0.0,
      0.0,
      0.0,
      0.0,
      0.0,
      0.0,
      0.0,
      0.0,
      0.0,
      0.0,
      0.0,
      0.0,
      0.0,
      0.0,
      0.0,
      0.0,
      0.0,
      0.0,
      0.0,
      0.0,
      0.0,
      0.0,
      0.0,
      0.0,
      0.0,
      0.0,
      0.0,
      0.0,
      0.0,
      0.0,
      0.0,
      0.0,
      0.0,
      0.0,
      0.0,
      0.0,
      0.0,
      0.0,
      0.0,
      0.0,
      0.0,
      0.0,
      0.0,
      0.0,
      0.0,
      0.0,
      0.0,
      0.0,
      0.0,
      0.0,
      0.0,
      0.0,
      0.0,
      0.0,
      0.0,
      0.0,
      0.0,
      0.0
    ]
  },
  "cumulative_comm_params/FedAvg": {
    "means": [
      6400,
      12800,
      19200,
      25600,
      32000,
      38400,
      44800,
      51200,
      57600,
      64000,
      70400,
      76800,
      83200,
      89600,
      96000,
      102400,
      108800,
      115200,
      121600,
      128000,
      134400,
      140800,
      147200,
      153600,
      160000,
      166400,
      172800,
      179200,
      185600,
      192000,
      198400,
      204800,
      211200,
      217600,
      224000,
      230400,
      236800,
      243200,
      249600,
      256000,
      262400,
      268800,
      275200,
      281600,
      288000,
      294400,
      300800,
      307200,
      313600,
      320000,
      326400,
      332800,
      339200,
      345600,
      352000,
      358400,
      364800,
      371200,
      377600,
      384000,
      390400,
      396800,
      403200,
      409600,
      416000,
      422400,
      428800,
      435200,
      441600,
      448000,
      454400,
      460800,
      467200,
      473600,
      480000,
      486400,
      492800,
      499200,
      505600,
      512000
    ],