{
  "train_loss_fedavg": {
    "means": [
      1.3829866447951678,
      0.8517182343909194,
      0.8258289179318591,
      0.6166284400155624,
      0.6174844339519541,
      0.5419221924979823,
      0.5743849180037202,
      0.5811343132908002,
      0.46544262479099424,
      0.40796140391362384,
      0.43163834811034646,
      0.36650084431573837,
      0.3168843921403856,
      0.28196649753323805,
      0.31435781931091844,
      0.3402305011851804,
      0.32706277126435396,
      0.33780370927658776,
      0.31643381849214747,
      0.2916191041767005,
      0.27504392722726817,
      0.2704790541808197,
      0.2390357920805466,
      0.22858231762779543,
      0.2211993620991023,
      0.2257645311836902,
      0.21560255494211078,
      0.20303436438330252,
      0.22593149723563669,
      0.20935324400440478
    ],
    "stds": [
      0.0,
      0.0,
      0.0,
      0.0,
      0.0,
      0.0,
      0.0,
      0.0,
      0.0,
      0.0,
      0.0,
      0.0,
      0.0,
      0.0,
      0.0,
      0.0,
      0.0,
      0.0,
      0.0,
      0.0,
      0.0,
      0.0,
      0.0,
      0.0,
      0.0,
      0.0,
      0.0,
      0.0,
      0.0,
      0.0
    ]
  },
  "test_acc_fedavg": {
    "means": [
      0.7472222222222222,
      0.8666666666666667,
      0.8555555555555555,
      0.8833333333333333,
      0.8888888888888888,
      0.8916666666666667,
      0.8888888888888888,
      0.8777777777777778,
      0.8972222222222223,
      0.9194444444444444,
      0.9361111111111111,
      0.9194444444444444,
      0.9194444444444444,
      0.9166666666666666,
      0.9194444444444444,
      0.925,
      0.925,
      0.9277777777777778,
      0.9333333333333333,
      0.9305555555555556,
      0.9305555555555556,
      0.9277777777777778,
      0.9277777777777778,
      0.9333333333333333,
      0.9333333333333333,
      0.9194444444444444,
      0.925,
      0.9277777777777778,
      0.9194444444444444,
      0.925
    ],
    "stds": [
      0.0,
      0.0,
      0.0,
      0.0,
      0.0,
      0.0,
      0.0,
      0.0,
      0.0,
      0.0,
      0.0,
      0.0,
      0.0,
      0.0,
      0.0,
      0.0,
      0.0,
      0.0,
      0.0,
      0.0,
      0.0,
      0.0,
      0.0,
      0.0,
      0.0,
      0.0,
      0.0,
      0.0,
      0.0,
      0.0
    ]
  },
  "comm_MB_fedavg": {
    "means": [
      0.10752,
      0.21504,
      0.32256,
      0.43008,
      0.5376000000000001,
      0.6451200000000001,
      0.7526400000000002,
      0.8601600000000003,
      0.9676800000000003,
      1.0752000000000004,
      1.1827200000000004,
      1.2902400000000005,
      1.3977600000000006,
      1.5052800000000006,
      1.6128000000000007,
      1.7203200000000007,
      1.8278400000000008,
      1.9353600000000009,
      2.0428800000000007,
      2.1504000000000008,
      2.257920000000001,
      2.365440000000001,
      2.472960000000001,
      2.580480000000001,
      2.688000000000001,
      2.795520000000001,
      2.903040000000001,
      3.0105600000000012,
      3.1180800000000013,
      3.2256000000000014
    ],
    "stds": [
      0.0,
      0.0,
      0.0,
      0.0,
      0.0,
      0.0,
      0.0,
      0.0,
      0.0,
      0.0,
      0.0,
      0.0,
      0.0,
      0.0,
      0.0,
      0.0,
      0.0,
      0.0,
      0.0,
      0.0,
      0.0,
      0.0,
      0.0,
      0.0,
      0.0,
      0.0,
      0.0,
      0.0,
      0.0,
      0.0
    ]
  },
  "train_loss_sfedavg": {
    "means": [
      1.3912972730842947,
      1.1114894250044622,
      0.9199713474753195,
      0.7550076055253004,
      0.6206273401053065,
      0.5685036568239648,
      0.5278634195778181,
      0.47158479889113447,
      0.45368146756952704,
      0.4476222611184256,
      0.3862902280968336,
      0.3888685168574855,
      0.3797533761062948,
      0.4036732694582556,
      0.39826893933799257,
      0.3681757284080241,
      0.36203130575260295,
      0.37304601145119476,
      0.35491384999064773,
      0.3457970309093225,
      0.33872053638447797,
      0.30652298253237653,
      0.2999420856619618,
      0.29996457981534286,
      0.2864203670384169,
      0.2807790038528641,
      0.27447787655258354,
      0.2593493799210202,
      0.2510171448687502,
      0.24474658990720194
    ],
    "stds": [
      0.0,
      0.0,
      0.0,
      0.0,
      0.0,
      0.0,
      0.0,
      0.0,
      0.0,
      0.0,
      0.0,
      0.0,
      0.0,
      0.0,
      0.0,
      0.0,
      0.0,
      0.0,
      0.0,
      0.0,
      0.0,
      0.0,
      0.0,
      0.0,
      0.0,
      0.0,
      0.0,
      0.0,
      0.0,
      0.0
    ]
  },
  "test_acc_sfedavg": {
    "means": [
      0.6083333333333333,
      0.6666666666666666,
      0.7472222222222222,
      0.7583333333333333,
      0.8416666666666667,
      0.8472222222222222,
      0.8333333333333334,
      0.8611111111111112,
      0.8611111111111112,
      0.8611111111111112,
      0.875,
      0.8722222222222222,
      0.8694444444444445,
      0.8888888888888888,
      0.8861111111111111,
      0.8888888888888888,
      0.8833333333333333,
      0.9027777777777778,
      0.8777777777777778,
      0.8805555555555555,
      0.8861111111111111,
      0.8916666666666667,
      0.8916666666666667,
      0.8944444444444445,
      0.8861111111111111,
      0.8944444444444445,
      0.8888888888888888,
      0.8944444444444445,
      0.8972222222222223,
      0.9027777777777778
    ],
    "stds": [
      0.0,
      0.0,
      0.0,
      0.0,
      0.0,
      0.0,
      0.0,
      0.0,
      0.0,
      0.0,
      0.0,
      0.0,
      0.0,
      0.0,
      0.0,
      0.0,
      0.0,
      0.0,
      0.0,
      0.0,
      0.0,
      0.0,
      0.0,
      0.0,
      0.0,
      0.0,
      0.0,
      0.0,
      0.0,
      0.0
    ]
  },
  "comm_MB_sfedavg": {
    "means": [
      6.66112,
      13.32224,
      19.98336,
      26.64448,
      33.3056,
      39.966719999999995,
      46.62783999999999,
      53.28895999999999,
      59.950079999999986,
      66.61119999999998,
      73.27231999999998,
      79.93343999999998,
      86.59455999999997,
      93.25567999999997,
      99.91679999999997,
      106.57791999999996,
      113.23903999999996,
      119.90015999999996,
      126.56127999999995,
      133.22239999999996,
      139.88351999999998,
      146.54464,
      153.20576,
      159.86688,
      166.52800000000002,
      173.18912000000003,
      179.85024000000004,
      186.51136000000005,
      193.17248000000006,
      199.83360000000008
    ],
    "stds": [
      0.0,
      0.0,
      0.0,
      0.0,
      0.0,
      0.0,
      0.0,
      0.0,
      0.0,
      0.0,
      0.0,
      0.0,
      0.0,
      0.0,
      0.0,
      0.0,
      0.0,
      0.0,
      0.0,
      0.0,
      0.0,
      0.0,
      0.0,
      0.0,
      0.0,
      0.0,
      0.0,
      0.0,
      0.0,
      0.0
    ]
  }
}