{
  "train_loss_fedavg": {
    "means": [
      1.353801118656508,
      0.8366547564006401,
      0.5932759325081651,
      0.4574227733886367,
      0.3983037712786009,
      0.36333280942395496,
      0.3439251637919965,
      0.3401281140754792,
      0.33700428895075185,
      0.34490075973960016,
      0.35549934235285846,
      0.37083385144991887,
      0.36919464412510355,
      0.38647987315212795,
      0.3989792409242291,
      0.39367757012776505,
      0.3933530949797976,
      0.3884924605687528,
      0.3742853334252862,
      0.37387482988907517,
      0.36423648020990446,
      0.3626000235712642,
      0.35827034596785623,
      0.35141571745708006,
      0.35429696479719214,
      0.36524798004175235,
      0.36765502636781944,
      0.37928628888001203,
      0.38424803997695317,
      0.38745100397068577,
      0.3806376238670082,
      0.3637427899680118,
      0.3492266381169797,
      0.3471562926674096,
      0.3523076428064544,
      0.35745466721004193,
      0.3657065606248154,
      0.3792410726603126,
      0.3826832855744232,
      0.36769069500581375,
      0.3705093299011121,
      0.3745267257679173,
      0.37255015347758147,
      0.3732933790779775,
      0.367709057223402,
      0.3668836911003905,
      0.361799330210644,
      0.3602638184156066,
      0.3666796706456741,
      0.3708613076384472
    ],
    "stds": [
      0.0,
      0.0,
      0.0,
      0.0,
      0.0,
      0.0,
      0.0,
      0.0,
      0.0,
      0.0,
      0.0,
      0.0,
      0.0,
      0.0,
      0.0,
      0.0,
      0.0,
      0.0,
      0.0,
      0.0,
      0.0,
      0.0,
      0.0,
      0.0,
      0.0,
      0.0,
      0.0,
      0.0,
      0.0,
      0.0,
      0.0,
      0.0,
      0.0,
      0.0,
      0.0,
      0.0,
      0.0,
      0.0,
      0.0,
      0.0,
      0.0,
      0.0,
      0.0,
      0.0,
      0.0,
      0.0,
      0.0,
      0.0,
      0.0,
      0.0
    ]
  },
  "train_loss_sfedavg": {
    "means": [
      2.0994735108228957,
      1.8948269112764269,
      1.7059938640353922,
      1.545124410897781,
      1.4263269644420773,
      1.3106956090539523,
      1.2375110617013152,
      1.1786149326864186,
      1.1124321882068702,
      1.0596301621891717,
      1.0088435721411675,
      0.9601127034938904,
      0.9133321861229273,
      0.8917238255392368,
      0.8718280081015668,
      0.8417222139522238,
      0.8188114253631925,
      0.7920864225985272,
      0.7703317282895714,
      0.7531655918865426,
      0.7299537842569681,
      0.7100739304536806,
      0.6898774228703685,
      0.6777876668206949,
      0.6649898865336492,
      0.6558250942831861,
      0.6417774525887752,
      0.62965567897628,
      0.6217149471753624,
      0.6098459990702776,
      0.6035147181081462,
      0.5978686113251409,
      0.5910018133958523,
      0.5800423423842227,
      0.5724716927166345,
      0.5678533524408533,
      0.5620366869638614,
      0.5582375872274276,
      0.5562897200581025,
      0.54866196421825,
      0.5427338676200759,
      0.5399539843036028,
      0.5363915416897911,
      0.5299974287031644,
      0.521706491925421,
      0.5188184437198918,
      0.515874906399247,
      0.5143024821995739,
      0.5109608514829899,
      0.5084043421567908
    ],
    "stds": [
      0.0,
      0.0,
      0.0,
      0.0,
      0.0,
      0.0,
      0.0,
      0.0,
      0.0,
      0.0,
      0.0,
      0.0,
      0.0,
      0.0,
      0.0,
      0.0,
      0.0,
      0.0,
      0.0,
      0.0,
      0.0,
      0.0,
      0.0,
      0.0,
      0.0,
      0.0,
      0.0,
      0.0,
      0.0,
      0.0,
      0.0,
      0.0,
      0.0,
      0.0,
      0.0,
      0.0,
      0.0,
      0.0,
      0.0,
      0.0,
      0.0,
      0.0,
      0.0,
      0.0,
      0.0,
      0.0,
      0.0,
      0.0,
      0.0,
      0.0
    ]
  },
  "test_acc_fedavg": {
    "means": [
      0.8666666666666667,
      0.8833333333333333,
      0.8916666666666667,
      0.8888888888888888,
      0.9055555555555556,
      0.9222222222222223,
      0.9361111111111111,
      0.9444444444444444,
      0.9472222222222222,
      0.9444444444444444,
      0.9388888888888889,
      0.9277777777777778,
      0.9361111111111111,
      0.9166666666666666,
      0.925,
      0.9194444444444444,
      0.9138888888888889,
      0.9333333333333333,
      0.9361111111111111,
      0.9305555555555556,
      0.9361111111111111,
      0.9277777777777778,
      0.9333333333333333,
      0.9388888888888889,
      0.9361111111111111,
      0.9277777777777778,
      0.9361111111111111,
      0.9388888888888889,
      0.9416666666666667,
      0.9277777777777778,
      0.925,
      0.9333333333333333,
      0.9277777777777778,
      0.9333333333333333,
      0.9305555555555556,
      0.9277777777777778,
      0.9277777777777778,
      0.9111111111111111,
      0.9138888888888889,
      0.9305555555555556,
      0.925,
      0.9138888888888889,
      0.9222222222222223,
      0.9222222222222223,
      0.9222222222222223,
      0.9194444444444444,
      0.9194444444444444,
      0.9222222222222223,
      0.9083333333333333,
      0.9083333333333333
    ],
    "stds": [
      0.0,
      0.0,
      0.0,
      0.0,
      0.0,
      0.0,
      0.0,
      0.0,
      0.0,
      0.0,
      0.0,
      0.0,
      0.0,
      0.0,
      0.0,
      0.0,
      0.0,
      0.0,
      0.0,
      0.0,
      0.0,
      0.0,
      0.0,
      0.0,
      0.0,
      0.0,
      0.0,
      0.0,
      0.0,
      0.0,
      0.0,
      0.0,
      0.0,
      0.0,
      0.0,
      0.0,
      0.0,
      0.0,
      0.0,
      0.0,
      0.0,
      0.0,
      0.0,
      0.0,
      0.0,
      0.0,
      0.0,
      0.0,
      0.0,
      0.0
    ]
  },
  "test_acc_sfedavg": {
    "means": [
      0.5277777777777778,
      0.7666666666666667,
      0.8027777777777778,
      0.8111111111111111,
      0.8027777777777778,
      0.8444444444444444,
      0.8583333333333333,
      0.8694444444444445,
      0.8805555555555555,
      0.8722222222222222,
      0.875,
      0.8805555555555555,
      0.8833333333333333,
      0.8861111111111111,
      0.8861111111111111,
      0.8916666666666667,
      0.8944444444444445,
      0.9,
      0.9027777777777778,
      0.9055555555555556,
      0.9055555555555556,
      0.9055555555555556,
      0.9027777777777778,
      0.9111111111111111,
      0.9111111111111111,
      0.9055555555555556,
      0.9111111111111111,
      0.9138888888888889,
      0.9138888888888889,
      0.9194444444444444,
      0.9194444444444444,
      0.9194444444444444,
      0.9194444444444444,
      0.9194444444444444,
      0.9222222222222223,
      0.9222222222222223,
      0.9222222222222223,
      0.9222222222222223,
      0.9277777777777778,
      0.9277777777777778,
      0.925,
      0.9222222222222223,
      0.925,
      0.9277777777777778,
      0.925,
      0.9277777777777778,
      0.925,
      0.925,
      0.925,
      0.9222222222222223
    ],
    "stds": [
      0.0,
      0.0,
      0.0,
      0.0,
      0.0,
      0.0,
      0.0,
      0.0,
      0.0,
      0.0,
      0.0,
      0.0,
      0.0,
      0.0,
      0.0,
      0.0,
      0.0,
      0.0,
      0.0,
      0.0,
      0.0,
      0.0,
      0.0,
      0.0,
      0.0,
      0.0,
      0.0,
      0.0,
      0.0,
      0.0,
      0.0,
      0.0,
      0.0,
      0.0,
      0.0,
      0.0,
      0.0,
      0.0,
      0.0,
      0.0,
      0.0,
      0.0,
      0.0,
      0.0,
      0.0,
      0.0,
      0.0,
      0.0,
      0.0,
      0.0
    ]
  },