{
  "train_loss/FedAvg": {
    "means": [
      0.6493159048774853,
      0.4534265571857058,
      0.36589019789902905,
      0.31361447001575055,
      0.22234521819986014,
      0.18455509824714036,
      0.16585697843189573,
      0.14890583011716163,
      0.13539898831940975,
      0.12442737896276664,
      0.11843943018822557,
      0.11081245173276999,
      0.10444857951726108,
      0.09950024189619487,
      0.09653982199264687,
      0.09202815651198587,
      0.0884582678022703,
      0.08561437552319336,
      0.08366212694587215,
      0.08107718466438052,
      0.0784050929131394,
      0.07666568352807666,
      0.07546639015194508,
      0.07382085878837474,
      0.07165780588194877,
      0.07052215067760627,
      0.06970239733957316,
      0.06844768739079064,
      0.06669818117967254,
      0.06586657095719828,
      0.06523843116928413,
      0.06422164545107344,
      0.06278432603523969,
      0.06211587905660827,
      0.06160814315170775,
      0.060776712718348475,
      0.05955842678397876,
      0.05900751031771998,
      0.05858208279079753,
      0.05788845103725526,
      0.05682528278555115,
      0.05636841493294132,
      0.0560025779229882,
      0.055408835233189804,
      0.05446377462390309,
      0.05407770909097449,
      0.05375906511338521,
      0.05324186203494711,
      0.052392765651611245,
      0.0520590636272774,
      0.05177927114281154,
      0.05132415342383946,
      0.05055551675325506,
      0.05026252832327344,
      0.050014646325023615,
      0.04961098962142152,
      0.048910511176642024,
      0.04865072797393848,
      0.04842931859315181,
      0.04806866537063478,
      0.04742626130751072,
      0.04719419955047714,
      0.046995282393575435,
      0.04667097021452912,
      0.0460784426280592,
      0.045869869809026444,
      0.0456903710610093,
      0.04539716750760796,
      0.04484789078893419,
      0.044659485905260185,
      0.04449685138513125,
      0.04423055837291495,
      0.04371914071979359,
      0.04354823170975988,
      0.04340031748503147,
      0.043157489873700744,
      0.04267948202182832,
      0.04252387040170324,
      0.04238890004078267,
      0.04216667310595773
    ],
    "stds": [
      0.0,
      0.0,
      0.0,
      0.0,
      0.0,
      0.0,
      0.0,
      0.0,
      0.0,
      0.0,
      0.0,
      0.0,
      0.0,
      0.0,
      0.0,
      0.0,
      0.0,
      0.0,
      0.0,
      0.0,
      0.0,
      0.0,
      0.0,
      0.0,
      0.0,
      0.0,
      0.0,
      0.0,
      0.0,
      0.0,
      0.0,
      0.0,
      0.0,
      0.0,
      0.0,
      0.0,
      0.0,
      0.0,
      0.0,
      0.0,
      0.0,
      0.0,
      0.0,
      0.0,
      0.0,
      0.0,
      0.0,
      0.0,
      0.0,
      0.0,
      0.0,
      0.0,
      0.0,
      0.0,
      0.0,
      0.0,
      0.0,
      0.0,
      0.0,
      0.0,
      0.0,
      0.0,
      0.0,
      0.0,
      0.0,
      0.0,
      0.0,
      0.0,
      0.0,
      0.0,
      0.0,
      0.0,
      0.0,
      0.0,
      0.0,
      0.0,
      0.0,
      0.0,
      0.0,
      0.0
    ]
  },
  "test_accuracy/FedAvg": {
    "means": [
      0.85,
      0.9083333333333333,
      0.925,
      0.9222222222222223,
      0.9277777777777778,
      0.9305555555555556,
      0.9333333333333333,
      0.9305555555555556,
      0.9416666666666667,
      0.9416666666666667,
      0.9388888888888889,
      0.9416666666666667,
      0.9583333333333334,
      0.9583333333333334,
      0.9583333333333334,
      0.9583333333333334,
      0.9611111111111111,
      0.9638888888888889,
      0.9638888888888889,
      0.9611111111111111,
      0.9638888888888889,
      0.9611111111111111,
      0.9611111111111111,
      0.9638888888888889,
      0.9638888888888889,
      0.9638888888888889,
      0.9555555555555556,
      0.9638888888888889,
      0.9666666666666667,
      0.9638888888888889,
      0.9611111111111111,
      0.9638888888888889,
      0.9666666666666667,
      0.9638888888888889,
      0.9666666666666667,
      0.9666666666666667,
      0.9666666666666667,
      0.9638888888888889,
      0.9666666666666667,
      0.9694444444444444,
      0.9666666666666667,
      0.9638888888888889,
      0.9666666666666667,
      0.9694444444444444,
      0.9638888888888889,
      0.9638888888888889,
      0.9666666666666667,
      0.9694444444444444,
      0.9638888888888889,
      0.9638888888888889,
      0.9666666666666667,
      0.9694444444444444,
      0.9666666666666667,
      0.9666666666666667,
      0.9666666666666667,
      0.9666666666666667,
      0.9666666666666667,
      0.9666666666666667,
      0.9666666666666667,
      0.9638888888888889,
      0.9666666666666667,
      0.9666666666666667,
      0.9666666666666667,
      0.9638888888888889,
      0.9666666666666667,
      0.9666666666666667,
      0.9666666666666667,
      0.9638888888888889,
      0.9666666666666667,
      0.9666666666666667,
      0.9666666666666667,
      0.9638888888888889,
      0.9666666666666667,
      0.9666666666666667,
      0.9638888888888889,
      0.9638888888888889,
      0.9666666666666667,
      0.9666666666666667,
      0.9638888888888889,
      0.9638888888888889
    ],
    "stds": [
      0.0,
      0.0,
      0.0,
      0.0,
      0.0,
      0.0,
      0.0,
      0.0,
      0.0,
      0.0,
      0.0,
      0.0,
      0.0,
      0.0,
      0.0,
      0.0,
      0.0,
      0.0,
      0.0,
      0.0,
      0.0,
      0.0,
      0.0,
      0.0,
      0.0,
      0.0,
      0.0,
      0.0,
      0.0,
      0.0,
      0.0,
      0.0,
      0.0,
      0.0,
      0.0,
      0.0,
      0.0,
      0.0,
      0.0,
      0.0,
      0.0,
      0.0,
      0.0,
      0.0,
      0.0,
      0.0,
      0.0,
      0.0,
      0.0,
      0.0,
      0.0,
      0.0,
      0.0,
      0.0,
      0.0,
      0.0,
      0.0,
      0.0,
      0.0,
      0.0,
      0.0,
      0.0,
      0.0,
      0.0,
      0.0,
      0.0,
      0.0,
      0.0,
      0.0,
      0.0,
      0.0,
      0.0,
      0.0,
      0.0,
      0.0,
      0.0,
      0.0,
      0.0,
      0.0,
      0.0
    ]
  },
  "cumulative_comm_params/FedAvg": {
    "means": [
      6400,
      12800,
      19200,
      25600,
      32000,
      38400,
      44800,
      51200,
      57600,
      64000,
      70400,
      76800,
      83200,
      89600,
      96000,
      102400,
      108800,
      115200,
      121600,
      128000,
      134400,
      140800,
      147200,
      153600,
      160000,
      166400,
      172800,
      179200,
      185600,
      192000,
      198400,
      204800,
      211200,
      217600,
      224000,
      230400,
      236800,
      243200,
      249600,
      256000,
      262400,
      268800,
      275200,
      281600,
      288000,
      294400,
      300800,
      307200,
      313600,
      320000,
      326400,
      332800,
      339200,
      345600,
      352000,
      358400,
      364800,
      371200,
      377600,
      384000,
      390400,
      396800,
      403200,
      409600,
      416000,
      422400,
      428800,
      435200,
      441600,
      448000,
      454400,
      460800,
      467200,
      473600,
      480000,
      486400,
      492800,
      499200,
      505600,
      512000
    ],