{
  "train_loss_fedavg": {
    "means": [
      0.7225195250682758,
      0.7046067982975792,
      0.6909348680195736,
      0.679231112093018,
      0.6717209837487279,
      0.6631670125923349,
      0.6573123175953437,
      0.653246690871075,
      0.6496737754998646,
      0.6469301845286318,
      0.6442531249649323,
      0.6422202437917399,
      0.6406951191091314,
      0.6394585885589646,
      0.638759488960996,
      0.6382276499828288,
      0.6376197150524594,
      0.6372641578438438,
      0.6368448228440857,
      0.6365106525481634,
      0.6363308474850451,
      0.6362562876601383,
      0.6361389978418864,
      0.6360075753512067,
      0.6358250704075885,
      0.6358467197427504,
      0.6356431284911606,
      0.6356875250733638,
      0.6355070469251409,
      0.6356091045849218,
      0.6355354736825919,
      0.6351103876900418,
      0.6349941180260823,
      0.6350413060796575,
      0.6351399161966242,
      0.6352556270298139,
      0.6352216801564187,
      0.635219743553155,
      0.6351838491150671,
      0.6353333704291974,
      0.6355743307624425,
      0.6354198861114327,
      0.63530649973741,
      0.6352975672757071,
      0.6353196441884695,
      0.6352038343227145,
      0.6350808552778543,
      0.634980327869392,
      0.6350868628934945,
      0.6351567415365749
    ],
    "stds": [
      0.0,
      0.0,
      0.0,
      0.0,
      0.0,
      0.0,
      0.0,
      0.0,
      0.0,
      0.0,
      0.0,
      0.0,
      0.0,
      0.0,
      0.0,
      0.0,
      0.0,
      0.0,
      0.0,
      0.0,
      0.0,
      0.0,
      0.0,
      0.0,
      0.0,
      0.0,
      0.0,
      0.0,
      0.0,
      0.0,
      0.0,
      0.0,
      0.0,
      0.0,
      0.0,
      0.0,
      0.0,
      0.0,
      0.0,
      0.0,
      0.0,
      0.0,
      0.0,
      0.0,
      0.0,
      0.0,
      0.0,
      0.0,
      0.0,
      0.0
    ]
  },
  "test_acc_fedavg": {
    "means": [
      0.50625,
      0.5235,
      0.54475,
      0.559,
      0.5705,
      0.585,
      0.596,
      0.6035,
      0.6115,
      0.61325,
      0.615,
      0.6165,
      0.61575,
      0.61875,
      0.61975,
      0.62125,
      0.6205,
      0.62475,
      0.62425,
      0.6315,
      0.632,
      0.62975,
      0.6295,
      0.62875,
      0.63125,
      0.63225,
      0.63225,
      0.63225,
      0.63275,
      0.63675,
      0.63275,
      0.63,
      0.63075,
      0.629,
      0.62675,
      0.63275,
      0.6295,
      0.6305,
      0.63275,
      0.6315,
      0.63,
      0.63225,
      0.63175,
      0.6305,
      0.63125,
      0.634,
      0.63225,
      0.6375,
      0.634,
      0.6345
    ],
    "stds": [
      0.0,
      0.0,
      0.0,
      0.0,
      0.0,
      0.0,
      0.0,
      0.0,
      0.0,
      0.0,
      0.0,
      0.0,
      0.0,
      0.0,
      0.0,
      0.0,
      0.0,
      0.0,
      0.0,
      0.0,
      0.0,
      0.0,
      0.0,
      0.0,
      0.0,
      0.0,
      0.0,
      0.0,
      0.0,
      0.0,
      0.0,
      0.0,
      0.0,
      0.0,
      0.0,
      0.0,
      0.0,
      0.0,
      0.0,
      0.0,
      0.0,
      0.0,
      0.0,
      0.0,
      0.0,
      0.0,
      0.0,
      0.0,
      0.0,
      0.0
    ]
  },
  "comm_floats_fedavg": {
    "means": [
      1020.0,
      2040.0,
      3060.0,
      4080.0,
      5100.0,
      6120.0,
      7140.0,
      8160.0,
      9180.0,
      10200.0,
      11220.0,
      12240.0,
      13260.0,
      14280.0,
      15300.0,
      16320.0,
      17340.0,
      18360.0,
      19380.0,
      20400.0,
      21420.0,
      22440.0,
      23460.0,
      24480.0,
      25500.0,
      26520.0,
      27540.0,
      28560.0,
      29580.0,
      30600.0,
      31620.0,
      32640.0,
      33660.0,
      34680.0,
      35700.0,
      36720.0,
      37740.0,
      38760.0,
      39780.0,
      40800.0,
      41820.0,
      42840.0,
      43860.0,
      44880.0,
      45900.0,
      46920.0,
      47940.0,
      48960.0,
      49980.0,
      51000.0
    ],
    "stds": [
      0.0,
      0.0,
      0.0,
      0.0,
      0.0,
      0.0,
      0.0,
      0.0,
      0.0,
      0.0,
      0.0,
      0.0,
      0.0,
      0.0,
      0.0,
      0.0,
      0.0,
      0.0,
      0.0,
      0.0,
      0.0,
      0.0,
      0.0,
      0.0,
      0.0,
      0.0,
      0.0,
      0.0,
      0.0,
      0.0,
      0.0,
      0.0,
      0.0,
      0.0,
      0.0,
      0.0,
      0.0,
      0.0,
      0.0,
      0.0,
      0.0,
      0.0,
      0.0,
      0.0,
      0.0,
      0.0,
      0.0,
      0.0,
      0.0,
      0.0
    ]
  },
  "train_loss_sfedavg": {
    "means": [
      0.7328952244108619,
      0.7134909062928402,
      0.6973679004272436,
      0.6913770264297014,
      0.6853221435918235,
      0.6744317812724969,
      0.6672730446279879,
      0.6593025837165893,
      0.6564627914472964,
      0.6540898715832031,
      0.651597660859768,
      0.6493645661364054,
      0.6491958075399777,
      0.6473075772723905,
      0.6449529550444187,
      0.6438970957350043,
      0.6427001457384044,
      0.6414434145546952,
      0.6414447670803561,
      0.6413869200107327,
      0.6411856000065852,
      0.6401681286482988,
      0.6402285846034315,
      0.6400976461631404,
      0.6401424093444111,
      0.6394347834302925,
      0.6387292952389871,
      0.6391361317880617,
      0.6389198326012417,
      0.6387420231822392,
      0.638152069140501,
      0.638387074031531,
      0.638114967371031,
      0.6378823796624612,
      0.6383546358653105,
      0.6385416805532009,
      0.6385567213846172,
      0.638492418803437,
      0.6383988289495366,
      0.6383446300798464,
      0.6386148460934759,
      0.6390906175564114,
      0.6387837843670666,
      0.6387060390782763,
      0.638276692057464,
      0.6384623414749006,
      0.6384866542193415,
      0.6380371486353694,
      0.6374635307806796,
      0.6370001485956668
    ],
    "stds": [
      0.0,
      0.0,
      0.0,
      0.0,
      0.0,
      0.0,
      0.0,
      0.0,
      0.0,
      0.0,
      0.0,
      0.0,
      0.0,
      0.0,
      0.0,
      0.0,
      0.0,
      0.0,
      0.0,
      0.0,
      0.0,
      0.0,
      0.0,
      0.0,
      0.0,
      0.0,
      0.0,
      0.0,
      0.0,
      0.0,
      0.0,
      0.0,
      0.0,
      0.0,
      0.0,
      0.0,
      0.0,
      0.0,
      0.0,
      0.0,
      0.0,
      0.0,
      0.0,
      0.0,
      0.0,
      0.0,
      0.0,
      0.0,
      0.0,
      0.0
    ]
  },
  "test_acc_sfedavg": {
    "means": [
      0.49825,
      0.51925,
      0.54075,
      0.5495,
      0.5535,
      0.57425,
      0.58025,
      0.5925,
      0.5885,
      0.59025,
      0.588,
      0.59725,
      0.5995,
      0.60275,
      0.6095,
      0.60775,
      0.61325,
      0.61625,
      0.616,
      0.61625,
      0.61825,
      0.62375,
      0.616,
      0.6165,
      0.61925,
      0.62475,
      0.62775,
      0.62675,
      0.6265,
      0.626,
      0.62925,
      0.6305,
      0.62775,
      0.62525,
      0.62975,
      0.6275,
      0.63075,
      0.63025,
      0.63325,
      0.6315,
      0.63325,
      0.63275,
      0.62525,
      0.63125,
      0.62975,
      0.6275,
      0.62675,
      0.62925,
      0.63075,
      0.63125
    ],
    "stds": [
      0.0,
      0.0,
      0.0,
      0.0,
      0.0,
      0.0,
      0.0,
      0.0,
      0.0,
      0.0,
      0.0,
      0.0,
      0.0,
      0.0,
      0.0,
      0.0,
      0.0,
      0.0,
      0.0,
      0.0,
      0.0,
      0.0,
      0.0,
      0.0,
      0.0,
      0.0,
      0.0,
      0.0,
      0.0,
      0.0,
      0.0,
      0.0,
      0.0,
      0.0,
      0.0,
      0.0,
      0.0,
      0.0,
      0.0,
      0.0,
      0.0,
      0.0,
      0.0,
      0.0,
      0.0,
      0.0,
      0.0,
      0.0,
      0.0,
      0.0
    ]
  },