{
  "train_loss_fedavg": {
    "means": [
      2.2362275400966785,
      2.1734431891385064,
      2.114242869533311,
      2.0568329791048336,
      2.002839706133818,
      1.9510581586448017,
      1.902736599414025,
      1.8568891005426529,
      1.8134072273255344,
      1.7719176109058128,
      1.7321191664466062,
      1.6941714341424825,
      1.6585256113863136,
      1.6244147691314716,
      1.5920824213548457,
      1.5611650940335478,
      1.5315477885851778,
      1.502977101532573,
      1.4761162596801114,
      1.4503207227533008,
      1.425827218367644,
      1.4027261011105765,
      1.3803843617512108,
      1.3590099922327914,
      1.3385821091995769,
      1.3188897473289671,
      1.3000972809846463,
      1.2818250822246062,
      1.2640707709379444,
      1.2472136954934205,
      1.2308317187862607,
      1.215320653263194,
      1.2002565876584175,
      1.1856568663281188,
      1.1715079370923738,
      1.1580992137287334,
      1.1450936914946512,
      1.1321649132054454,
      1.1196293150719705,
      1.1076529499878043,
      1.096122950940564,
      1.0850002173811433,
      1.074256876625767,
      1.0637365629030744,
      1.0534284058880419,
      1.0436146672919155,
      1.0339614042135405,
      1.0248188363429795,
      1.0159420634446787,
      1.0072347767715977
    ],
    "stds": [
      0.0,
      0.0,
      0.0,
      0.0,
      0.0,
      0.0,
      0.0,
      0.0,
      0.0,
      0.0,
      0.0,
      0.0,
      0.0,
      0.0,
      0.0,
      0.0,
      0.0,
      0.0,
      0.0,
      0.0,
      0.0,
      0.0,
      0.0,
      0.0,
      0.0,
      0.0,
      0.0,
      0.0,
      0.0,
      0.0,
      0.0,
      0.0,
      0.0,
      0.0,
      0.0,
      0.0,
      0.0,
      0.0,
      0.0,
      0.0,
      0.0,
      0.0,
      0.0,
      0.0,
      0.0,
      0.0,
      0.0,
      0.0,
      0.0,
      0.0
    ]
  },
  "test_acc_fedavg": {
    "means": [
      0.27875,
      0.43,
      0.53875,
      0.59375,
      0.6275,
      0.64625,
      0.66375,
      0.67625,
      0.675,
      0.68,
      0.6775,
      0.685,
      0.69,
      0.69375,
      0.7075,
      0.715,
      0.72,
      0.725,
      0.72375,
      0.72375,
      0.7275,
      0.72875,
      0.72875,
      0.7225,
      0.72375,
      0.725,
      0.73,
      0.73375,
      0.73625,
      0.7375,
      0.745,
      0.7425,
      0.7425,
      0.74875,
      0.75,
      0.7475,
      0.74625,
      0.7475,
      0.75,
      0.75,
      0.7525,
      0.75625,
      0.75375,
      0.75375,
      0.7525,
      0.7525,
      0.75375,
      0.75375,
      0.755,
      0.75625
    ],
    "stds": [
      0.0,
      0.0,
      0.0,
      0.0,
      0.0,
      0.0,
      0.0,
      0.0,
      0.0,
      0.0,
      0.0,
      0.0,
      0.0,
      0.0,
      0.0,
      0.0,
      0.0,
      0.0,
      0.0,
      0.0,
      0.0,
      0.0,
      0.0,
      0.0,
      0.0,
      0.0,
      0.0,
      0.0,
      0.0,
      0.0,
      0.0,
      0.0,
      0.0,
      0.0,
      0.0,
      0.0,
      0.0,
      0.0,
      0.0,
      0.0,
      0.0,
      0.0,
      0.0,
      0.0,
      0.0,
      0.0,
      0.0,
      0.0,
      0.0,
      0.0
    ]
  },
  "comm_eff_fedavg": {
    "means": [
      1.0,
      2.0,
      3.0,
      4.0,
      5.0,
      6.0,
      7.0,
      8.0,
      9.0,
      10.0,
      11.0,
      12.0,
      13.0,
      14.0,
      15.0,
      16.0,
      17.0,
      18.0,
      19.0,
      20.0,
      21.0,
      22.0,
      23.0,
      24.0,
      25.0,
      26.0,
      27.0,
      28.0,
      29.0,
      30.0,
      31.0,
      32.0,
      33.0,
      34.0,
      35.0,
      36.0,
      37.0,
      38.0,
      39.0,
      40.0,
      41.0,
      42.0,
      43.0,
      44.0,
      45.0,
      46.0,
      47.0,
      48.0,
      49.0,
      50.0
    ],
    "stds": [
      0.0,
      0.0,
      0.0,
      0.0,
      0.0,
      0.0,
      0.0,
      0.0,
      0.0,
      0.0,
      0.0,
      0.0,
      0.0,
      0.0,
      0.0,
      0.0,
      0.0,
      0.0,
      0.0,
      0.0,
      0.0,
      0.0,
      0.0,
      0.0,
      0.0,
      0.0,
      0.0,
      0.0,
      0.0,
      0.0,
      0.0,
      0.0,
      0.0,
      0.0,
      0.0,
      0.0,
      0.0,
      0.0,
      0.0,
      0.0,
      0.0,
      0.0,
      0.0,
      0.0,
      0.0,
      0.0,
      0.0,
      0.0,
      0.0,
      0.0
    ]
  },
  "train_loss_sfedavg": {
    "means": [
      2.2878853918093283,
      2.277023253970492,
      2.2664309426110223,
      2.253460049879152,
      2.2425151970843005,
      2.2319478763435456,
      2.2195138359069575,
      2.207141039958214,
      2.196915786744483,
      2.1829021501979287,
      2.17098283555618,
      2.1597443299932126,
      2.148075254416434,
      2.1362350731579793,
      2.1235971661620723,
      2.1128851411599587,
      2.1009899416265343,
      2.089208537438448,
      2.078888573460854,
      2.0667901898138066,
      2.0557777705290197,
      2.04561224624807,
      2.0347847938238397,
      2.023960610652202,
      2.012865455350266,
      2.002969074343548,
      1.9921663761096604,
      1.9812594336825,
      1.9707340254483108,
      1.9609857364851007,
      1.9487642405290457,
      1.9366901320374545,
      1.9259316046808272,
      1.9147482403778435,
      1.9042279471877317,
      1.8942353531703886,
      1.8859809601410351,
      1.8771252554055775,
      1.8689112656934168,
      1.8586228864087235,
      1.848690432197677,
      1.8401488776616706,
      1.8305532554064086,
      1.822139102245784,
      1.8146674269904874,
      1.8075982736223382,
      1.7991979120675574,
      1.791357353064886,
      1.7839456120225228,
      1.7745808501314526
    ],
    "stds": [
      0.0,
      0.0,
      0.0,
      0.0,
      0.0,
      0.0,
      0.0,
      0.0,
      0.0,
      0.0,
      0.0,
      0.0,
      0.0,
      0.0,
      0.0,
      0.0,
      0.0,
      0.0,
      0.0,
      0.0,
      0.0,
      0.0,
      0.0,
      0.0,
      0.0,
      0.0,
      0.0,
      0.0,
      0.0,
      0.0,
      0.0,
      0.0,
      0.0,
      0.0,
      0.0,
      0.0,
      0.0,
      0.0,
      0.0,
      0.0,
      0.0,
      0.0,
      0.0,
      0.0,
      0.0,
      0.0,
      0.0,
      0.0,
      0.0,
      0.0
    ]
  },
  "test_acc_sfedavg": {
    "means": [
      0.1475,
      0.17,
      0.19125,
      0.2125,
      0.24125,
      0.28,
      0.2975,
      0.3175,
      0.34,
      0.365,
      0.38875,
      0.4,
      0.4325,
      0.44,
      0.45,
      0.465,
      0.48875,
      0.5125,
      0.5175,
      0.5275,
      0.53125,
      0.53625,
      0.54875,
      0.55,
      0.565,
      0.57,
      0.56875,
      0.57875,
      0.58625,
      0.6025,
      0.605,
      0.6125,
      0.605,
      0.6125,
      0.61125,
      0.61125,
      0.62125,
      0.62875,
      0.61875,
      0.63375,
      0.635,
      0.64125,
      0.645,
      0.6475,
      0.64875,
      0.6475,
      0.65375,
      0.65625,
      0.655,
      0.65625
    ],
    "stds": [
      0.0,
      0.0,
      0.0,
      0.0,
      0.0,
      0.0,
      0.0,
      0.0,
      0.0,
      0.0,
      0.0,
      0.0,
      0.0,
      0.0,
      0.0,
      0.0,
      0.0,
      0.0,
      0.0,
      0.0,
      0.0,
      0.0,
      0.0,
      0.0,
      0.0,
      0.0,
      0.0,
      0.0,
      0.0,
      0.0,
      0.0,
      0.0,
      0.0,
      0.0,
      0.0,
      0.0,
      0.0,
      0.0,
      0.0,
      0.0,
      0.0,
      0.0,
      0.0,
      0.0,
      0.0,
      0.0,
      0.0,
      0.0,
      0.0,
      0.0
    ]
  },