{
  "train_loss_fedavg": {
    "means": [
      1.2893949502689688,
      0.6440425453247464,
      0.5804687771108836,
      0.5302298378745581,
      0.47073251442777025,
      0.4116385286111792,
      0.45413055015260656,
      0.43267038305282335,
      0.3440009304278639,
      0.33804860383161456,
      0.35756628596696993,
      0.30766399637016706,
      0.31538209213817897,
      0.31990382828626307,
      0.3065207707664566,
      0.2843194266618491,
      0.27436424887661276,
      0.2595961393619184,
      0.25943766195977525,
      0.2546981696289902,
      0.24153225415060042,
      0.2291931309568776,
      0.23017536088491347,
      0.2535147204050427,
      0.2364526604669745,
      0.24020863903129167,
      0.2308533291375511,
      0.22064813339016945,
      0.2532412783912463,
      0.25017748230415476
    ],
    "stds": [
      0.0,
      0.0,
      0.0,
      0.0,
      0.0,
      0.0,
      0.0,
      0.0,
      0.0,
      0.0,
      0.0,
      0.0,
      0.0,
      0.0,
      0.0,
      0.0,
      0.0,
      0.0,
      0.0,
      0.0,
      0.0,
      0.0,
      0.0,
      0.0,
      0.0,
      0.0,
      0.0,
      0.0,
      0.0,
      0.0
    ]
  },
  "test_acc_fedavg": {
    "means": [
      0.7305555555555555,
      0.8388888888888889,
      0.8638888888888889,
      0.8472222222222222,
      0.8722222222222222,
      0.8555555555555555,
      0.8694444444444445,
      0.8666666666666667,
      0.8916666666666667,
      0.9027777777777778,
      0.9,
      0.9,
      0.9055555555555556,
      0.9138888888888889,
      0.8944444444444445,
      0.9055555555555556,
      0.8944444444444445,
      0.9166666666666666,
      0.9055555555555556,
      0.9083333333333333,
      0.9055555555555556,
      0.9083333333333333,
      0.9083333333333333,
      0.9111111111111111,
      0.9166666666666666,
      0.9055555555555556,
      0.9027777777777778,
      0.9083333333333333,
      0.9111111111111111,
      0.9111111111111111
    ],
    "stds": [
      0.0,
      0.0,
      0.0,
      0.0,
      0.0,
      0.0,
      0.0,
      0.0,
      0.0,
      0.0,
      0.0,
      0.0,
      0.0,
      0.0,
      0.0,
      0.0,
      0.0,
      0.0,
      0.0,
      0.0,
      0.0,
      0.0,
      0.0,
      0.0,
      0.0,
      0.0,
      0.0,
      0.0,
      0.0,
      0.0
    ]
  },
  "comm_MB_fedavg": {
    "means": [
      0.08064,
      0.16128,
      0.24192000000000002,
      0.32256,
      0.4032,
      0.48384,
      0.56448,
      0.64512,
      0.7257600000000001,
      0.8064000000000001,
      0.8870400000000002,
      0.9676800000000002,
      1.0483200000000001,
      1.1289600000000002,
      1.2096000000000002,
      1.2902400000000003,
      1.3708800000000003,
      1.4515200000000004,
      1.5321600000000004,
      1.6128000000000005,
      1.6934400000000005,
      1.7740800000000005,
      1.8547200000000006,
      1.9353600000000006,
      2.0160000000000005,
      2.0966400000000003,
      2.17728,
      2.25792,
      2.3385599999999998,
      2.4191999999999996
    ],
    "stds": [
      0.0,
      0.0,
      0.0,
      0.0,
      0.0,
      0.0,
      0.0,
      0.0,
      0.0,
      0.0,
      0.0,
      0.0,
      0.0,
      0.0,
      0.0,
      0.0,
      0.0,
      0.0,
      0.0,
      0.0,
      0.0,
      0.0,
      0.0,
      0.0,
      0.0,
      0.0,
      0.0,
      0.0,
      0.0,
      0.0
    ]
  },
  "train_loss_sfedavg": {
    "means": [
      1.70119074726096,
      1.2901105036618674,
      1.1246666917009303,
      0.9255693940277988,
      0.7523688990352185,
      0.6743201094313936,
      0.6132840004321978,
      0.5615499519651073,
      0.5406676407836264,
      0.49545371677237754,
      0.4673085213359408,
      0.45445932278684775,
      0.45906088369450454,
      0.4518690851801862,
      0.4280047912573572,
      0.4132879551462864,
      0.3952349786464567,
      0.38846830896884305,
      0.3710119068509956,
      0.3554997153694468,
      0.34794553091741154,
      0.3420791058243441,
      0.3315284530976668,
      0.3240916158240094,
      0.32166928133338013,
      0.3172608978875094,
      0.32151464142628244,
      0.3087932596248545,
      0.3020132521018047,
      0.2952673621274434
    ],
    "stds": [
      0.0,
      0.0,
      0.0,
      0.0,
      0.0,
      0.0,
      0.0,
      0.0,
      0.0,
      0.0,
      0.0,
      0.0,
      0.0,
      0.0,
      0.0,
      0.0,
      0.0,
      0.0,
      0.0,
      0.0,
      0.0,
      0.0,
      0.0,
      0.0,
      0.0,
      0.0,
      0.0,
      0.0,
      0.0,
      0.0
    ]
  },
  "test_acc_sfedavg": {
    "means": [
      0.44722222222222224,
      0.5805555555555556,
      0.6777777777777778,
      0.7472222222222222,
      0.7972222222222223,
      0.8083333333333333,
      0.8333333333333334,
      0.8222222222222222,
      0.8472222222222222,
      0.8333333333333334,
      0.8416666666666667,
      0.8555555555555555,
      0.8444444444444444,
      0.8472222222222222,
      0.8583333333333333,
      0.8694444444444445,
      0.8666666666666667,
      0.8583333333333333,
      0.8722222222222222,
      0.8861111111111111,
      0.8888888888888888,
      0.8972222222222223,
      0.8972222222222223,
      0.8972222222222223,
      0.8916666666666667,
      0.8888888888888888,
      0.8694444444444445,
      0.8805555555555555,
      0.8888888888888888,
      0.8972222222222223
    ],
    "stds": [
      0.0,
      0.0,
      0.0,
      0.0,
      0.0,
      0.0,
      0.0,
      0.0,
      0.0,
      0.0,
      0.0,
      0.0,
      0.0,
      0.0,
      0.0,
      0.0,
      0.0,
      0.0,
      0.0,
      0.0,
      0.0,
      0.0,
      0.0,
      0.0,
      0.0,
      0.0,
      0.0,
      0.0,
      0.0,
      0.0
    ]
  },
  "comm_MB_sfedavg": {
    "means": [
      3.76704,
      7.53408,
      11.301120000000001,
      15.06816,
      18.8352,
      22.602240000000002,
      26.369280000000003,
      30.136320000000005,
      33.903360000000006,
      37.67040000000001,
      41.43744000000001,
      45.20448000000001,
      48.97152000000001,
      52.738560000000014,
      56.505600000000015,
      60.27264000000002,
      64.03968000000002,
      67.80672000000001,
      71.57376000000001,
      75.3408,
      79.10784,
      82.87487999999999,
      86.64191999999998,
      90.40895999999998,
      94.17599999999997,
      97.94303999999997,
      101.71007999999996,
      105.47711999999996,
      109.24415999999995,
      113.01119999999995
    ],
    "stds": [
      0.0,
      0.0,
      0.0,
      0.0,
      0.0,
      0.0,
      0.0,
      0.0,
      0.0,
      0.0,
      0.0,
      0.0,
      0.0,
      0.0,
      0.0,
      0.0,
      0.0,
      0.0,
      0.0,
      0.0,
      0.0,
      0.0,
      0.0,
      0.0,
      0.0,
      0.0,
      0.0,
      0.0,
      0.0,
      0.0
    ]
  }
}