{
  "train_loss_fedavg": {
    "means": [
      1.7534146699053925,
      1.2739968163581081,
      0.9893950064792887,
      0.825494266632055,
      0.7107265085716544,
      0.6282166558907971,
      0.5743005682928832,
      0.5349128617576527,
      0.5064987176086303,
      0.4842642056055571,
      0.46448264965792857,
      0.4498803990431085,
      0.43461766383799044,
      0.42336679214640144,
      0.41437655142315016,
      0.4076211591873084,
      0.4025389931224388,
      0.3968280177968271,
      0.39303422218457845,
      0.38851460456044107,
      0.38241063268023123,
      0.3778406607579294,
      0.37514670567989195,
      0.37215150378553863,
      0.3692554136533296,
      0.36501480986522805,
      0.3623119835873592,
      0.3577926935500972,
      0.3560199505736131,
      0.35511308999250846,
      0.35319151579689945,
      0.3504291050568746,
      0.34842953764931706,
      0.3474348233505454,
      0.3451439067093741,
      0.3435801675460732,
      0.34143011026800885,
      0.3387601612184625,
      0.33549337026370957,
      0.33418541005723057,
      0.33436148755197664,
      0.33449677904050235,
      0.33261201162511983,
      0.33196747739507393,
      0.3286860631323871,
      0.3281928044115671,
      0.3276026094297122,
      0.32580266687398823,
      0.32579791289373927,
      0.32604927241518306
    ],
    "stds": [
      0.0,
      0.0,
      0.0,
      0.0,
      0.0,
      0.0,
      0.0,
      0.0,
      0.0,
      0.0,
      0.0,
      0.0,
      0.0,
      0.0,
      0.0,
      0.0,
      0.0,
      0.0,
      0.0,
      0.0,
      0.0,
      0.0,
      0.0,
      0.0,
      0.0,
      0.0,
      0.0,
      0.0,
      0.0,
      0.0,
      0.0,
      0.0,
      0.0,
      0.0,
      0.0,
      0.0,
      0.0,
      0.0,
      0.0,
      0.0,
      0.0,
      0.0,
      0.0,
      0.0,
      0.0,
      0.0,
      0.0,
      0.0,
      0.0,
      0.0
    ]
  },
  "test_acc_fedavg": {
    "means": [
      0.63625,
      0.67375,
      0.71125,
      0.725,
      0.73875,
      0.7475,
      0.75875,
      0.7625,
      0.7675,
      0.77,
      0.77375,
      0.77375,
      0.77125,
      0.775,
      0.78875,
      0.79375,
      0.79,
      0.79,
      0.79125,
      0.7925,
      0.785,
      0.78875,
      0.795,
      0.79,
      0.79,
      0.78875,
      0.785,
      0.78625,
      0.8,
      0.79875,
      0.80125,
      0.80625,
      0.80875,
      0.81,
      0.80625,
      0.80125,
      0.80875,
      0.805,
      0.80375,
      0.79875,
      0.80375,
      0.8075,
      0.7975,
      0.8,
      0.79375,
      0.79625,
      0.8,
      0.79375,
      0.79,
      0.79375
    ],
    "stds": [
      0.0,
      0.0,
      0.0,
      0.0,
      0.0,
      0.0,
      0.0,
      0.0,
      0.0,
      0.0,
      0.0,
      0.0,
      0.0,
      0.0,
      0.0,
      0.0,
      0.0,
      0.0,
      0.0,
      0.0,
      0.0,
      0.0,
      0.0,
      0.0,
      0.0,
      0.0,
      0.0,
      0.0,
      0.0,
      0.0,
      0.0,
      0.0,
      0.0,
      0.0,
      0.0,
      0.0,
      0.0,
      0.0,
      0.0,
      0.0,
      0.0,
      0.0,
      0.0,
      0.0,
      0.0,
      0.0,
      0.0,
      0.0,
      0.0,
      0.0
    ]
  },
  "comm_eff_fedavg": {
    "means": [
      1.0,
      2.0,
      3.0,
      4.0,
      5.0,
      6.0,
      7.0,
      8.0,
      9.0,
      10.0,
      11.0,
      12.0,
      13.0,
      14.0,
      15.0,
      16.0,
      17.0,
      18.0,
      19.0,
      20.0,
      21.0,
      22.0,
      23.0,
      24.0,
      25.0,
      26.0,
      27.0,
      28.0,
      29.0,
      30.0,
      31.0,
      32.0,
      33.0,
      34.0,
      35.0,
      36.0,
      37.0,
      38.0,
      39.0,
      40.0,
      41.0,
      42.0,
      43.0,
      44.0,
      45.0,
      46.0,
      47.0,
      48.0,
      49.0,
      50.0
    ],
    "stds": [
      0.0,
      0.0,
      0.0,
      0.0,
      0.0,
      0.0,
      0.0,
      0.0,
      0.0,
      0.0,
      0.0,
      0.0,
      0.0,
      0.0,
      0.0,
      0.0,
      0.0,
      0.0,
      0.0,
      0.0,
      0.0,
      0.0,
      0.0,
      0.0,
      0.0,
      0.0,
      0.0,
      0.0,
      0.0,
      0.0,
      0.0,
      0.0,
      0.0,
      0.0,
      0.0,
      0.0,
      0.0,
      0.0,
      0.0,
      0.0,
      0.0,
      0.0,
      0.0,
      0.0,
      0.0,
      0.0,
      0.0,
      0.0,
      0.0,
      0.0
    ]
  },
  "train_loss_sfedavg": {
    "means": [
      2.173040411009884,
      2.0807607764833036,
      1.992441307011639,
      1.8949390219206572,
      1.8197728175063532,
      1.7500681507848177,
      1.6653759720050456,
      1.594339376774385,
      1.5415628799733798,
      1.4796226516632596,
      1.429438582072798,
      1.3783755825387276,
      1.330543507863085,
      1.2862959390452584,
      1.2474408740651228,
      1.2149024083174185,
      1.1822864104008972,
      1.1503423083737445,
      1.1245443945467901,
      1.0928683502156085,
      1.0680114329775143,
      1.0452208760306132,
      1.0224539274215731,
      1.0008716329522285,
      0.9796319314295029,
      0.9606924061880521,
      0.9447954616677592,
      0.9251191021891332,
      0.9072213798784392,
      0.892603452581644,
      0.8745603066540862,
      0.8584518678106496,
      0.8452438224079413,
      0.8316675641266101,
      0.8214086801432927,
      0.8108315685954673,
      0.8005492700710594,
      0.7907232227851884,
      0.7832173900466661,
      0.7727422107660794,
      0.764751400108649,
      0.7574620723691785,
      0.7483224222307219,
      0.7400514063037471,
      0.7328318195775431,
      0.7268597820029085,
      0.7205413584980711,
      0.7145909382207691,
      0.7078552775240405,
      0.6992125213944604
    ],
    "stds": [
      0.0,
      0.0,
      0.0,
      0.0,
      0.0,
      0.0,
      0.0,
      0.0,
      0.0,
      0.0,
      0.0,
      0.0,
      0.0,
      0.0,
      0.0,
      0.0,
      0.0,
      0.0,
      0.0,
      0.0,
      0.0,
      0.0,
      0.0,
      0.0,
      0.0,
      0.0,
      0.0,
      0.0,
      0.0,
      0.0,
      0.0,
      0.0,
      0.0,
      0.0,
      0.0,
      0.0,
      0.0,
      0.0,
      0.0,
      0.0,
      0.0,
      0.0,
      0.0,
      0.0,
      0.0,
      0.0,
      0.0,
      0.0,
      0.0,
      0.0
    ]
  },
  "test_acc_sfedavg": {
    "means": [
      0.27,
      0.2775,
      0.32875,
      0.405,
      0.4125,
      0.445,
      0.455,
      0.48125,
      0.495,
      0.50375,
      0.5225,
      0.535,
      0.5525,
      0.5825,
      0.58875,
      0.60875,
      0.62875,
      0.6425,
      0.63125,
      0.63375,
      0.6525,
      0.6525,
      0.66375,
      0.6675,
      0.675,
      0.6875,
      0.69,
      0.69875,
      0.6975,
      0.71125,
      0.72375,
      0.725,
      0.7175,
      0.7225,
      0.72125,
      0.72375,
      0.7225,
      0.735,
      0.72625,
      0.7275,
      0.7275,
      0.73125,
      0.73625,
      0.735,
      0.73875,
      0.7425,
      0.74125,
      0.74625,
      0.75125,
      0.7475
    ],
    "stds": [
      0.0,
      0.0,
      0.0,
      0.0,
      0.0,
      0.0,
      0.0,
      0.0,
      0.0,
      0.0,
      0.0,
      0.0,
      0.0,
      0.0,
      0.0,
      0.0,
      0.0,
      0.0,
      0.0,
      0.0,
      0.0,
      0.0,
      0.0,
      0.0,
      0.0,
      0.0,
      0.0,
      0.0,
      0.0,
      0.0,
      0.0,
      0.0,
      0.0,
      0.0,
      0.0,
      0.0,
      0.0,
      0.0,
      0.0,
      0.0,
      0.0,
      0.0,
      0.0,
      0.0,
      0.0,
      0.0,
      0.0,
      0.0,
      0.0,
      0.0
    ]
  },