{
  "train_loss_fedavg": {
    "means": [
      2.094056792157173,
      0.9424232763607727,
      0.6033437239564373,
      0.7046346172459862,
      0.5348305427049697,
      0.41386363613032634,
      0.4944925040156203,
      0.42037851709506807,
      0.3846441142157305,
      0.3732498010353231,
      0.4211862055502211,
      0.37161013442007523,
      0.33392022926509624,
      0.35347169146023755,
      0.3009757786343491,
      0.2603258589494855,
      0.2511049901465524,
      0.2544585247399353,
      0.25746502211011346,
      0.2398572713585595,
      0.23869755534334766,
      0.23319994176733586,
      0.23431446986435936,
      0.24250092628619815,
      0.20204371568768775,
      0.24254540204439834,
      0.2012998675323109,
      0.19946626885016003,
      0.2111282290478244,
      0.20025886227295178
    ],
    "stds": [
      0.0,
      0.0,
      0.0,
      0.0,
      0.0,
      0.0,
      0.0,
      0.0,
      0.0,
      0.0,
      0.0,
      0.0,
      0.0,
      0.0,
      0.0,
      0.0,
      0.0,
      0.0,
      0.0,
      0.0,
      0.0,
      0.0,
      0.0,
      0.0,
      0.0,
      0.0,
      0.0,
      0.0,
      0.0,
      0.0
    ]
  },
  "test_acc_fedavg": {
    "means": [
      0.7,
      0.8611111111111112,
      0.9,
      0.8777777777777778,
      0.9111111111111111,
      0.9111111111111111,
      0.9,
      0.8944444444444445,
      0.9027777777777778,
      0.9222222222222223,
      0.9083333333333333,
      0.9083333333333333,
      0.925,
      0.9277777777777778,
      0.9277777777777778,
      0.9222222222222223,
      0.9333333333333333,
      0.9361111111111111,
      0.9361111111111111,
      0.9388888888888889,
      0.9388888888888889,
      0.9361111111111111,
      0.9333333333333333,
      0.9416666666666667,
      0.9472222222222222,
      0.9333333333333333,
      0.9472222222222222,
      0.9444444444444444,
      0.9472222222222222,
      0.9416666666666667
    ],
    "stds": [
      0.0,
      0.0,
      0.0,
      0.0,
      0.0,
      0.0,
      0.0,
      0.0,
      0.0,
      0.0,
      0.0,
      0.0,
      0.0,
      0.0,
      0.0,
      0.0,
      0.0,
      0.0,
      0.0,
      0.0,
      0.0,
      0.0,
      0.0,
      0.0,
      0.0,
      0.0,
      0.0,
      0.0,
      0.0,
      0.0
    ]
  },
  "comm_MB_fedavg": {
    "means": [
      0.10752,
      0.21504,
      0.32256,
      0.43008,
      0.5376000000000001,
      0.6451200000000001,
      0.7526400000000002,
      0.8601600000000003,
      0.9676800000000003,
      1.0752000000000004,
      1.1827200000000004,
      1.2902400000000005,
      1.3977600000000006,
      1.5052800000000006,
      1.6128000000000007,
      1.7203200000000007,
      1.8278400000000008,
      1.9353600000000009,
      2.0428800000000007,
      2.1504000000000008,
      2.257920000000001,
      2.365440000000001,
      2.472960000000001,
      2.580480000000001,
      2.688000000000001,
      2.795520000000001,
      2.903040000000001,
      3.0105600000000012,
      3.1180800000000013,
      3.2256000000000014
    ],
    "stds": [
      0.0,
      0.0,
      0.0,
      0.0,
      0.0,
      0.0,
      0.0,
      0.0,
      0.0,
      0.0,
      0.0,
      0.0,
      0.0,
      0.0,
      0.0,
      0.0,
      0.0,
      0.0,
      0.0,
      0.0,
      0.0,
      0.0,
      0.0,
      0.0,
      0.0,
      0.0,
      0.0,
      0.0,
      0.0,
      0.0
    ]
  },
  "train_loss_sfedavg": {
    "means": [
      1.9915307022248294,
      1.61340721465402,
      1.4376436941866595,
      1.259062233704828,
      1.0424103330320882,
      0.9460314451360072,
      0.8919204754218333,
      0.8287204714073082,
      0.7651151388552481,
      0.7274273428842691,
      0.7022499059922657,
      0.6689443755986987,
      0.6661982110828022,
      0.6335922449186353,
      0.588794793071714,
      0.570549165208039,
      0.5405721898602696,
      0.5198790107232694,
      0.4998285589760214,
      0.46377816696043916,
      0.44913302777241726,
      0.4310427422318457,
      0.42959455317504425,
      0.41881834176044963,
      0.4116622695746036,
      0.40004524339708986,
      0.38433171509733755,
      0.37387237501752585,
      0.3703300405012333,
      0.3575901439241829
    ],
    "stds": [
      0.0,
      0.0,
      0.0,
      0.0,
      0.0,
      0.0,
      0.0,
      0.0,
      0.0,
      0.0,
      0.0,
      0.0,
      0.0,
      0.0,
      0.0,
      0.0,
      0.0,
      0.0,
      0.0,
      0.0,
      0.0,
      0.0,
      0.0,
      0.0,
      0.0,
      0.0,
      0.0,
      0.0,
      0.0,
      0.0
    ]
  },
  "test_acc_sfedavg": {
    "means": [
      0.2861111111111111,
      0.4638888888888889,
      0.4861111111111111,
      0.6027777777777777,
      0.6611111111111111,
      0.7111111111111111,
      0.7111111111111111,
      0.7416666666666667,
      0.7861111111111111,
      0.7694444444444445,
      0.8083333333333333,
      0.8111111111111111,
      0.8138888888888889,
      0.825,
      0.8222222222222222,
      0.8305555555555556,
      0.8472222222222222,
      0.8527777777777777,
      0.8666666666666667,
      0.8527777777777777,
      0.8722222222222222,
      0.875,
      0.875,
      0.8833333333333333,
      0.8833333333333333,
      0.875,
      0.8833333333333333,
      0.875,
      0.8805555555555555,
      0.8888888888888888
    ],
    "stds": [
      0.0,
      0.0,
      0.0,
      0.0,
      0.0,
      0.0,
      0.0,
      0.0,
      0.0,
      0.0,
      0.0,
      0.0,
      0.0,
      0.0,
      0.0,
      0.0,
      0.0,
      0.0,
      0.0,
      0.0,
      0.0,
      0.0,
      0.0,
      0.0,
      0.0,
      0.0,
      0.0,
      0.0,
      0.0,
      0.0
    ]
  },
  "comm_MB_sfedavg": {
    "means": [
      6.66112,
      13.32224,
      19.98336,
      26.64448,
      33.3056,
      39.966719999999995,
      46.62783999999999,
      53.28895999999999,
      59.950079999999986,
      66.61119999999998,
      73.27231999999998,
      79.93343999999998,
      86.59455999999997,
      93.25567999999997,
      99.91679999999997,
      106.57791999999996,
      113.23903999999996,
      119.90015999999996,
      126.56127999999995,
      133.22239999999996,
      139.88351999999998,
      146.54464,
      153.20576,
      159.86688,
      166.52800000000002,
      173.18912000000003,
      179.85024000000004,
      186.51136000000005,
      193.17248000000006,
      199.83360000000008
    ],
    "stds": [
      0.0,
      0.0,
      0.0,
      0.0,
      0.0,
      0.0,
      0.0,
      0.0,
      0.0,
      0.0,
      0.0,
      0.0,
      0.0,
      0.0,
      0.0,
      0.0,
      0.0,
      0.0,
      0.0,
      0.0,
      0.0,
      0.0,
      0.0,
      0.0,
      0.0,
      0.0,
      0.0,
      0.0,
      0.0,
      0.0
    ]
  }
}