{
  "train_loss_fedavg": {
    "means": [
      2.499344421927872,
      1.374418069504372,
      1.0963771748998807,
      0.8794262563800725,
      0.9935925032937005,
      0.6935201868647252,
      0.6722589187965353,
      0.5476547660931704,
      0.5032324997560252,
      0.46335176140353646,
      0.5191131973380871,
      0.5026714072256016,
      0.4591335738764749,
      0.4016043648732696,
      0.34653693625367066,
      0.3519969107782216,
      0.3275621180609822,
      0.32405504568582894,
      0.3631711631147054,
      0.2960186407810752,
      0.29437064670307644,
      0.276105263221084,
      0.28219632763682667,
      0.2795484067031622,
      0.249203494713757,
      0.23538448200728126,
      0.2509356936231537,
      0.24430897466827373,
      0.24431719461911547,
      0.22225511660408287
    ],
    "stds": [
      0.0,
      0.0,
      0.0,
      0.0,
      0.0,
      0.0,
      0.0,
      0.0,
      0.0,
      0.0,
      0.0,
      0.0,
      0.0,
      0.0,
      0.0,
      0.0,
      0.0,
      0.0,
      0.0,
      0.0,
      0.0,
      0.0,
      0.0,
      0.0,
      0.0,
      0.0,
      0.0,
      0.0,
      0.0,
      0.0
    ]
  },
  "test_acc_fedavg": {
    "means": [
      0.7805555555555556,
      0.85,
      0.8833333333333333,
      0.8944444444444445,
      0.8916666666666667,
      0.8944444444444445,
      0.8944444444444445,
      0.8944444444444445,
      0.8972222222222223,
      0.9111111111111111,
      0.9305555555555556,
      0.9222222222222223,
      0.925,
      0.9333333333333333,
      0.9361111111111111,
      0.9361111111111111,
      0.9361111111111111,
      0.9361111111111111,
      0.9305555555555556,
      0.9333333333333333,
      0.9416666666666667,
      0.9361111111111111,
      0.9361111111111111,
      0.9388888888888889,
      0.9277777777777778,
      0.925,
      0.9388888888888889,
      0.9388888888888889,
      0.9416666666666667,
      0.9361111111111111
    ],
    "stds": [
      0.0,
      0.0,
      0.0,
      0.0,
      0.0,
      0.0,
      0.0,
      0.0,
      0.0,
      0.0,
      0.0,
      0.0,
      0.0,
      0.0,
      0.0,
      0.0,
      0.0,
      0.0,
      0.0,
      0.0,
      0.0,
      0.0,
      0.0,
      0.0,
      0.0,
      0.0,
      0.0,
      0.0,
      0.0,
      0.0
    ]
  },
  "comm_MB_fedavg": {
    "means": [
      0.16128,
      0.32256,
      0.48384000000000005,
      0.64512,
      0.8064,
      0.96768,
      1.12896,
      1.29024,
      1.4515200000000001,
      1.6128000000000002,
      1.7740800000000003,
      1.9353600000000004,
      2.0966400000000003,
      2.2579200000000004,
      2.4192000000000005,
      2.5804800000000006,
      2.7417600000000006,
      2.9030400000000007,
      3.064320000000001,
      3.225600000000001,
      3.386880000000001,
      3.548160000000001,
      3.709440000000001,
      3.8707200000000013,
      4.032000000000001,
      4.193280000000001,
      4.35456,
      4.51584,
      4.6771199999999995,
      4.838399999999999
    ],
    "stds": [
      0.0,
      0.0,
      0.0,
      0.0,
      0.0,
      0.0,
      0.0,
      0.0,
      0.0,
      0.0,
      0.0,
      0.0,
      0.0,
      0.0,
      0.0,
      0.0,
      0.0,
      0.0,
      0.0,
      0.0,
      0.0,
      0.0,
      0.0,
      0.0,
      0.0,
      0.0,
      0.0,
      0.0,
      0.0,
      0.0
    ]
  },
  "train_loss_sfedavg": {
    "means": [
      1.65322248728679,
      1.1654803201452513,
      0.9687855298898184,
      0.8093072684736677,
      0.6682935733460461,
      0.5698633131946874,
      0.528412409480324,
      0.5104450597104648,
      0.48185080677117137,
      0.4473651095478157,
      0.43623515392812606,
      0.3927747576786632,
      0.3723257608633865,
      0.3695841961187001,
      0.3368763817595005,
      0.3309447590307837,
      0.313348038187927,
      0.30344695898657875,
      0.3360050328174607,
      0.32340672499227685,
      0.2764810966857386,
      0.2683525757464487,
      0.2579193043512528,
      0.2605722955479288,
      0.2388942604313518,
      0.2294591942471894,
      0.21878945541055878,
      0.2060740138945106,
      0.20199213923339177,
      0.19774311561194452
    ],
    "stds": [
      0.0,
      0.0,
      0.0,
      0.0,
      0.0,
      0.0,
      0.0,
      0.0,
      0.0,
      0.0,
      0.0,
      0.0,
      0.0,
      0.0,
      0.0,
      0.0,
      0.0,
      0.0,
      0.0,
      0.0,
      0.0,
      0.0,
      0.0,
      0.0,
      0.0,
      0.0,
      0.0,
      0.0,
      0.0,
      0.0
    ]
  },
  "test_acc_sfedavg": {
    "means": [
      0.4638888888888889,
      0.675,
      0.75,
      0.8,
      0.8111111111111111,
      0.8416666666666667,
      0.8361111111111111,
      0.8361111111111111,
      0.8388888888888889,
      0.85,
      0.8555555555555555,
      0.8722222222222222,
      0.8805555555555555,
      0.8777777777777778,
      0.8805555555555555,
      0.8861111111111111,
      0.8805555555555555,
      0.9,
      0.8805555555555555,
      0.8916666666666667,
      0.875,
      0.8722222222222222,
      0.8944444444444445,
      0.8777777777777778,
      0.8944444444444445,
      0.8916666666666667,
      0.8972222222222223,
      0.9,
      0.9,
      0.9
    ],
    "stds": [
      0.0,
      0.0,
      0.0,
      0.0,
      0.0,
      0.0,
      0.0,
      0.0,
      0.0,
      0.0,
      0.0,
      0.0,
      0.0,
      0.0,
      0.0,
      0.0,
      0.0,
      0.0,
      0.0,
      0.0,
      0.0,
      0.0,
      0.0,
      0.0,
      0.0,
      0.0,
      0.0,
      0.0,
      0.0,
      0.0
    ]
  },
  "comm_MB_sfedavg": {
    "means": [
      14.90688,
      29.81376,
      44.720639999999996,
      59.62752,
      74.53439999999999,
      89.44127999999999,
      104.34816,
      119.25504,
      134.16191999999998,
      149.06879999999998,
      163.97567999999998,
      178.88255999999998,
      193.78943999999998,
      208.69632,
      223.6032,
      238.51008,
      253.41696,
      268.32383999999996,
      283.23071999999996,
      298.13759999999996,
      313.04447999999996,
      327.95135999999997,
      342.85823999999997,
      357.76511999999997,
      372.67199999999997,
      387.57887999999997,
      402.48575999999997,
      417.39264,
      432.29952,
      447.2064
    ],
    "stds": [
      0.0,
      0.0,
      0.0,
      0.0,
      0.0,
      0.0,
      0.0,
      0.0,
      0.0,
      0.0,
      0.0,
      0.0,
      0.0,
      0.0,
      0.0,
      0.0,
      0.0,
      0.0,
      0.0,
      0.0,
      0.0,
      0.0,
      0.0,
      0.0,
      0.0,
      0.0,
      0.0,
      0.0,
      0.0,
      0.0
    ]
  }
}