{
  "train_loss_fedavg": {
    "means": [
      1.6015692558254233,
      1.0753916946378714,
      0.7651602639791366,
      0.5769855029870186,
      0.4846357069332728,
      0.42660415336042296,
      0.38800892088367883,
      0.3668604116939646,
      0.35388210938268005,
      0.3506556542482323,
      0.3514730098892858,
      0.3615524050187987,
      0.3653237521141972,
      0.38322032675858064,
      0.40113404873781483,
      0.40356997204754813,
      0.41016853896303473,
      0.4096846818462383,
      0.39956807891106744,
      0.400405109492566,
      0.3918606625916708,
      0.38764366148356577,
      0.38079231741771286,
      0.37316668037950596,
      0.3720073089725586,
      0.37717250249594686,
      0.37733667037424334,
      0.3852167102219402,
      0.3888190956473065,
      0.3940504401881839,
      0.39444514578285306,
      0.38326279260941254,
      0.3712302793762805,
      0.36873049518645784,
      0.3699569605037639,
      0.3711246061270261,
      0.37592331754452063,
      0.3848018548108702,
      0.3907258654376566,
      0.38130597269252897,
      0.3831046600371724,
      0.38605470791134533,
      0.38308011570203226,
      0.3832422322573142,
      0.37912745550121396,
      0.3771016792509933,
      0.37492888590827217,
      0.37380291909956087,
      0.3795234473524543,
      0.3829095773628568
    ],
    "stds": [
      0.0,
      0.0,
      0.0,
      0.0,
      0.0,
      0.0,
      0.0,
      0.0,
      0.0,
      0.0,
      0.0,
      0.0,
      0.0,
      0.0,
      0.0,
      0.0,
      0.0,
      0.0,
      0.0,
      0.0,
      0.0,
      0.0,
      0.0,
      0.0,
      0.0,
      0.0,
      0.0,
      0.0,
      0.0,
      0.0,
      0.0,
      0.0,
      0.0,
      0.0,
      0.0,
      0.0,
      0.0,
      0.0,
      0.0,
      0.0,
      0.0,
      0.0,
      0.0,
      0.0,
      0.0,
      0.0,
      0.0,
      0.0,
      0.0,
      0.0
    ]
  },
  "train_loss_sfedavg": {
    "means": [
      2.118139532798346,
      1.9006990422829468,
      1.7291441056167702,
      1.564771344870663,
      1.4497159497456427,
      1.3342506353275874,
      1.2578339245699504,
      1.1545502032372477,
      1.08923975989232,
      1.0285285570096288,
      0.9804826327740693,
      0.9376142045827809,
      0.8929721584345672,
      0.8633668520227843,
      0.8350998250306018,
      0.8079933615754137,
      0.7868090431818335,
      0.7626501401550658,
      0.7416359971159938,
      0.7225459758853381,
      0.7071879571221883,
      0.6907396884934849,
      0.6782289394281438,
      0.6636293646375678,
      0.6489640550976312,
      0.6413631327885873,
      0.6341813537484946,
      0.6266199673875336,
      0.616179500146147,
      0.6090492001467028,
      0.6010026784131625,
      0.5932239674056283,
      0.5842905396199313,
      0.5758790401511866,
      0.5711930349864196,
      0.5671734402110852,
      0.5612218991559622,
      0.5552237379670638,
      0.5518773482100906,
      0.5464021832717231,
      0.5416010214439323,
      0.5377178728713852,
      0.5321344971666861,
      0.5272663265235664,
      0.5202982161318939,
      0.5146190415873168,
      0.5107453130527588,
      0.5083262687245751,
      0.5057074969663473,
      0.5021197063453593
    ],
    "stds": [
      0.0,
      0.0,
      0.0,
      0.0,
      0.0,
      0.0,
      0.0,
      0.0,
      0.0,
      0.0,
      0.0,
      0.0,
      0.0,
      0.0,
      0.0,
      0.0,
      0.0,
      0.0,
      0.0,
      0.0,
      0.0,
      0.0,
      0.0,
      0.0,
      0.0,
      0.0,
      0.0,
      0.0,
      0.0,
      0.0,
      0.0,
      0.0,
      0.0,
      0.0,
      0.0,
      0.0,
      0.0,
      0.0,
      0.0,
      0.0,
      0.0,
      0.0,
      0.0,
      0.0,
      0.0,
      0.0,
      0.0,
      0.0,
      0.0,
      0.0
    ]
  },
  "test_acc_fedavg": {
    "means": [
      0.8694444444444445,
      0.8805555555555555,
      0.8805555555555555,
      0.8861111111111111,
      0.9,
      0.9055555555555556,
      0.9222222222222223,
      0.9277777777777778,
      0.9305555555555556,
      0.9416666666666667,
      0.9388888888888889,
      0.9305555555555556,
      0.9416666666666667,
      0.9305555555555556,
      0.9277777777777778,
      0.9222222222222223,
      0.9138888888888889,
      0.9305555555555556,
      0.9388888888888889,
      0.9305555555555556,
      0.9388888888888889,
      0.9361111111111111,
      0.9444444444444444,
      0.9444444444444444,
      0.9416666666666667,
      0.9416666666666667,
      0.9416666666666667,
      0.95,
      0.9527777777777777,
      0.9416666666666667,
      0.9361111111111111,
      0.9416666666666667,
      0.9333333333333333,
      0.9388888888888889,
      0.9472222222222222,
      0.9416666666666667,
      0.9388888888888889,
      0.9277777777777778,
      0.925,
      0.9333333333333333,
      0.9333333333333333,
      0.9222222222222223,
      0.9277777777777778,
      0.9305555555555556,
      0.9277777777777778,
      0.9222222222222223,
      0.9305555555555556,
      0.9305555555555556,
      0.9222222222222223,
      0.9138888888888889
    ],
    "stds": [
      0.0,
      0.0,
      0.0,
      0.0,
      0.0,
      0.0,
      0.0,
      0.0,
      0.0,
      0.0,
      0.0,
      0.0,
      0.0,
      0.0,
      0.0,
      0.0,
      0.0,
      0.0,
      0.0,
      0.0,
      0.0,
      0.0,
      0.0,
      0.0,
      0.0,
      0.0,
      0.0,
      0.0,
      0.0,
      0.0,
      0.0,
      0.0,
      0.0,
      0.0,
      0.0,
      0.0,
      0.0,
      0.0,
      0.0,
      0.0,
      0.0,
      0.0,
      0.0,
      0.0,
      0.0,
      0.0,
      0.0,
      0.0,
      0.0,
      0.0
    ]
  },
  "test_acc_sfedavg": {
    "means": [
      0.6416666666666667,
      0.7305555555555555,
      0.8083333333333333,
      0.8055555555555556,
      0.8444444444444444,
      0.8527777777777777,
      0.8555555555555555,
      0.8777777777777778,
      0.8833333333333333,
      0.8972222222222223,
      0.8833333333333333,
      0.9,
      0.8972222222222223,
      0.8944444444444445,
      0.9111111111111111,
      0.9111111111111111,
      0.9111111111111111,
      0.9111111111111111,
      0.9111111111111111,
      0.9138888888888889,
      0.9138888888888889,
      0.9083333333333333,
      0.9138888888888889,
      0.9194444444444444,
      0.925,
      0.9166666666666666,
      0.9194444444444444,
      0.9138888888888889,
      0.9194444444444444,
      0.9194444444444444,
      0.9194444444444444,
      0.9194444444444444,
      0.9138888888888889,
      0.925,
      0.9277777777777778,
      0.9333333333333333,
      0.9277777777777778,
      0.925,
      0.925,
      0.9277777777777778,
      0.9277777777777778,
      0.9333333333333333,
      0.9333333333333333,
      0.9305555555555556,
      0.9333333333333333,
      0.9305555555555556,
      0.9361111111111111,
      0.9361111111111111,
      0.9388888888888889,
      0.9361111111111111
    ],
    "stds": [
      0.0,
      0.0,
      0.0,
      0.0,
      0.0,
      0.0,
      0.0,
      0.0,
      0.0,
      0.0,
      0.0,
      0.0,
      0.0,
      0.0,
      0.0,
      0.0,
      0.0,
      0.0,
      0.0,
      0.0,
      0.0,
      0.0,
      0.0,
      0.0,
      0.0,
      0.0,
      0.0,
      0.0,
      0.0,
      0.0,
      0.0,
      0.0,
      0.0,
      0.0,
      0.0,
      0.0,
      0.0,
      0.0,
      0.0,
      0.0,
      0.0,
      0.0,
      0.0,
      0.0,
      0.0,
      0.0,
      0.0,
      0.0,
      0.0,
      0.0
    ]
  },