{
  "train_loss_fedavg": {
    "means": [
      2.235359634968743,
      2.1716028764763213,
      2.1124976677008447,
      2.055896744835856,
      2.0020896657883083,
      1.9510559228386262,
      1.9031156920737673,
      1.8567450650523472,
      1.8129918167763146,
      1.7718760618688032,
      1.7321489452761656,
      1.694721607482005,
      1.659383636677782,
      1.6251147192818227,
      1.5924350826657139,
      1.5618275206289143,
      1.5328439959170628,
      1.5048671948180419,
      1.4780829493837038,
      1.4527544063268052,
      1.4289277233520215,
      1.4059556986471882,
      1.3839383302653483,
      1.3629628918755707,
      1.3423525985845295,
      1.3229615758403979,
      1.3039787330935777,
      1.2856714680377337,
      1.268379114066883,
      1.2517010025682112,
      1.2357062494998479,
      1.220462730581003,
      1.2056612760282723,
      1.1915054949847634,
      1.1777262446683887,
      1.1644324530020962,
      1.1515887014882902,
      1.1391302484896029,
      1.1271333057238948,
      1.115716901031297
    ],
    "stds": [
      0.0,
      0.0,
      0.0,
      0.0,
      0.0,
      0.0,
      0.0,
      0.0,
      0.0,
      0.0,
      0.0,
      0.0,
      0.0,
      0.0,
      0.0,
      0.0,
      0.0,
      0.0,
      0.0,
      0.0,
      0.0,
      0.0,
      0.0,
      0.0,
      0.0,
      0.0,
      0.0,
      0.0,
      0.0,
      0.0,
      0.0,
      0.0,
      0.0,
      0.0,
      0.0,
      0.0,
      0.0,
      0.0,
      0.0,
      0.0
    ]
  },
  "test_acc_fedavg": {
    "means": [
      0.2941666666666667,
      0.45416666666666666,
      0.5508333333333333,
      0.61,
      0.6458333333333334,
      0.6775,
      0.68,
      0.6816666666666666,
      0.695,
      0.7116666666666667,
      0.7133333333333334,
      0.72,
      0.7166666666666667,
      0.7191666666666666,
      0.72,
      0.7258333333333333,
      0.725,
      0.7275,
      0.7333333333333333,
      0.7358333333333333,
      0.7416666666666667,
      0.7433333333333333,
      0.745,
      0.7466666666666667,
      0.7541666666666667,
      0.7558333333333334,
      0.7583333333333333,
      0.7608333333333334,
      0.76,
      0.76,
      0.7583333333333333,
      0.7616666666666667,
      0.76,
      0.7625,
      0.765,
      0.7641666666666667,
      0.7616666666666667,
      0.7641666666666667,
      0.7666666666666667,
      0.7691666666666667
    ],
    "stds": [
      0.0,
      0.0,
      0.0,
      0.0,
      0.0,
      0.0,
      0.0,
      0.0,
      0.0,
      0.0,
      0.0,
      0.0,
      0.0,
      0.0,
      0.0,
      0.0,
      0.0,
      0.0,
      0.0,
      0.0,
      0.0,
      0.0,
      0.0,
      0.0,
      0.0,
      0.0,
      0.0,
      0.0,
      0.0,
      0.0,
      0.0,
      0.0,
      0.0,
      0.0,
      0.0,
      0.0,
      0.0,
      0.0,
      0.0,
      0.0
    ]
  },
  "comm_eff_fedavg": {
    "means": [
      1.0,
      2.0,
      3.0,
      4.0,
      5.0,
      6.0,
      7.0,
      8.0,
      9.0,
      10.0,
      11.0,
      12.0,
      13.0,
      14.0,
      15.0,
      16.0,
      17.0,
      18.0,
      19.0,
      20.0,
      21.0,
      22.0,
      23.0,
      24.0,
      25.0,
      26.0,
      27.0,
      28.0,
      29.0,
      30.0,
      31.0,
      32.0,
      33.0,
      34.0,
      35.0,
      36.0,
      37.0,
      38.0,
      39.0,
      40.0
    ],
    "stds": [
      0.0,
      0.0,
      0.0,
      0.0,
      0.0,
      0.0,
      0.0,
      0.0,
      0.0,
      0.0,
      0.0,
      0.0,
      0.0,
      0.0,
      0.0,
      0.0,
      0.0,
      0.0,
      0.0,
      0.0,
      0.0,
      0.0,
      0.0,
      0.0,
      0.0,
      0.0,
      0.0,
      0.0,
      0.0,
      0.0,
      0.0,
      0.0,
      0.0,
      0.0,
      0.0,
      0.0,
      0.0,
      0.0,
      0.0,
      0.0
    ]
  },
  "train_loss_sfedavg": {
    "means": [
      2.288527424195008,
      2.2753269234013644,
      2.262761082679499,
      2.247566706424209,
      2.2350841615216,
      2.2236930919317373,
      2.211326458577491,
      2.199933568017712,
      2.1855613160317025,
      2.174476860769928,
      2.1632015976721046,
      2.150823103366655,
      2.1381450546375014,
      2.1265403930576707,
      2.1147232783490235,
      2.103217629814415,
      2.0914759746688483,
      2.0794243526144065,
      2.0675482343571336,
      2.0552031396141888,
      2.04505081171563,
      2.035647921227629,
      2.0248734843067204,
      2.014905881055891,
      2.005199518475201,
      1.9944729105074752,
      1.983040883711486,
      1.9726203440547578,
      1.9634348413632052,
      1.9541536110263935,
      1.9453974051413183,
      1.9364222855788509,
      1.9247572179543044,
      1.91469908792535,
      1.9056260892460963,
      1.8970094259680617,
      1.8879612740234877,
      1.8810132423864698,
      1.8709245898061742,
      1.8603379526706663
    ],
    "stds": [
      0.0,
      0.0,
      0.0,
      0.0,
      0.0,
      0.0,
      0.0,
      0.0,
      0.0,
      0.0,
      0.0,
      0.0,
      0.0,
      0.0,
      0.0,
      0.0,
      0.0,
      0.0,
      0.0,
      0.0,
      0.0,
      0.0,
      0.0,
      0.0,
      0.0,
      0.0,
      0.0,
      0.0,
      0.0,
      0.0,
      0.0,
      0.0,
      0.0,
      0.0,
      0.0,
      0.0,
      0.0,
      0.0,
      0.0,
      0.0
    ]
  },
  "test_acc_sfedavg": {
    "means": [
      0.13833333333333334,
      0.17,
      0.2075,
      0.23333333333333334,
      0.2683333333333333,
      0.30666666666666664,
      0.32416666666666666,
      0.3475,
      0.385,
      0.41,
      0.4216666666666667,
      0.43833333333333335,
      0.455,
      0.4766666666666667,
      0.4925,
      0.5258333333333334,
      0.5358333333333334,
      0.5533333333333333,
      0.5666666666666667,
      0.5641666666666667,
      0.5708333333333333,
      0.5791666666666667,
      0.5808333333333333,
      0.5966666666666667,
      0.5975,
      0.6,
      0.6133333333333333,
      0.615,
      0.6158333333333333,
      0.6241666666666666,
      0.6208333333333333,
      0.6233333333333333,
      0.6225,
      0.635,
      0.6316666666666667,
      0.6325,
      0.6375,
      0.6366666666666667,
      0.6441666666666667,
      0.645
    ],
    "stds": [
      0.0,
      0.0,
      0.0,
      0.0,
      0.0,
      0.0,
      0.0,
      0.0,
      0.0,
      0.0,
      0.0,
      0.0,
      0.0,
      0.0,
      0.0,
      0.0,
      0.0,
      0.0,
      0.0,
      0.0,
      0.0,
      0.0,
      0.0,
      0.0,
      0.0,
      0.0,
      0.0,
      0.0,
      0.0,
      0.0,
      0.0,
      0.0,
      0.0,
      0.0,
      0.0,
      0.0,
      0.0,
      0.0,
      0.0,
      0.0
    ]
  },
  "comm_eff_sfedavg": {
    "means": [
      0.2,
      0.4,
      0.6000000000000001,
      0.8,
      1.0,
      1.2000000000000002,
      1.4000000000000001,
      1.6,
      1.8,
      2.0,
      2.2,
      2.4000000000000004,
      2.6,
      2.8000000000000003,
      3.0,
      3.2,
      3.4000000000000004,
      3.6,
      3.8000000000000003,
      4.0,
      4.2,
      4.4,
      4.6000000000000005,
      4.800000000000001,
      5.0,
      5.2,
      5.4,
      5.6000000000000005,
      5.800000000000001,
      6.0,
      6.2,
      6.4,
      6.6000000000000005,
      6.800000000000001,
      7.0,
      7.2,
      7.4,
      7.6000000000000005,
      7.800000000000001,
      8.0
    ],
    "stds": [
      0.0,
      0.0,
      0.0,
      0.0,
      0.0,
      0.0,
      0.0,
      0.0,
      0.0,
      0.0,
      0.0,
      0.0,
      0.0,
      0.0,
      0.0,
      0.0,
      0.0,
      0.0,
      0.0,
      0.0,
      0.0,
      0.0,
      0.0,
      0.0,
      0.0,
      0.0,
      0.0,
      0.0,
      0.0,
      0.0,
      0.0,
      0.0,
      0.0,
      0.0,
      0.0,
      0.0,
      0.0,
      0.0,
      0.0,
      0.0
    ]
  },