{
  "train_loss": {
    "means": [
      2.276447077767592,
      2.24961734370924,
      2.2258609768391153,
      2.198652397146853,
      2.173111682567627,
      2.1442114807704646,
      2.111584945471015,
      2.08903216674156,
      2.0629558459305177,
      2.040642950768056,
      2.0219018966337887,
      2.0005747335199455,
      1.975345826829288,
      1.9482211844318587,
      1.9275723116576806,
      1.9054953150205576,
      1.8883987440017103,
      1.867885870686172,
      1.8456552598762894,
      1.82711810947904,
      1.805493414626248,
      1.786650030917432,
      1.770872006640373,
      1.7576437162485625,
      1.7364237220268286,
      1.716920297198946,
      1.701118569392969,
      1.6784837528596068,
      1.662485063067407,
      1.645856470799515,
      1.6266446967587564,
      1.6163286388389804,
      1.6039796712580556,
      1.5842514190177337,
      1.5628993115027616,
      1.5426967174718444,
      1.5252156950164395,
      1.509046021249602,
      1.4957024639738055,
      1.4817695483346423,
      1.4713602235272794,
      1.457763357810971,
      1.4446607753802556,
      1.4321539486049388,
      1.4215383387109621,
      1.4077682611646747,
      1.3996695788170153,
      1.3891441157204167,
      1.379542999657937,
      1.3682658614912646
    ],
    "stds": [
      0.0,
      0.0,
      0.0,
      0.0,
      0.0,
      0.0,
      0.0,
      0.0,
      0.0,
      0.0,
      0.0,
      0.0,
      0.0,
      0.0,
      0.0,
      0.0,
      0.0,
      0.0,
      0.0,
      0.0,
      0.0,
      0.0,
      0.0,
      0.0,
      0.0,
      0.0,
      0.0,
      0.0,
      0.0,
      0.0,
      0.0,
      0.0,
      0.0,
      0.0,
      0.0,
      0.0,
      0.0,
      0.0,
      0.0,
      0.0,
      0.0,
      0.0,
      0.0,
      0.0,
      0.0,
      0.0,
      0.0,
      0.0,
      0.0,
      0.0
    ]
  },
  "test_accuracy": {
    "means": [
      0.3,
      0.347,
      0.3745,
      0.4155,
      0.4275,
      0.458,
      0.491,
      0.4935,
      0.513,
      0.5275,
      0.5375,
      0.5515,
      0.5585,
      0.5665,
      0.568,
      0.5765,
      0.583,
      0.591,
      0.5965,
      0.5985,
      0.5955,
      0.613,
      0.6245,
      0.622,
      0.626,
      0.6325,
      0.634,
      0.6395,
      0.6365,
      0.644,
      0.6465,
      0.6495,
      0.655,
      0.6645,
      0.6695,
      0.6725,
      0.682,
      0.688,
      0.69,
      0.6995,
      0.7045,
      0.704,
      0.712,
      0.7095,
      0.7165,
      0.7155,
      0.7195,
      0.724,
      0.7265,
      0.7275
    ],
    "stds": [
      0.0,
      0.0,
      0.0,
      0.0,
      0.0,
      0.0,
      0.0,
      0.0,
      0.0,
      0.0,
      0.0,
      0.0,
      0.0,
      0.0,
      0.0,
      0.0,
      0.0,
      0.0,
      0.0,
      0.0,
      0.0,
      0.0,
      0.0,
      0.0,
      0.0,
      0.0,
      0.0,
      0.0,
      0.0,
      0.0,
      0.0,
      0.0,
      0.0,
      0.0,
      0.0,
      0.0,
      0.0,
      0.0,
      0.0,
      0.0,
      0.0,
      0.0,
      0.0,
      0.0,
      0.0,
      0.0,
      0.0,
      0.0,
      0.0,
      0.0
    ]
  },
  "uplink_floats": {
    "means": [
      320.0,
      640.0,
      960.0,
      1280.0,
      1600.0,
      1920.0,
      2240.0,
      2560.0,
      2880.0,
      3200.0,
      3520.0,
      3840.0,
      4160.0,
      4480.0,
      4800.0,
      5120.0,
      5440.0,
      5760.0,
      6080.0,
      6400.0,
      6720.0,
      7040.0,
      7360.0,
      7680.0,
      8000.0,
      8320.0,
      8640.0,
      8960.0,
      9280.0,
      9600.0,
      9920.0,
      10240.0,
      10560.0,
      10880.0,
      11200.0,
      11520.0,
      11840.0,
      12160.0,
      12480.0,
      12800.0,
      13120.0,
      13440.0,
      13760.0,
      14080.0,
      14400.0,
      14720.0,
      15040.0,
      15360.0,
      15680.0,
      16000.0
    ],
    "stds": [
      0.0,
      0.0,
      0.0,
      0.0,
      0.0,
      0.0,
      0.0,
      0.0,
      0.0,
      0.0,
      0.0,
      0.0,
      0.0,
      0.0,
      0.0,
      0.0,
      0.0,
      0.0,
      0.0,
      0.0,
      0.0,
      0.0,
      0.0,
      0.0,
      0.0,
      0.0,
      0.0,
      0.0,
      0.0,
      0.0,
      0.0,
      0.0,
      0.0,
      0.0,
      0.0,
      0.0,
      0.0,
      0.0,
      0.0,
      0.0,
      0.0,
      0.0,
      0.0,
      0.0,
      0.0,
      0.0,
      0.0,
      0.0,
      0.0,
      0.0
    ]
  },
  "downlink_floats": {
    "means": [
      2160.0,
      4320.0,
      6480.0,
      8640.0,
      10800.0,
      12960.0,
      15120.0,
      17280.0,
      19440.0,
      21600.0,
      23760.0,
      25920.0,
      28080.0,
      30240.0,
      32400.0,
      34560.0,
      36720.0,
      38880.0,
      41040.0,
      43200.0,
      45360.0,
      47520.0,
      49680.0,
      51840.0,
      54000.0,
      56160.0,
      58320.0,
      60480.0,
      62640.0,
      64800.0,
      66960.0,
      69120.0,
      71280.0,
      73440.0,
      75600.0,
      77760.0,
      79920.0,
      82080.0,
      84240.0,
      86400.0,
      88560.0,
      90720.0,
      92880.0,
      95040.0,
      97200.0,
      99360.0,
      101520.0,
      103680.0,
      105840.0,
      108000.0
    ],
    "stds": [
      0.0,
      0.0,
      0.0,
      0.0,
      0.0,
      0.0,
      0.0,
      0.0,
      0.0,
      0.0,
      0.0,
      0.0,
      0.0,
      0.0,
      0.0,
      0.0,
      0.0,
      0.0,
      0.0,
      0.0,
      0.0,
      0.0,
      0.0,
      0.0,
      0.0,
      0.0,
      0.0,
      0.0,
      0.0,
      0.0,
      0.0,
      0.0,
      0.0,
      0.0,
      0.0,
      0.0,
      0.0,
      0.0,
      0.0,
      0.0,
      0.0,
      0.0,
      0.0,
      0.0,
      0.0,
      0.0,
      0.0,
      0.0,
      0.0,
      0.0
    ]
  },
  "total_floats": {
    "means": [
      2480.0,
      4960.0,
      7440.0,
      9920.0,
      12400.0,
      14880.0,
      17360.0,
      19840.0,
      22320.0,
      24800.0,
      27280.0,
      29760.0,
      32240.0,
      34720.0,
      37200.0,
      39680.0,
      42160.0,
      44640.0,
      47120.0,
      49600.0,
      52080.0,
      54560.0,
      57040.0,
      59520.0,
      62000.0,
      64480.0,
      66960.0,
      69440.0,
      71920.0,
      74400.0,
      76880.0,
      79360.0,
      81840.0,
      84320.0,
      86800.0,
      89280.0,
      91760.0,
      94240.0,
      96720.0,
      99200.0,
      101680.0,
      104160.0,
      106640.0,
      109120.0,
      111600.0,
      114080.0,
      116560.0,
      119040.0,
      121520.0,
      124000.0
    ],
    "stds": [
      0.0,
      0.0,
      0.0,
      0.0,
      0.0,
      0.0,
      0.0,
      0.0,
      0.0,
      0.0,
      0.0,
      0.0,
      0.0,
      0.0,
      0.0,
      0.0,
      0.0,
      0.0,
      0.0,
      0.0,
      0.0,
      0.0,
      0.0,
      0.0,
      0.0,
      0.0,
      0.0,
      0.0,
      0.0,
      0.0,
      0.0,
      0.0,
      0.0,
      0.0,
      0.0,
      0.0,
      0.0,
      0.0,
      0.0,
      0.0,
      0.0,
      0.0,
      0.0,
      0.0,
      0.0,
      0.0,
      0.0,
      0.0,
      0.0,
      0.0
    ]
  }
}