{
  "train_loss_fedavg": {
    "means": [
      1.0272149571322309,
      0.7763906030328374,
      0.700470618122844,
      0.6408745916352256,
      0.5796204530456557,
      0.5583103977073054,
      0.53047360787658,
      0.514767190449379,
      0.48789046853034196,
      0.47707032266830357,
      0.4725557292514572,
      0.47262415497765325,
      0.45523379223994864,
      0.4550112940646354,
      0.45456114080554605,
      0.457003170839773,
      0.4379804502057999,
      0.42864839486141704,
      0.45261365289237937,
      0.438414516604374,
      0.44164589175652136,
      0.4290630954608394,
      0.43638324361891495,
      0.430433150684097,
      0.42040745234406407,
      0.41682843158522154,
      0.42720803426427645,
      0.40786195843179734,
      0.4147383345490649,
      0.4125327522463115
    ],
    "stds": [
      0.0,
      0.0,
      0.0,
      0.0,
      0.0,
      0.0,
      0.0,
      0.0,
      0.0,
      0.0,
      0.0,
      0.0,
      0.0,
      0.0,
      0.0,
      0.0,
      0.0,
      0.0,
      0.0,
      0.0,
      0.0,
      0.0,
      0.0,
      0.0,
      0.0,
      0.0,
      0.0,
      0.0,
      0.0,
      0.0
    ]
  },
  "test_acc_fedavg": {
    "means": [
      0.6335,
      0.718,
      0.7345,
      0.758,
      0.78175,
      0.78975,
      0.7975,
      0.79975,
      0.813,
      0.8145,
      0.806,
      0.80425,
      0.81225,
      0.8175,
      0.81775,
      0.816,
      0.81875,
      0.81525,
      0.80825,
      0.818,
      0.807,
      0.82175,
      0.82125,
      0.82525,
      0.82725,
      0.83425,
      0.83325,
      0.835,
      0.83525,
      0.83425
    ],
    "stds": [
      0.0,
      0.0,
      0.0,
      0.0,
      0.0,
      0.0,
      0.0,
      0.0,
      0.0,
      0.0,
      0.0,
      0.0,
      0.0,
      0.0,
      0.0,
      0.0,
      0.0,
      0.0,
      0.0,
      0.0,
      0.0,
      0.0,
      0.0,
      0.0,
      0.0,
      0.0,
      0.0,
      0.0,
      0.0,
      0.0
    ]
  },
  "comm_eff_fedavg": {
    "means": [
      1.0,
      2.0,
      3.0,
      4.0,
      5.0,
      6.0,
      7.0,
      8.0,
      9.0,
      10.0,
      11.0,
      12.0,
      13.0,
      14.0,
      15.0,
      16.0,
      17.0,
      18.0,
      19.0,
      20.0,
      21.0,
      22.0,
      23.0,
      24.0,
      25.0,
      26.0,
      27.0,
      28.0,
      29.0,
      30.0
    ],
    "stds": [
      0.0,
      0.0,
      0.0,
      0.0,
      0.0,
      0.0,
      0.0,
      0.0,
      0.0,
      0.0,
      0.0,
      0.0,
      0.0,
      0.0,
      0.0,
      0.0,
      0.0,
      0.0,
      0.0,
      0.0,
      0.0,
      0.0,
      0.0,
      0.0,
      0.0,
      0.0,
      0.0,
      0.0,
      0.0,
      0.0
    ]
  },
  "train_loss_sfedavg": {
    "means": [
      2.1351074560549024,
      1.9660783252467915,
      1.8206255743920283,
      1.6401662166778184,
      1.4425053353432709,
      1.3326482467537115,
      1.2841495375981875,
      1.198782770399458,
      1.0940849480739099,
      1.005833751880406,
      0.9612709862722552,
      0.9186956880948524,
      0.8771542780923267,
      0.8541982051083669,
      0.8183492849967301,
      0.7993451603672022,
      0.774009237342668,
      0.7467309647629536,
      0.7306215058773466,
      0.7165118235277705,
      0.7111480787439874,
      0.6861607890654812,
      0.6808762482780526,
      0.673167256019909,
      0.662401624434388,
      0.6492947431728038,
      0.6495858787727671,
      0.6337677742787491,
      0.6270924679018774,
      0.6108629466430462
    ],
    "stds": [
      0.0,
      0.0,
      0.0,
      0.0,
      0.0,
      0.0,
      0.0,
      0.0,
      0.0,
      0.0,
      0.0,
      0.0,
      0.0,
      0.0,
      0.0,
      0.0,
      0.0,
      0.0,
      0.0,
      0.0,
      0.0,
      0.0,
      0.0,
      0.0,
      0.0,
      0.0,
      0.0,
      0.0,
      0.0,
      0.0
    ]
  },
  "test_acc_sfedavg": {
    "means": [
      0.24075,
      0.31625,
      0.3575,
      0.4315,
      0.47925,
      0.499,
      0.521,
      0.55525,
      0.58325,
      0.619,
      0.64425,
      0.65525,
      0.666,
      0.66625,
      0.68275,
      0.68975,
      0.7025,
      0.7185,
      0.72575,
      0.7275,
      0.721,
      0.73225,
      0.73625,
      0.743,
      0.7375,
      0.74275,
      0.746,
      0.7525,
      0.7545,
      0.7575
    ],
    "stds": [
      0.0,
      0.0,
      0.0,
      0.0,
      0.0,
      0.0,
      0.0,
      0.0,
      0.0,
      0.0,
      0.0,
      0.0,
      0.0,
      0.0,
      0.0,
      0.0,
      0.0,
      0.0,
      0.0,
      0.0,
      0.0,
      0.0,
      0.0,
      0.0,
      0.0,
      0.0,
      0.0,
      0.0,
      0.0,
      0.0
    ]
  },
  "comm_eff_sfedavg": {
    "means": [
      0.2,
      0.4,
      0.6000000000000001,
      0.8,
      1.0,
      1.2000000000000002,
      1.4000000000000001,
      1.6,
      1.8,
      2.0,
      2.2,
      2.4000000000000004,
      2.6,
      2.8000000000000003,
      3.0,
      3.2,
      3.4000000000000004,
      3.6,
      3.8000000000000003,
      4.0,
      4.2,
      4.4,
      4.6000000000000005,
      4.800000000000001,
      5.0,
      5.2,
      5.4,
      5.6000000000000005,
      5.800000000000001,
      6.0
    ],
    "stds": [
      0.0,
      0.0,
      0.0,
      0.0,
      0.0,
      0.0,
      0.0,
      0.0,
      0.0,
      0.0,
      0.0,
      0.0,
      0.0,
      0.0,
      0.0,
      0.0,
      0.0,
      0.0,
      0.0,
      0.0,
      0.0,
      0.0,
      0.0,
      0.0,
      0.0,
      0.0,
      0.0,
      0.0,
      0.0,
      0.0
    ]
  },
  "acc_per_comm_fedavg": {
    "means": [
      0.6335,
      0.359,
      0.24483333333333335,
      0.1895,
      0.15635,
      0.131625,
      0.11392857142857142,
      0.09996875,
      0.09033333333333332,
      0.08145,
      0.07327272727272728,
      0.06702083333333334,
      0.062480769230769236,
      0.05839285714285714,
      0.054516666666666665,
      0.051,
      0.04816176470588235,
      0.04529166666666667,
      0.04253947368421053,
      0.0409,
      0.03842857142857143,
      0.03735227272727273,
      0.035706521739130435,
      0.03438541666666667,
      0.03309,
      0.032086538461538465,
      0.030861111111111113,
      0.02982142857142857,
      0.028801724137931035,
      0.027808333333333334
    ],
    "stds": [
      0.0,
      0.0,
      0.0,
      0.0,
      0.0,
      0.0,
      0.0,
      0.0,
      0.0,
      0.0,
      0.0,
      0.0,
      0.0,
      0.0,
      0.0,
      0.0,
      0.0,
      0.0,
      0.0,
      0.0,
      0.0,
      0.0,
      0.0,
      0.0,
      0.0,
      0.0,
      0.0,
      0.0,
      0.0,
      0.0
    ]
  },
  "acc_per_comm_sfedavg": {
    "means": [
      1.2037499999999999,
      0.7906249999999999,
      0.5958333333333332,
      0.5393749999999999,
      0.47925,
      0.4158333333333333,
      0.3721428571428571,
      0.34703125,
      0.3240277777777778,
      0.3095,
      0.29284090909090904,
      0.27302083333333327,
      0.2561538461538462,
      0.23794642857142856,
      0.22758333333333333,
      0.21554687499999997,
      0.20661764705882352,
      0.19958333333333333,
      0.19098684210526315,
      0.181875,
      0.17166666666666666,
      0.1664204545454545,
      0.16005434782608693,
      0.15479166666666663,
      0.14750000000000002,
      0.14283653846153846,
      0.13814814814814813,
      0.13437499999999997,
      0.1300862068965517,
      0.12625
    ],
    "stds": [
      0.0,
      0.0,
      0.0,
      0.0,
      0.0,
      0.0,
      0.0,
      0.0,
      0.0,
      0.0,
      0.0,
      0.0,
      0.0,
      0.0,
      0.0,
      0.0,
      0.0,
      0.0,
      0.0,
      0.0,
      0.0,
      0.0,
      0.0,
      0.0,
      0.0,
      0.0,
      0.0,
      0.0,
      0.0,
      0.0
    ]
  }
}