{
  "train_loss/FedAvg": {
    "means": [
      0.7408729251493518,
      0.5171335262322637,
      0.41155791173813544,
      0.3494215089613104,
      0.2620467146487773,
      0.21740646909368733,
      0.19216544365870653,
      0.17123305421663182,
      0.19610177010465896,
      0.1813778671503048,
      0.1695787480330629,
      0.1625545797372756,
      0.18364614578905858,
      0.1769757320464992,
      0.16994909454822288,
      0.1677531120381564,
      0.18349883660551908,
      0.18055532874004504,
      0.17567290100751037,
      0.1748584488220744,
      0.1856580541272453,
      0.18496814319223354,
      0.18026958572327134,
      0.1798233565315031,
      0.1870029185655558,
      0.18707552882415343,
      0.18229607137881246,
      0.1814681094812481,
      0.1861393211729714,
      0.18620998097149644,
      0.18180388040642104,
      0.18021158923416133,
      0.18292998567609786,
      0.18265052849414679,
      0.17885618505779108,
      0.17667992880929867,
      0.1777357518930357,
      0.1770563604385877,
      0.17381599956564028,
      0.1713716633277223,
      0.17113952071162752,
      0.1701209819100383,
      0.16723241680309442,
      0.16471895873879214,
      0.16369734547852355,
      0.1623577994904948,
      0.15965660405653095,
      0.15716351098551265,
      0.15580470677926161,
      0.1541496619317213,
      0.1515802513278972,
      0.14915915155726936,
      0.1477266656237158,
      0.14582296441393658,
      0.1433856100132848,
      0.1410795611729678,
      0.13965009213099047,
      0.13762415691009863,
      0.13533269928376207,
      0.13317136835157445,
      0.1317359406254383,
      0.12972366206091301,
      0.12759618732356764,
      0.12559578007422084,
      0.12414398264085295,
      0.122255522944474,
      0.12031296271897976,
      0.1184828374675937,
      0.11703552277851442,
      0.11534189810532622,
      0.1136070610259675,
      0.11195191529109545,
      0.11055770216636004,
      0.10909139302877452,
      0.10758338102267437,
      0.10610199796979924,
      0.10481657608866182,
      0.10358431979874261,
      0.10231081850415898,
      0.10099791137370254
    ],
    "stds": [
      0.0,
      0.0,
      0.0,
      0.0,
      0.0,
      0.0,
      0.0,
      0.0,
      0.0,
      0.0,
      0.0,
      0.0,
      0.0,
      0.0,
      0.0,
      0.0,
      0.0,
      0.0,
      0.0,
      0.0,
      0.0,
      0.0,
      0.0,
      0.0,
      0.0,
      0.0,
      0.0,
      0.0,
      0.0,
      0.0,
      0.0,
      0.0,
      0.0,
      0.0,
      0.0,
      0.0,
      0.0,
      0.0,
      0.0,
      0.0,
      0.0,
      0.0,
      0.0,
      0.0,
      0.0,
      0.0,
      0.0,
      0.0,
      0.0,
      0.0,
      0.0,
      0.0,
      0.0,
      0.0,
      0.0,
      0.0,
      0.0,
      0.0,
      0.0,
      0.0,
      0.0,
      0.0,
      0.0,
      0.0,
      0.0,
      0.0,
      0.0,
      0.0,
      0.0,
      0.0,
      0.0,
      0.0,
      0.0,
      0.0,
      0.0,
      0.0,
      0.0,
      0.0,
      0.0,
      0.0
    ]
  },
  "test_accuracy/FedAvg": {
    "means": [
      0.8333333333333334,
      0.8888888888888888,
      0.9222222222222223,
      0.9166666666666666,
      0.9166666666666666,
      0.925,
      0.9277777777777778,
      0.9361111111111111,
      0.9305555555555556,
      0.9333333333333333,
      0.9388888888888889,
      0.9444444444444444,
      0.9416666666666667,
      0.9472222222222222,
      0.95,
      0.9527777777777777,
      0.9527777777777777,
      0.9638888888888889,
      0.9611111111111111,
      0.9611111111111111,
      0.9583333333333334,
      0.9638888888888889,
      0.9638888888888889,
      0.9694444444444444,
      0.9694444444444444,
      0.9694444444444444,
      0.9611111111111111,
      0.9666666666666667,
      0.9666666666666667,
      0.9666666666666667,
      0.9638888888888889,
      0.9666666666666667,
      0.9638888888888889,
      0.9611111111111111,
      0.9611111111111111,
      0.9611111111111111,
      0.9638888888888889,
      0.9611111111111111,
      0.9611111111111111,
      0.9638888888888889,
      0.9638888888888889,
      0.9611111111111111,
      0.9611111111111111,
      0.9638888888888889,
      0.9638888888888889,
      0.9611111111111111,
      0.9611111111111111,
      0.9638888888888889,
      0.9638888888888889,
      0.9611111111111111,
      0.9611111111111111,
      0.9638888888888889,
      0.9666666666666667,
      0.9611111111111111,
      0.9611111111111111,
      0.9611111111111111,
      0.9638888888888889,
      0.9611111111111111,
      0.9611111111111111,
      0.9638888888888889,
      0.9638888888888889,
      0.9638888888888889,
      0.9638888888888889,
      0.9638888888888889,
      0.9638888888888889,
      0.9638888888888889,
      0.9638888888888889,
      0.9638888888888889,
      0.9638888888888889,
      0.9638888888888889,
      0.9638888888888889,
      0.9638888888888889,
      0.9638888888888889,
      0.9638888888888889,
      0.9638888888888889,
      0.9611111111111111,
      0.9611111111111111,
      0.9611111111111111,
      0.9611111111111111,
      0.9611111111111111
    ],
    "stds": [
      0.0,
      0.0,
      0.0,
      0.0,
      0.0,
      0.0,
      0.0,
      0.0,
      0.0,
      0.0,
      0.0,
      0.0,
      0.0,
      0.0,
      0.0,
      0.0,
      0.0,
      0.0,
      0.0,
      0.0,
      0.0,
      0.0,
      0.0,
      0.0,
      0.0,
      0.0,
      0.0,
      0.0,
      0.0,
      0.0,
      0.0,
      0.0,
      0.0,
      0.0,
      0.0,
      0.0,
      0.0,
      0.0,
      0.0,
      0.0,
      0.0,
      0.0,
      0.0,
      0.0,
      0.0,
      0.0,
      0.0,
      0.0,
      0.0,
      0.0,
      0.0,
      0.0,
      0.0,
      0.0,
      0.0,
      0.0,
      0.0,
      0.0,
      0.0,
      0.0,
      0.0,
      0.0,
      0.0,
      0.0,
      0.0,
      0.0,
      0.0,
      0.0,
      0.0,
      0.0,
      0.0,
      0.0,
      0.0,
      0.0,
      0.0,
      0.0,
      0.0,
      0.0,
      0.0,
      0.0
    ]
  },
  "cumulative_comm_params/FedAvg": {
    "means": [
      6400,
      12800,
      19200,
      25600,
      32000,
      38400,
      44800,
      51200,
      57600,
      64000,
      70400,
      76800,
      83200,
      89600,
      96000,
      102400,
      108800,
      115200,
      121600,
      128000,
      134400,
      140800,
      147200,
      153600,
      160000,
      166400,
      172800,
      179200,
      185600,
      192000,
      198400,
      204800,
      211200,
      217600,
      224000,
      230400,
      236800,
      243200,
      249600,
      256000,
      262400,
      268800,
      275200,
      281600,
      288000,
      294400,
      300800,
      307200,
      313600,
      320000,
      326400,
      332800,
      339200,
      345600,
      352000,
      358400,
      364800,
      371200,
      377600,
      384000,
      390400,
      396800,
      403200,
      409600,
      416000,
      422400,
      428800,
      435200,
      441600,
      448000,
      454400,
      460800,
      467200,
      473600,
      480000,
      486400,
      492800,
      499200,
      505600,
      512000
    ],
    "stds": [
      0,
      0,
      0,
      0,
      0,
      0,
      0,
      0,
      0,
      0,
      0,
      0,
      0,
      0,
      0,
      0,
      0,
      0,
      0,
      0,
      0,
      0,
      0,
      0,
      0,
      0,
      0,
      0,
      0,
      0,
      0,
      0,
      0,
      0,
      0,
      0,
      0,
      0,
      0,
      0,
      0,
      0,
      0,
      0,
      0,
      0,
      0,
      0,
      0,
      0,
      0,
      0,
      0,
      0,
      0,
      0,
      0,
      0,
      0,
      0,
      0,
      0,
      0,
      0,
      0,
      0,
      0,
      0,
      0,
      0,
      0,
      0,
      0,
      0,
      0,
      0,
      0,
      0,
      0,
      0
    ]
  },