{
  "train_loss/FedAvg": {
    "means": [
      1.352828620630636,
      0.949801809546375,
      0.7568416827670361,
      0.6434648037058992,
      0.4217487325715329,
      0.33756812888550947,
      0.2924947609670362,
      0.26019523474988016,
      0.23338027904770425,
      0.21087949492202274,
      0.19692610525360482,
      0.18160149834139513,
      0.1709435930561233,
      0.16028276183804244,
      0.15351874163028972,
      0.1448833915867194,
      0.13739288930053659,
      0.13067783472924593,
      0.12705229306281615,
      0.12147802315592605,
      0.11654041732790253,
      0.11214302147909139,
      0.11003067083105343,
      0.10569941056804551,
      0.10283899399189489,
      0.09993734351187125,
      0.09825667450973208,
      0.0946198583720888,
      0.0928276383359644,
      0.09073872663461174,
      0.08915769077130417,
      0.0862009576911054,
      0.08481484103892775,
      0.08323958860643968,
      0.08186958156748309,
      0.07962075546830419,
      0.07839708670856936,
      0.07721924445194533,
      0.07617118702725274,
      0.0745131639184272,
      0.07337741901748267,
      0.07250326972244797,
      0.07175030054573535,
      0.07048687906198829,
      0.06942507442161265,
      0.06877938376497288,
      0.06822878360319874,
      0.06720067756216498,
      0.0662274734959928,
      0.0657529272572929,
      0.06532200895168752,
      0.06443911070565093,
      0.06356672680125203,
      0.06320824084229099,
      0.06284568779053011,
      0.06206485561520206,
      0.06129221067735498,
      0.06100119043967055,
      0.06068147666554295,
      0.05998388645783225,
      0.05930228903820794,
      0.059047242882844284,
      0.058759538783838126,
      0.05813631260823756,
      0.05753369852976039,
      0.057300630366188515,
      0.05703968858788738,
      0.05648317487976582,
      0.05594564780285813,
      0.055731556913587874,
      0.055493225486122406,
      0.05499407657725539,
      0.054508077528440835,
      0.05431428608151162,
      0.05409469718098754,
      0.053642856758815465,
      0.0531972472750739,
      0.05302498219222508,
      0.05282100649352521,
      0.052407469148923656
    ],
    "stds": [
      0.0,
      0.0,
      0.0,
      0.0,
      0.0,
      0.0,
      0.0,
      0.0,
      0.0,
      0.0,
      0.0,
      0.0,
      0.0,
      0.0,
      0.0,
      0.0,
      0.0,
      0.0,
      0.0,
      0.0,
      0.0,
      0.0,
      0.0,
      0.0,
      0.0,
      0.0,
      0.0,
      0.0,
      0.0,
      0.0,
      0.0,
      0.0,
      0.0,
      0.0,
      0.0,
      0.0,
      0.0,
      0.0,
      0.0,
      0.0,
      0.0,
      0.0,
      0.0,
      0.0,
      0.0,
      0.0,
      0.0,
      0.0,
      0.0,
      0.0,
      0.0,
      0.0,
      0.0,
      0.0,
      0.0,
      0.0,
      0.0,
      0.0,
      0.0,
      0.0,
      0.0,
      0.0,
      0.0,
      0.0,
      0.0,
      0.0,
      0.0,
      0.0,
      0.0,
      0.0,
      0.0,
      0.0,
      0.0,
      0.0,
      0.0,
      0.0,
      0.0,
      0.0,
      0.0,
      0.0
    ]
  },
  "test_accuracy/FedAvg": {
    "means": [
      0.8361111111111111,
      0.8638888888888889,
      0.8833333333333333,
      0.8916666666666667,
      0.8861111111111111,
      0.9027777777777778,
      0.9166666666666666,
      0.9138888888888889,
      0.9194444444444444,
      0.9222222222222223,
      0.9222222222222223,
      0.9194444444444444,
      0.9277777777777778,
      0.9305555555555556,
      0.9305555555555556,
      0.9333333333333333,
      0.9333333333333333,
      0.9416666666666667,
      0.9388888888888889,
      0.9388888888888889,
      0.9472222222222222,
      0.95,
      0.9444444444444444,
      0.95,
      0.95,
      0.95,
      0.9472222222222222,
      0.9555555555555556,
      0.9527777777777777,
      0.9555555555555556,
      0.9555555555555556,
      0.9638888888888889,
      0.9583333333333334,
      0.9638888888888889,
      0.9638888888888889,
      0.9666666666666667,
      0.9638888888888889,
      0.9611111111111111,
      0.9638888888888889,
      0.9666666666666667,
      0.9666666666666667,
      0.9611111111111111,
      0.9611111111111111,
      0.9638888888888889,
      0.9666666666666667,
      0.9638888888888889,
      0.9638888888888889,
      0.9638888888888889,
      0.9638888888888889,
      0.9638888888888889,
      0.9638888888888889,
      0.9666666666666667,
      0.9638888888888889,
      0.9638888888888889,
      0.9638888888888889,
      0.9666666666666667,
      0.9638888888888889,
      0.9638888888888889,
      0.9638888888888889,
      0.9666666666666667,
      0.9638888888888889,
      0.9638888888888889,
      0.9638888888888889,
      0.9666666666666667,
      0.9638888888888889,
      0.9638888888888889,
      0.9638888888888889,
      0.9666666666666667,
      0.9638888888888889,
      0.9638888888888889,
      0.9638888888888889,
      0.9638888888888889,
      0.9638888888888889,
      0.9638888888888889,
      0.9638888888888889,
      0.9638888888888889,
      0.9638888888888889,
      0.9638888888888889,
      0.9638888888888889,
      0.9638888888888889
    ],
    "stds": [
      0.0,
      0.0,
      0.0,
      0.0,
      0.0,
      0.0,
      0.0,
      0.0,
      0.0,
      0.0,
      0.0,
      0.0,
      0.0,
      0.0,
      0.0,
      0.0,
      0.0,
      0.0,
      0.0,
      0.0,
      0.0,
      0.0,
      0.0,
      0.0,
      0.0,
      0.0,
      0.0,
      0.0,
      0.0,
      0.0,
      0.0,
      0.0,
      0.0,
      0.0,
      0.0,
      0.0,
      0.0,
      0.0,
      0.0,
      0.0,
      0.0,
      0.0,
      0.0,
      0.0,
      0.0,
      0.0,
      0.0,
      0.0,
      0.0,
      0.0,
      0.0,
      0.0,
      0.0,
      0.0,
      0.0,
      0.0,
      0.0,
      0.0,
      0.0,
      0.0,
      0.0,
      0.0,
      0.0,
      0.0,
      0.0,
      0.0,
      0.0,
      0.0,
      0.0,
      0.0,
      0.0,
      0.0,
      0.0,
      0.0,
      0.0,
      0.0,
      0.0,
      0.0,
      0.0,
      0.0
    ]
  },
  "cumulative_comm_params/FedAvg": {
    "means": [
      6400,
      12800,
      19200,
      25600,
      32000,
      38400,
      44800,
      51200,
      57600,
      64000,
      70400,
      76800,
      83200,
      89600,
      96000,
      102400,
      108800,
      115200,
      121600,
      128000,
      134400,
      140800,
      147200,
      153600,
      160000,
      166400,
      172800,
      179200,
      185600,
      192000,
      198400,
      204800,
      211200,
      217600,
      224000,
      230400,
      236800,
      243200,
      249600,
      256000,
      262400,
      268800,
      275200,
      281600,
      288000,
      294400,
      300800,
      307200,
      313600,
      320000,
      326400,
      332800,
      339200,
      345600,
      352000,
      358400,
      364800,
      371200,
      377600,
      384000,
      390400,
      396800,
      403200,
      409600,
      416000,
      422400,
      428800,
      435200,
      441600,
      448000,
      454400,
      460800,
      467200,
      473600,
      480000,
      486400,
      492800,
      499200,
      505600,
      512000
    ],
    "stds": [
      0,
      0,
      0,
      0,
      0,
      0,
      0,
      0,
      0,
      0,
      0,
      0,
      0,
      0,
      0,
      0,
      0,
      0,
      0,
      0,
      0,
      0,
      0,
      0,
      0,
      0,
      0,
      0,
      0,
      0,
      0,
      0,
      0,
      0,
      0,
      0,
      0,
      0,
      0,
      0,
      0,
      0,
      0,
      0,
      0,
      0,
      0,
      0,
      0,
      0,
      0,
      0,
      0,
      0,
      0,
      0,
      0,
      0,
      0,
      0,
      0,
      0,
      0,
      0,
      0,
      0,
      0,
      0,
      0,
      0,
      0,
      0,
      0,
      0,
      0,
      0,
      0,
      0,
      0,
      0
    ]
  },