{
  "train_loss_fedavg": {
    "means": [
      1.6939352879260707,
      1.3095137912808443,
      1.0675087397794727,
      0.9051319598942432,
      0.793183284755292,
      0.7103040770497396,
      0.6470351162441199,
      0.5966258410611647,
      0.55384586886023,
      0.51765843401594,
      0.48621013866310314,
      0.46115001335704375,
      0.4389192325294708,
      0.41982190724384083,
      0.40222291925270637,
      0.38673479645226144,
      0.3727731602503523,
      0.36016280831302455,
      0.34916088804522066,
      0.3387267934096845,
      0.32878090701705204,
      0.3197286701934335,
      0.31197014700371994,
      0.304563576605543,
      0.2971373641098376,
      0.29017288635736754,
      0.2836910100891252,
      0.278044601192913,
      0.27264352622657584,
      0.26742534211486524
    ],
    "stds": [
      0.0,
      0.0,
      0.0,
      0.0,
      0.0,
      0.0,
      0.0,
      0.0,
      0.0,
      0.0,
      0.0,
      0.0,
      0.0,
      0.0,
      0.0,
      0.0,
      0.0,
      0.0,
      0.0,
      0.0,
      0.0,
      0.0,
      0.0,
      0.0,
      0.0,
      0.0,
      0.0,
      0.0,
      0.0,
      0.0
    ]
  },
  "test_acc_fedavg": {
    "means": [
      0.8611111111111112,
      0.8805555555555555,
      0.8805555555555555,
      0.8888888888888888,
      0.9027777777777778,
      0.9111111111111111,
      0.9138888888888889,
      0.9138888888888889,
      0.9111111111111111,
      0.9222222222222223,
      0.9222222222222223,
      0.925,
      0.925,
      0.9277777777777778,
      0.925,
      0.925,
      0.9277777777777778,
      0.9277777777777778,
      0.9277777777777778,
      0.9277777777777778,
      0.9305555555555556,
      0.9305555555555556,
      0.9305555555555556,
      0.9305555555555556,
      0.9305555555555556,
      0.9333333333333333,
      0.9333333333333333,
      0.9333333333333333,
      0.9333333333333333,
      0.9333333333333333
    ],
    "stds": [
      0.0,
      0.0,
      0.0,
      0.0,
      0.0,
      0.0,
      0.0,
      0.0,
      0.0,
      0.0,
      0.0,
      0.0,
      0.0,
      0.0,
      0.0,
      0.0,
      0.0,
      0.0,
      0.0,
      0.0,
      0.0,
      0.0,
      0.0,
      0.0,
      0.0,
      0.0,
      0.0,
      0.0,
      0.0,
      0.0
    ]
  },
  "comm_cost_fedavg": {
    "means": [
      32000.0,
      64000.0,
      96000.0,
      128000.0,
      160000.0,
      192000.0,
      224000.0,
      256000.0,
      288000.0,
      320000.0,
      352000.0,
      384000.0,
      416000.0,
      448000.0,
      480000.0,
      512000.0,
      544000.0,
      576000.0,
      608000.0,
      640000.0,
      672000.0,
      704000.0,
      736000.0,
      768000.0,
      800000.0,
      832000.0,
      864000.0,
      896000.0,
      928000.0,
      960000.0
    ],
    "stds": [
      0.0,
      0.0,
      0.0,
      0.0,
      0.0,
      0.0,
      0.0,
      0.0,
      0.0,
      0.0,
      0.0,
      0.0,
      0.0,
      0.0,
      0.0,
      0.0,
      0.0,
      0.0,
      0.0,
      0.0,
      0.0,
      0.0,
      0.0,
      0.0,
      0.0,
      0.0,
      0.0,
      0.0,
      0.0,
      0.0
    ]
  },
  "effective_update_dims_fedavg": {
    "means": [
      16000.0,
      32000.0,
      48000.0,
      64000.0,
      80000.0,
      96000.0,
      112000.0,
      128000.0,
      144000.0,
      160000.0,
      176000.0,
      192000.0,
      208000.0,
      224000.0,
      240000.0,
      256000.0,
      272000.0,
      288000.0,
      304000.0,
      320000.0,
      336000.0,
      352000.0,
      368000.0,
      384000.0,
      400000.0,
      416000.0,
      432000.0,
      448000.0,
      464000.0,
      480000.0
    ],
    "stds": [
      0.0,
      0.0,
      0.0,
      0.0,
      0.0,
      0.0,
      0.0,
      0.0,
      0.0,
      0.0,
      0.0,
      0.0,
      0.0,
      0.0,
      0.0,
      0.0,
      0.0,
      0.0,
      0.0,
      0.0,
      0.0,
      0.0,
      0.0,
      0.0,
      0.0,
      0.0,
      0.0,
      0.0,
      0.0,
      0.0
    ]
  },
  "train_loss_sfedavg": {
    "means": [
      2.194450874539683,
      2.0853512539093138,
      1.9741828908742212,
      1.8648394547052392,
      1.763262624301015,
      1.6622884575043648,
      1.591671743752023,
      1.5121309244924817,
      1.4578380031551752,
      1.4038912064458875,
      1.3464378720068129,
      1.2932206376071496,
      1.240924372428118,
      1.198634168453026,
      1.157644385175151,
      1.1334640871329826,
      1.1048980574141074,
      1.0657494735248287,
      1.0368865394112379,
      1.000009614270682,
      0.9712006418508307,
      0.942497156699362,
      0.9128003872139766,
      0.8853271610144069,
      0.8613111408637629,
      0.8440594944785389,
      0.8237894290629905,
      0.7993297315325978,
      0.7808483949199083,
      0.7611352083246754
    ],
    "stds": [
      0.0,
      0.0,
      0.0,
      0.0,
      0.0,
      0.0,
      0.0,
      0.0,
      0.0,
      0.0,
      0.0,
      0.0,
      0.0,
      0.0,
      0.0,
      0.0,
      0.0,
      0.0,
      0.0,
      0.0,
      0.0,
      0.0,
      0.0,
      0.0,
      0.0,
      0.0,
      0.0,
      0.0,
      0.0,
      0.0
    ]
  },
  "test_acc_sfedavg": {
    "means": [
      0.6083333333333333,
      0.7194444444444444,
      0.7194444444444444,
      0.7805555555555556,
      0.8194444444444444,
      0.8388888888888889,
      0.8416666666666667,
      0.8611111111111112,
      0.8611111111111112,
      0.8666666666666667,
      0.8722222222222222,
      0.8694444444444445,
      0.8722222222222222,
      0.8722222222222222,
      0.8805555555555555,
      0.8805555555555555,
      0.8833333333333333,
      0.8916666666666667,
      0.8916666666666667,
      0.8916666666666667,
      0.8944444444444445,
      0.8888888888888888,
      0.8916666666666667,
      0.8944444444444445,
      0.8972222222222223,
      0.9,
      0.9,
      0.9027777777777778,
      0.9055555555555556,
      0.9083333333333333
    ],
    "stds": [
      0.0,
      0.0,
      0.0,
      0.0,
      0.0,
      0.0,
      0.0,
      0.0,
      0.0,
      0.0,
      0.0,
      0.0,
      0.0,
      0.0,
      0.0,
      0.0,
      0.0,
      0.0,
      0.0,
      0.0,
      0.0,
      0.0,
      0.0,
      0.0,
      0.0,
      0.0,
      0.0,
      0.0,
      0.0,
      0.0
    ]
  },
  "comm_cost_sfedavg": {
    "means": [
      51200.0,
      102400.0,
      153600.0,
      204800.0,
      256000.0,
      307200.0,
      358400.0,
      409600.0,
      460800.0,
      512000.0,
      563200.0,
      614400.0,
      665600.0,
      716800.0,
      768000.0,
      819200.0,
      870400.0,
      921600.0,
      972800.0,
      1024000.0,
      1075200.0,
      1126400.0,
      1177600.0,
      1228800.0,
      1280000.0,
      1331200.0,
      1382400.0,
      1433600.0,
      1484800.0,
      1536000.0
    ],
    "stds": [
      0.0,
      0.0,
      0.0,
      0.0,
      0.0,
      0.0,
      0.0,
      0.0,
      0.0,
      0.0,
      0.0,
      0.0,
      0.0,
      0.0,
      0.0,
      0.0,
      0.0,
      0.0,
      0.0,
      0.0,
      0.0,
      0.0,
      0.0,
      0.0,
      0.0,
      0.0,
      0.0,
      0.0,
      0.0,
      0.0
    ]
  },
  "effective_update_dims_sfedavg": {
    "means": [
      3000.0,
      6000.0,
      9000.0,
      12000.0,
      15000.0,
      18000.0,
      21000.0,
      24000.0,
      27000.0,
      30000.0,
      33000.0,
      36000.0,
      39000.0,
      42000.0,
      45000.0,
      48000.0,
      51000.0,
      54000.0,
      57000.0,
      60000.0,
      63000.0,
      66000.0,
      69000.0,
      72000.0,
      75000.0,
      78000.0,
      81000.0,
      84000.0,
      87000.0,
      90000.0
    ],