{
  "train_loss_fedavg": {
    "means": [
      1.8643148408468722,
      1.5484952406279962,
      1.3266517637841744,
      1.1596348446541846,
      1.028310630298322,
      0.9271861275884117,
      0.8459234055988405,
      0.7813031294188516,
      0.7273717686578463,
      0.6831421957786686,
      0.644666663843899,
      0.6104805250628781,
      0.5798662818101565,
      0.5526644073519525,
      0.5291591101932972,
      0.5092403283086161,
      0.48830158060329293,
      0.4711182454655321,
      0.4555749978733247,
      0.4423893780922468,
      0.43021087711936323,
      0.4182577588012875,
      0.4075300808154175,
      0.39667812519979795,
      0.38782989330420364,
      0.37882900195084995,
      0.36994554172358945,
      0.36237424242993205,
      0.3550162257965107,
      0.3481895051285326
    ],
    "stds": [
      0.0,
      0.0,
      0.0,
      0.0,
      0.0,
      0.0,
      0.0,
      0.0,
      0.0,
      0.0,
      0.0,
      0.0,
      0.0,
      0.0,
      0.0,
      0.0,
      0.0,
      0.0,
      0.0,
      0.0,
      0.0,
      0.0,
      0.0,
      0.0,
      0.0,
      0.0,
      0.0,
      0.0,
      0.0,
      0.0
    ]
  },
  "test_acc_fedavg": {
    "means": [
      0.8638888888888889,
      0.9,
      0.8972222222222223,
      0.9,
      0.9055555555555556,
      0.9111111111111111,
      0.9194444444444444,
      0.9083333333333333,
      0.9138888888888889,
      0.9111111111111111,
      0.9277777777777778,
      0.9277777777777778,
      0.9333333333333333,
      0.9277777777777778,
      0.9277777777777778,
      0.9305555555555556,
      0.9361111111111111,
      0.9388888888888889,
      0.9361111111111111,
      0.9361111111111111,
      0.9388888888888889,
      0.9416666666666667,
      0.9388888888888889,
      0.9416666666666667,
      0.9416666666666667,
      0.9416666666666667,
      0.9416666666666667,
      0.9416666666666667,
      0.9416666666666667,
      0.9416666666666667
    ],
    "stds": [
      0.0,
      0.0,
      0.0,
      0.0,
      0.0,
      0.0,
      0.0,
      0.0,
      0.0,
      0.0,
      0.0,
      0.0,
      0.0,
      0.0,
      0.0,
      0.0,
      0.0,
      0.0,
      0.0,
      0.0,
      0.0,
      0.0,
      0.0,
      0.0,
      0.0,
      0.0,
      0.0,
      0.0,
      0.0,
      0.0
    ]
  },
  "comm_MB_fedavg": {
    "means": [
      0.05376,
      0.10752,
      0.16128,
      0.21504,
      0.26880000000000004,
      0.32256000000000007,
      0.3763200000000001,
      0.43008000000000013,
      0.48384000000000016,
      0.5376000000000002,
      0.5913600000000002,
      0.6451200000000002,
      0.6988800000000003,
      0.7526400000000003,
      0.8064000000000003,
      0.8601600000000004,
      0.9139200000000004,
      0.9676800000000004,
      1.0214400000000003,
      1.0752000000000004,
      1.1289600000000004,
      1.1827200000000004,
      1.2364800000000005,
      1.2902400000000005,
      1.3440000000000005,
      1.3977600000000006,
      1.4515200000000006,
      1.5052800000000006,
      1.5590400000000006,
      1.6128000000000007
    ],
    "stds": [
      0.0,
      0.0,
      0.0,
      0.0,
      0.0,
      0.0,
      0.0,
      0.0,
      0.0,
      0.0,
      0.0,
      0.0,
      0.0,
      0.0,
      0.0,
      0.0,
      0.0,
      0.0,
      0.0,
      0.0,
      0.0,
      0.0,
      0.0,
      0.0,
      0.0,
      0.0,
      0.0,
      0.0,
      0.0,
      0.0
    ]
  },
  "train_loss_sfedavg": {
    "means": [
      2.261483479951998,
      2.223251284487138,
      2.1701952872365253,
      2.1331465479828347,
      2.0767076721900994,
      2.036195799051954,
      1.9939958959060817,
      1.9397845123351716,
      1.9014499882171019,
      1.847776643335833,
      1.799738773971698,
      1.7686641636836875,
      1.7350205814283615,
      1.7102411235916446,
      1.6837422440041356,
      1.6527044776858835,
      1.6256178521136202,
      1.5950202929217845,
      1.5662316038321034,
      1.548020793245339,
      1.5215427357913487,
      1.5029628315141146,
      1.4838407322584042,
      1.4503353501803518,
      1.4300796706585477,
      1.4145663517054838,
      1.3999392841079037,
      1.3778226668113143,
      1.3552359382223889,
      1.3303539881245559
    ],
    "stds": [
      0.0,
      0.0,
      0.0,
      0.0,
      0.0,
      0.0,
      0.0,
      0.0,
      0.0,
      0.0,
      0.0,
      0.0,
      0.0,
      0.0,
      0.0,
      0.0,
      0.0,
      0.0,
      0.0,
      0.0,
      0.0,
      0.0,
      0.0,
      0.0,
      0.0,
      0.0,
      0.0,
      0.0,
      0.0,
      0.0
    ]
  },
  "test_acc_sfedavg": {
    "means": [
      0.2916666666666667,
      0.5,
      0.5805555555555556,
      0.6,
      0.6527777777777778,
      0.7138888888888889,
      0.6888888888888889,
      0.7055555555555556,
      0.725,
      0.7444444444444445,
      0.7611111111111111,
      0.7777777777777778,
      0.7833333333333333,
      0.7888888888888889,
      0.775,
      0.7805555555555556,
      0.7722222222222223,
      0.7916666666666666,
      0.7916666666666666,
      0.7972222222222223,
      0.7916666666666666,
      0.8083333333333333,
      0.8111111111111111,
      0.8027777777777778,
      0.8055555555555556,
      0.8166666666666667,
      0.8111111111111111,
      0.825,
      0.8138888888888889,
      0.8083333333333333
    ],
    "stds": [
      0.0,
      0.0,
      0.0,
      0.0,
      0.0,
      0.0,
      0.0,
      0.0,
      0.0,
      0.0,
      0.0,
      0.0,
      0.0,
      0.0,
      0.0,
      0.0,
      0.0,
      0.0,
      0.0,
      0.0,
      0.0,
      0.0,
      0.0,
      0.0,
      0.0,
      0.0,
      0.0,
      0.0,
      0.0,
      0.0
    ]
  },
  "comm_MB_sfedavg": {
    "means": [
      1.69216,
      3.38432,
      5.07648,
      6.76864,
      8.4608,
      10.15296,
      11.84512,
      13.537279999999999,
      15.229439999999999,
      16.921599999999998,
      18.61376,
      20.30592,
      21.99808,
      23.690240000000003,
      25.382400000000004,
      27.074560000000005,
      28.766720000000007,
      30.458880000000008,
      32.15104000000001,
      33.84320000000001,
      35.53536000000001,
      37.22752000000001,
      38.919680000000014,
      40.611840000000015,
      42.304000000000016,
      43.99616000000002,
      45.68832000000002,
      47.38048000000002,
      49.07264000000002,
      50.76480000000002
    ],
    "stds": [
      0.0,
      0.0,
      0.0,
      0.0,
      0.0,
      0.0,
      0.0,
      0.0,
      0.0,
      0.0,
      0.0,
      0.0,
      0.0,
      0.0,
      0.0,
      0.0,
      0.0,
      0.0,
      0.0,
      0.0,
      0.0,
      0.0,
      0.0,
      0.0,
      0.0,
      0.0,
      0.0,
      0.0,
      0.0,
      0.0
    ]
  }
}