{
  "train_loss/FedAvg": {
    "means": [
      0.576385184427409,
      0.4060768737975134,
      0.33131485488912954,
      0.28571158240365807,
      0.20982216797197276,
      0.1693604889313942,
      0.15154933012150823,
      0.13420651703477068,
      0.13112984919266124,
      0.11794623058779397,
      0.11153780238789615,
      0.101088768946159,
      0.09836834058562877,
      0.09206108252341613,
      0.08902746521082527,
      0.08118955651257233,
      0.07933426629194178,
      0.07609015529021482,
      0.07337876235581063,
      0.06857629330578462,
      0.06637266240173187,
      0.06451820317899908,
      0.06245062553028227,
      0.06004632029366333,
      0.057554947128136455,
      0.056392985141068525,
      0.055030158252004524,
      0.05374833118225073,
      0.05134790781878519,
      0.050629324979473374,
      0.0497076196088065,
      0.04885091464864773,
      0.046792010973043544,
      0.04633633956169414,
      0.045669381807411466,
      0.04499549701906784,
      0.04334220094894974,
      0.04301621017152486,
      0.04251691214203829,
      0.041958798105221455,
      0.04066463245360384,
      0.04041331185373071,
      0.04002948708863133,
      0.039572407048089085,
      0.03854359814167384,
      0.038355207784576226,
      0.038048024936186045,
      0.03768088357277485,
      0.036826433849269105,
      0.03669766269854348,
      0.03644400551426059,
      0.03614889892020426,
      0.035406931176371274,
      0.03532845501835191,
      0.035119277927638734,
      0.03487614664463675,
      0.034213613401173036,
      0.03417006011367854,
      0.034002013416618064,
      0.033795181394333046,
      0.03319707686866086,
      0.033173380937220026,
      0.03304159492468314,
      0.032862030535196325,
      0.032321107003290425,
      0.03230710591049792,
      0.032203712319933006,
      0.032046957346768865,
      0.031557694529199654,
      0.031548381939349994,
      0.03146514432326891,
      0.031328337451576746,
      0.030884897809149756,
      0.030878420447880688,
      0.030809367679282947,
      0.03068964157154442,
      0.030285929962594424,
      0.030281724816567806,
      0.030223664054883866,
      0.030118043813375215
    ],
    "stds": [
      0.0,
      0.0,
      0.0,
      0.0,
      0.0,
      0.0,
      0.0,
      0.0,
      0.0,
      0.0,
      0.0,
      0.0,
      0.0,
      0.0,
      0.0,
      0.0,
      0.0,
      0.0,
      0.0,
      0.0,
      0.0,
      0.0,
      0.0,
      0.0,
      0.0,
      0.0,
      0.0,
      0.0,
      0.0,
      0.0,
      0.0,
      0.0,
      0.0,
      0.0,
      0.0,
      0.0,
      0.0,
      0.0,
      0.0,
      0.0,
      0.0,
      0.0,
      0.0,
      0.0,
      0.0,
      0.0,
      0.0,
      0.0,
      0.0,
      0.0,
      0.0,
      0.0,
      0.0,
      0.0,
      0.0,
      0.0,
      0.0,
      0.0,
      0.0,
      0.0,
      0.0,
      0.0,
      0.0,
      0.0,
      0.0,
      0.0,
      0.0,
      0.0,
      0.0,
      0.0,
      0.0,
      0.0,
      0.0,
      0.0,
      0.0,
      0.0,
      0.0,
      0.0,
      0.0,
      0.0
    ]
  },
  "test_accuracy/FedAvg": {
    "means": [
      0.85,
      0.9055555555555556,
      0.925,
      0.9222222222222223,
      0.9277777777777778,
      0.9305555555555556,
      0.9305555555555556,
      0.9305555555555556,
      0.9416666666666667,
      0.9444444444444444,
      0.9388888888888889,
      0.9388888888888889,
      0.9527777777777777,
      0.9527777777777777,
      0.9583333333333334,
      0.9583333333333334,
      0.9555555555555556,
      0.9583333333333334,
      0.9611111111111111,
      0.9638888888888889,
      0.9611111111111111,
      0.9638888888888889,
      0.9611111111111111,
      0.9638888888888889,
      0.9638888888888889,
      0.9638888888888889,
      0.9638888888888889,
      0.9666666666666667,
      0.9638888888888889,
      0.9638888888888889,
      0.9638888888888889,
      0.9638888888888889,
      0.9638888888888889,
      0.9638888888888889,
      0.9638888888888889,
      0.9638888888888889,
      0.9638888888888889,
      0.9638888888888889,
      0.9638888888888889,
      0.9638888888888889,
      0.9638888888888889,
      0.9638888888888889,
      0.9638888888888889,
      0.9638888888888889,
      0.9638888888888889,
      0.9638888888888889,
      0.9638888888888889,
      0.9638888888888889,
      0.9638888888888889,
      0.9638888888888889,
      0.9638888888888889,
      0.9638888888888889,
      0.9638888888888889,
      0.9638888888888889,
      0.9666666666666667,
      0.9666666666666667,
      0.9638888888888889,
      0.9611111111111111,
      0.9666666666666667,
      0.9666666666666667,
      0.9666666666666667,
      0.9611111111111111,
      0.9666666666666667,
      0.9666666666666667,
      0.9638888888888889,
      0.9638888888888889,
      0.9666666666666667,
      0.9666666666666667,
      0.9638888888888889,
      0.9638888888888889,
      0.9666666666666667,
      0.9638888888888889,
      0.9638888888888889,
      0.9638888888888889,
      0.9666666666666667,
      0.9638888888888889,
      0.9638888888888889,
      0.9638888888888889,
      0.9638888888888889,
      0.9638888888888889
    ],
    "stds": [
      0.0,
      0.0,
      0.0,
      0.0,
      0.0,
      0.0,
      0.0,
      0.0,
      0.0,
      0.0,
      0.0,
      0.0,
      0.0,
      0.0,
      0.0,
      0.0,
      0.0,
      0.0,
      0.0,
      0.0,
      0.0,
      0.0,
      0.0,
      0.0,
      0.0,
      0.0,
      0.0,
      0.0,
      0.0,
      0.0,
      0.0,
      0.0,
      0.0,
      0.0,
      0.0,
      0.0,
      0.0,
      0.0,
      0.0,
      0.0,
      0.0,
      0.0,
      0.0,
      0.0,
      0.0,
      0.0,
      0.0,
      0.0,
      0.0,
      0.0,
      0.0,
      0.0,
      0.0,
      0.0,
      0.0,
      0.0,
      0.0,
      0.0,
      0.0,
      0.0,
      0.0,
      0.0,
      0.0,
      0.0,
      0.0,
      0.0,
      0.0,
      0.0,
      0.0,
      0.0,
      0.0,
      0.0,
      0.0,
      0.0,
      0.0,
      0.0,
      0.0,
      0.0,
      0.0,
      0.0
    ]
  },
  "cumulative_comm_params/FedAvg": {
    "means": [
      6400,
      12800,
      19200,
      25600,
      32000,
      38400,
      44800,
      51200,
      57600,
      64000,
      70400,
      76800,
      83200,
      89600,
      96000,
      102400,
      108800,
      115200,
      121600,
      128000,
      134400,
      140800,
      147200,
      153600,
      160000,
      166400,
      172800,
      179200,
      185600,
      192000,
      198400,
      204800,
      211200,
      217600,
      224000,
      230400,
      236800,
      243200,
      249600,
      256000,
      262400,
      268800,
      275200,
      281600,
      288000,
      294400,
      300800,
      307200,
      313600,
      320000,
      326400,
      332800,
      339200,
      345600,
      352000,
      358400,
      364800,
      371200,
      377600,
      384000,
      390400,
      396800,
      403200,
      409600,
      416000,
      422400,
      428800,
      435200,
      441600,
      448000,
      454400,
      460800,
      467200,
      473600,
      480000,
      486400,
      492800,
      499200,
      505600,
      512000
    ],