{
  "train_loss_fedavg": {
    "means": [
      1.4879313318282226,
      1.0817947092953604,
      0.8627697907660192,
      0.7242853303583087,
      0.6319739280589197,
      0.5656652728621012,
      0.5150283247874534,
      0.4752007332231839,
      0.4429064309254335,
      0.415546122536032,
      0.3925846119874525,
      0.3734657905268678,
      0.35696762636269125,
      0.342142281767906,
      0.32983677842629056,
      0.3181764162217431,
      0.30777348706690294,
      0.29855895448006836,
      0.29050531640332833,
      0.28268506376535607,
      0.27489153148538203,
      0.26809830190775896,
      0.2621787896045455,
      0.2568419674643174,
      0.25177277955186506,
      0.2465436451701298,
      0.24217136290038568,
      0.23751133156470702,
      0.2332669623318535,
      0.22954072616759094,
      0.22590202963164133,
      0.22236372745815342,
      0.2194563141342417,
      0.2157664683642387,
      0.21285579207684627,
      0.2098292540550507,
      0.20701506348978874,
      0.20444298081172996,
      0.20206628329524903,
      0.19982712189530744
    ],
    "stds": [
      0.0,
      0.0,
      0.0,
      0.0,
      0.0,
      0.0,
      0.0,
      0.0,
      0.0,
      0.0,
      0.0,
      0.0,
      0.0,
      0.0,
      0.0,
      0.0,
      0.0,
      0.0,
      0.0,
      0.0,
      0.0,
      0.0,
      0.0,
      0.0,
      0.0,
      0.0,
      0.0,
      0.0,
      0.0,
      0.0,
      0.0,
      0.0,
      0.0,
      0.0,
      0.0,
      0.0,
      0.0,
      0.0,
      0.0,
      0.0
    ]
  },
  "test_acc_fedavg": {
    "means": [
      0.8222222222222222,
      0.85,
      0.8861111111111111,
      0.9,
      0.9083333333333333,
      0.9138888888888889,
      0.9111111111111111,
      0.9166666666666666,
      0.9194444444444444,
      0.9305555555555556,
      0.9305555555555556,
      0.9305555555555556,
      0.9305555555555556,
      0.925,
      0.9277777777777778,
      0.9361111111111111,
      0.9444444444444444,
      0.9444444444444444,
      0.9444444444444444,
      0.9444444444444444,
      0.9472222222222222,
      0.9527777777777777,
      0.9555555555555556,
      0.9555555555555556,
      0.9555555555555556,
      0.9583333333333334,
      0.9583333333333334,
      0.9611111111111111,
      0.9583333333333334,
      0.9583333333333334,
      0.9611111111111111,
      0.9555555555555556,
      0.9583333333333334,
      0.9611111111111111,
      0.9611111111111111,
      0.9611111111111111,
      0.9611111111111111,
      0.9611111111111111,
      0.9611111111111111,
      0.9611111111111111
    ],
    "stds": [
      0.0,
      0.0,
      0.0,
      0.0,
      0.0,
      0.0,
      0.0,
      0.0,
      0.0,
      0.0,
      0.0,
      0.0,
      0.0,
      0.0,
      0.0,
      0.0,
      0.0,
      0.0,
      0.0,
      0.0,
      0.0,
      0.0,
      0.0,
      0.0,
      0.0,
      0.0,
      0.0,
      0.0,
      0.0,
      0.0,
      0.0,
      0.0,
      0.0,
      0.0,
      0.0,
      0.0,
      0.0,
      0.0,
      0.0,
      0.0
    ]
  },
  "comm_MB_fedavg": {
    "means": [
      0.03328,
      0.06656,
      0.09983999999999998,
      0.13312,
      0.1664,
      0.19968,
      0.23296,
      0.26624,
      0.29951999999999995,
      0.33279999999999993,
      0.3660799999999999,
      0.3993599999999999,
      0.43263999999999986,
      0.46591999999999983,
      0.4991999999999998,
      0.5324799999999998,
      0.5657599999999998,
      0.5990399999999998,
      0.6323199999999998,
      0.6655999999999997,
      0.6988799999999997,
      0.7321599999999997,
      0.7654399999999997,
      0.7987199999999997,
      0.8319999999999996,
      0.8652799999999996,
      0.8985599999999996,
      0.9318399999999996,
      0.9651199999999995,
      0.9983999999999995,
      1.0316799999999995,
      1.0649599999999995,
      1.0982399999999994,
      1.1315199999999994,
      1.1647999999999994,
      1.1980799999999994,
      1.2313599999999993,
      1.2646399999999993,
      1.2979199999999993,
      1.3311999999999993
    ],
    "stds": [
      0.0,
      0.0,
      0.0,
      0.0,
      0.0,
      0.0,
      0.0,
      0.0,
      0.0,
      0.0,
      0.0,
      0.0,
      0.0,
      0.0,
      0.0,
      0.0,
      0.0,
      0.0,
      0.0,
      0.0,
      0.0,
      0.0,
      0.0,
      0.0,
      0.0,
      0.0,
      0.0,
      0.0,
      0.0,
      0.0,
      0.0,
      0.0,
      0.0,
      0.0,
      0.0,
      0.0,
      0.0,
      0.0,
      0.0,
      0.0
    ]
  },
  "train_loss_sfedavg": {
    "means": [
      1.7743934308293858,
      1.4017471409111704,
      1.1151297643724112,
      0.916255338508928,
      0.7891704881199246,
      0.6955129129521015,
      0.6221559368932216,
      0.5756811939291117,
      0.5304560843747974,
      0.4927383414620328,
      0.4647670340672267,
      0.44057885352349874,
      0.4176916802500967,
      0.39630628245862626,
      0.37944082296585113,
      0.3646404878061708,
      0.35241004497955775,
      0.339535490186458,
      0.3269978388719496,
      0.3171001976004019,
      0.3083437902693082,
      0.29991461088041205,
      0.2924908336632026,
      0.28605441882306587,
      0.2794492276046095,
      0.2745957819319993,
      0.2691098434470198,
      0.2647238813711962,
      0.26093561021770306,
      0.25556180292748276,
      0.2515902924117341,
      0.24715723569802125,
      0.243426093776405,
      0.24059660188832274,
      0.237489721402762,
      0.2349829637017844,
      0.2327185351922914,
      0.2299564175894403,
      0.22704954281837308,
      0.22449946370036644
    ],
    "stds": [
      0.0,
      0.0,
      0.0,
      0.0,
      0.0,
      0.0,
      0.0,
      0.0,
      0.0,
      0.0,
      0.0,
      0.0,
      0.0,
      0.0,
      0.0,
      0.0,
      0.0,
      0.0,
      0.0,
      0.0,
      0.0,
      0.0,
      0.0,
      0.0,
      0.0,
      0.0,
      0.0,
      0.0,
      0.0,
      0.0,
      0.0,
      0.0,
      0.0,
      0.0,
      0.0,
      0.0,
      0.0,
      0.0,
      0.0,
      0.0
    ]
  },
  "test_acc_sfedavg": {
    "means": [
      0.6694444444444444,
      0.7222222222222222,
      0.7666666666666667,
      0.7944444444444444,
      0.825,
      0.8611111111111112,
      0.8722222222222222,
      0.8805555555555555,
      0.8972222222222223,
      0.9,
      0.8972222222222223,
      0.9,
      0.9027777777777778,
      0.9111111111111111,
      0.9055555555555556,
      0.9055555555555556,
      0.9055555555555556,
      0.9111111111111111,
      0.9138888888888889,
      0.9138888888888889,
      0.9166666666666666,
      0.9138888888888889,
      0.9138888888888889,
      0.9111111111111111,
      0.9194444444444444,
      0.9277777777777778,
      0.9333333333333333,
      0.9305555555555556,
      0.9305555555555556,
      0.9333333333333333,
      0.9305555555555556,
      0.9305555555555556,
      0.9333333333333333,
      0.9333333333333333,
      0.9305555555555556,
      0.9305555555555556,
      0.9333333333333333,
      0.9333333333333333,
      0.9333333333333333,
      0.9305555555555556
    ],
    "stds": [
      0.0,
      0.0,
      0.0,
      0.0,
      0.0,
      0.0,
      0.0,
      0.0,
      0.0,
      0.0,
      0.0,
      0.0,
      0.0,
      0.0,
      0.0,
      0.0,
      0.0,
      0.0,
      0.0,
      0.0,
      0.0,
      0.0,
      0.0,
      0.0,
      0.0,
      0.0,
      0.0,
      0.0,
      0.0,
      0.0,
      0.0,
      0.0,
      0.0,
      0.0,
      0.0,
      0.0,
      0.0,
      0.0,
      0.0,
      0.0
    ]
  },