{
  "train_loss_fedavg": {
    "means": [
      0.30771576744781903,
      0.3595008330890816,
      0.24113918852788888,
      0.349572561237148,
      0.29769782309375536,
      0.2501475932306491,
      0.3428935434448968,
      0.20493835535514843,
      0.1767513073900696,
      0.1919622416305556,
      0.1794456478543698,
      0.19348036927241918,
      0.166109110508879,
      0.13473662520988508,
      0.12708716813967705,
      0.14374740015793824,
      0.1868157718345558,
      0.1595381618096096,
      0.13683756680438672,
      0.1248843576145695,
      0.1266372841081264,
      0.14293698044961478,
      0.10814784830554955,
      0.10345174825794433,
      0.11153773346511497
    ],
    "stds": [
      0.0,
      0.0,
      0.0,
      0.0,
      0.0,
      0.0,
      0.0,
      0.0,
      0.0,
      0.0,
      0.0,
      0.0,
      0.0,
      0.0,
      0.0,
      0.0,
      0.0,
      0.0,
      0.0,
      0.0,
      0.0,
      0.0,
      0.0,
      0.0,
      0.0
    ]
  },
  "test_acc_fedavg": {
    "means": [
      0.9305555555555556,
      0.9083333333333333,
      0.925,
      0.9138888888888889,
      0.9111111111111111,
      0.9305555555555556,
      0.9055555555555556,
      0.9138888888888889,
      0.9138888888888889,
      0.9055555555555556,
      0.9027777777777778,
      0.9194444444444444,
      0.9472222222222222,
      0.9555555555555556,
      0.9472222222222222,
      0.9416666666666667,
      0.9583333333333334,
      0.9555555555555556,
      0.95,
      0.9527777777777777,
      0.9527777777777777,
      0.9444444444444444,
      0.9527777777777777,
      0.9472222222222222,
      0.9472222222222222
    ],
    "stds": [
      0.0,
      0.0,
      0.0,
      0.0,
      0.0,
      0.0,
      0.0,
      0.0,
      0.0,
      0.0,
      0.0,
      0.0,
      0.0,
      0.0,
      0.0,
      0.0,
      0.0,
      0.0,
      0.0,
      0.0,
      0.0,
      0.0,
      0.0,
      0.0,
      0.0
    ]
  },
  "comm_cost_fedavg": {
    "means": [
      2560.0,
      5120.0,
      7680.0,
      10240.0,
      12800.0,
      15360.0,
      17920.0,
      20480.0,
      23040.0,
      25600.0,
      28160.0,
      30720.0,
      33280.0,
      35840.0,
      38400.0,
      40960.0,
      43520.0,
      46080.0,
      48640.0,
      51200.0,
      53760.0,
      56320.0,
      58880.0,
      61440.0,
      64000.0
    ],
    "stds": [
      0.0,
      0.0,
      0.0,
      0.0,
      0.0,
      0.0,
      0.0,
      0.0,
      0.0,
      0.0,
      0.0,
      0.0,
      0.0,
      0.0,
      0.0,
      0.0,
      0.0,
      0.0,
      0.0,
      0.0,
      0.0,
      0.0,
      0.0,
      0.0,
      0.0
    ]
  },
  "effective_update_dims_fedavg": {
    "means": [
      1280.0,
      2560.0,
      3840.0,
      5120.0,
      6400.0,
      7680.0,
      8960.0,
      10240.0,
      11520.0,
      12800.0,
      14080.0,
      15360.0,
      16640.0,
      17920.0,
      19200.0,
      20480.0,
      21760.0,
      23040.0,
      24320.0,
      25600.0,
      26880.0,
      28160.0,
      29440.0,
      30720.0,
      32000.0
    ],
    "stds": [
      0.0,
      0.0,
      0.0,
      0.0,
      0.0,
      0.0,
      0.0,
      0.0,
      0.0,
      0.0,
      0.0,
      0.0,
      0.0,
      0.0,
      0.0,
      0.0,
      0.0,
      0.0,
      0.0,
      0.0,
      0.0,
      0.0,
      0.0,
      0.0,
      0.0
    ]
  },
  "train_loss_sfedavg": {
    "means": [
      0.3077157674478191,
      0.35950083308908176,
      0.24113918852788893,
      0.34957256123714797,
      0.2976978230937553,
      0.25014759323064906,
      0.3428935434448969,
      0.20493835535514832,
      0.17675130739006958,
      0.19196224163055559,
      0.1794456478543698,
      0.1934803692724191,
      0.16610911050887903,
      0.13473662520988514,
      0.12708716813967708,
      0.14374740015793824,
      0.1868157718345559,
      0.15953816180960967,
      0.13683756680438677,
      0.1248843576145695,
      0.12663728410812639,
      0.14293698044961478,
      0.10814784830554951,
      0.10345174825794429,
      0.11153773346511507
    ],
    "stds": [
      0.0,
      0.0,
      0.0,
      0.0,
      0.0,
      0.0,
      0.0,
      0.0,
      0.0,
      0.0,
      0.0,
      0.0,
      0.0,
      0.0,
      0.0,
      0.0,
      0.0,
      0.0,
      0.0,
      0.0,
      0.0,
      0.0,
      0.0,
      0.0,
      0.0
    ]
  },
  "test_acc_sfedavg": {
    "means": [
      0.9305555555555556,
      0.9083333333333333,
      0.925,
      0.9138888888888889,
      0.9111111111111111,
      0.9305555555555556,
      0.9055555555555556,
      0.9138888888888889,
      0.9138888888888889,
      0.9055555555555556,
      0.9027777777777778,
      0.9194444444444444,
      0.9472222222222222,
      0.9555555555555556,
      0.9472222222222222,
      0.9416666666666667,
      0.9583333333333334,
      0.9555555555555556,
      0.95,
      0.9527777777777777,
      0.9527777777777777,
      0.9444444444444444,
      0.9527777777777777,
      0.9472222222222222,
      0.9472222222222222
    ],
    "stds": [
      0.0,
      0.0,
      0.0,
      0.0,
      0.0,
      0.0,
      0.0,
      0.0,
      0.0,
      0.0,
      0.0,
      0.0,
      0.0,
      0.0,
      0.0,
      0.0,
      0.0,
      0.0,
      0.0,
      0.0,
      0.0,
      0.0,
      0.0,
      0.0,
      0.0
    ]
  },
  "comm_cost_sfedavg": {
    "means": [
      2560.0,
      5120.0,
      7680.0,
      10240.0,
      12800.0,
      15360.0,
      17920.0,
      20480.0,
      23040.0,
      25600.0,
      28160.0,
      30720.0,
      33280.0,
      35840.0,
      38400.0,
      40960.0,
      43520.0,
      46080.0,
      48640.0,
      51200.0,
      53760.0,
      56320.0,
      58880.0,
      61440.0,
      64000.0
    ],
    "stds": [
      0.0,
      0.0,
      0.0,
      0.0,
      0.0,
      0.0,
      0.0,
      0.0,
      0.0,
      0.0,
      0.0,
      0.0,
      0.0,
      0.0,
      0.0,
      0.0,
      0.0,
      0.0,
      0.0,
      0.0,
      0.0,
      0.0,
      0.0,
      0.0,
      0.0
    ]
  },
  "effective_update_dims_sfedavg": {
    "means": [
      1280.0,
      2560.0,
      3840.0,
      5120.0,
      6400.0,
      7680.0,
      8960.0,
      10240.0,
      11520.0,
      12800.0,
      14080.0,
      15360.0,
      16640.0,
      17920.0,
      19200.0,
      20480.0,
      21760.0,
      23040.0,
      24320.0,
      25600.0,
      26880.0,
      28160.0,
      29440.0,
      30720.0,
      32000.0
    ],
    "stds": [
      0.0,
      0.0,
      0.0,
      0.0,
      0.0,
      0.0,
      0.0,
      0.0,
      0.0,
      0.0,
      0.0,
      0.0,
      0.0,
      0.0,
      0.0,
      0.0,
      0.0,
      0.0,
      0.0,
      0.0,
      0.0,
      0.0,
      0.0,
      0.0,
      0.0
    ]
  }
}