{
  "train_loss_fedavg": {
    "means": [
      0.731014894727685,
      0.6623216538971991,
      0.6070782400637776,
      0.5598561982265038,
      0.5214999201048032,
      0.4904718682998847,
      0.4638957435354099,
      0.44011266233137897,
      0.4219539174253077,
      0.405450033377461,
      0.39100720692884666,
      0.3787305784776365,
      0.3678377306444326,
      0.3581911200019893,
      0.3496423224006543,
      0.34164602531875626,
      0.3344726008544389,
      0.327881900099942,
      0.3222788020623874,
      0.3167955164656201,
      0.31187352518485023,
      0.30734501749526355,
      0.3029568252938567,
      0.2988369806286829,
      0.2950600847367131,
      0.2915173562810811,
      0.28819625889340567,
      0.2848926067329096,
      0.281898927807591,
      0.27905245460627803,
      0.2763721262116317,
      0.2738511301113517,
      0.2714072207860347,
      0.2690956855670571,
      0.26682035402715326,
      0.2646783231610003,
      0.2626278609755866,
      0.26072564797146375,
      0.25891711854302885,
      0.2571207696396533
    ],
    "stds": [
      0.0,
      0.0,
      0.0,
      0.0,
      0.0,
      0.0,
      0.0,
      0.0,
      0.0,
      0.0,
      0.0,
      0.0,
      0.0,
      0.0,
      0.0,
      0.0,
      0.0,
      0.0,
      0.0,
      0.0,
      0.0,
      0.0,
      0.0,
      0.0,
      0.0,
      0.0,
      0.0,
      0.0,
      0.0,
      0.0,
      0.0,
      0.0,
      0.0,
      0.0,
      0.0,
      0.0,
      0.0,
      0.0,
      0.0,
      0.0
    ]
  },
  "test_acc_fedavg": {
    "means": [
      0.54825,
      0.605,
      0.6565,
      0.7065,
      0.75025,
      0.78575,
      0.81575,
      0.8395,
      0.859,
      0.87075,
      0.881,
      0.88725,
      0.89375,
      0.897,
      0.90325,
      0.9055,
      0.909,
      0.911,
      0.9135,
      0.91625,
      0.91625,
      0.91525,
      0.918,
      0.91625,
      0.91875,
      0.918,
      0.91925,
      0.91975,
      0.92,
      0.9205,
      0.92,
      0.92125,
      0.91975,
      0.92025,
      0.92125,
      0.9205,
      0.92125,
      0.92125,
      0.9195,
      0.92125
    ],
    "stds": [
      0.0,
      0.0,
      0.0,
      0.0,
      0.0,
      0.0,
      0.0,
      0.0,
      0.0,
      0.0,
      0.0,
      0.0,
      0.0,
      0.0,
      0.0,
      0.0,
      0.0,
      0.0,
      0.0,
      0.0,
      0.0,
      0.0,
      0.0,
      0.0,
      0.0,
      0.0,
      0.0,
      0.0,
      0.0,
      0.0,
      0.0,
      0.0,
      0.0,
      0.0,
      0.0,
      0.0,
      0.0,
      0.0,
      0.0,
      0.0
    ]
  },
  "comm_floats_fedavg": {
    "means": [
      2020.0,
      4040.0,
      6060.0,
      8080.0,
      10100.0,
      12120.0,
      14140.0,
      16160.0,
      18180.0,
      20200.0,
      22220.0,
      24240.0,
      26260.0,
      28280.0,
      30300.0,
      32320.0,
      34340.0,
      36360.0,
      38380.0,
      40400.0,
      42420.0,
      44440.0,
      46460.0,
      48480.0,
      50500.0,
      52520.0,
      54540.0,
      56560.0,
      58580.0,
      60600.0,
      62620.0,
      64640.0,
      66660.0,
      68680.0,
      70700.0,
      72720.0,
      74740.0,
      76760.0,
      78780.0,
      80800.0
    ],
    "stds": [
      0.0,
      0.0,
      0.0,
      0.0,
      0.0,
      0.0,
      0.0,
      0.0,
      0.0,
      0.0,
      0.0,
      0.0,
      0.0,
      0.0,
      0.0,
      0.0,
      0.0,
      0.0,
      0.0,
      0.0,
      0.0,
      0.0,
      0.0,
      0.0,
      0.0,
      0.0,
      0.0,
      0.0,
      0.0,
      0.0,
      0.0,
      0.0,
      0.0,
      0.0,
      0.0,
      0.0,
      0.0,
      0.0,
      0.0,
      0.0
    ]
  },
  "comm_per_0.8_acc_fedavg": {
    "means": [
      14140.0
    ],
    "stds": [
      0.0
    ]
  },
  "rounds_to_target_loss_fedavg": {
    "means": [
      6
    ],
    "stds": [
      0.0
    ]
  },
  "stability_index_fedavg": {
    "means": [
      63.70358877566532
    ],
    "stds": [
      0.0
    ]
  },
  "area_under_accuracy_curve_fedavg": {
    "means": [
      34.10825
    ],
    "stds": [
      0.0
    ]
  },
  "train_loss_sfedavg": {
    "means": [
      0.7789638094014072,
      0.7502349178669822,
      0.7203569165966962,
      0.6856737904561614,
      0.66714915672313,
      0.6577872346461363,
      0.6339057380617933,
      0.620105032495839,
      0.5934568176869279,
      0.5711364174366692,
      0.5595235481366938,
      0.5525553308030189,
      0.5324401919893339,
      0.5242723978116285,
      0.5110108279055688,
      0.4981807779860851,
      0.48378137486639555,
      0.4690468174348506,
      0.46057284608104,
      0.44837305100648917,
      0.43504701779155275,
      0.4267908752379133,
      0.42211946586497845,
      0.41409039997802594,
      0.40307007062589,
      0.397160608244222,
      0.3901917084052837,
      0.385197682655587,
      0.381150971019875,
      0.3775866591540647,
      0.37070923397806815,
      0.3645249719515751,
      0.3595406741925934,
      0.35358417461166125,
      0.3486758434699252,
      0.34486487817533706,
      0.3421790875767253,
      0.3368756658268259,
      0.33281445681949834,
      0.3295992179027817
    ],
    "stds": [
      0.0,
      0.0,
      0.0,
      0.0,
      0.0,
      0.0,
      0.0,
      0.0,
      0.0,
      0.0,
      0.0,
      0.0,
      0.0,
      0.0,
      0.0,
      0.0,
      0.0,
      0.0,
      0.0,
      0.0,
      0.0,
      0.0,
      0.0,
      0.0,
      0.0,
      0.0,
      0.0,
      0.0,
      0.0,
      0.0,
      0.0,
      0.0,
      0.0,
      0.0,
      0.0,
      0.0,
      0.0,
      0.0,
      0.0,
      0.0
    ]
  },
  "test_acc_sfedavg": {
    "means": [
      0.5215,
      0.545,
      0.573,
      0.601,
      0.61625,
      0.623,
      0.6375,
      0.65025,
      0.66925,
      0.68975,
      0.70175,
      0.70825,
      0.72675,
      0.732,
      0.74725,
      0.753,
      0.76575,
      0.78375,
      0.78625,
      0.795,
      0.80575,
      0.81075,
      0.815,
      0.82125,
      0.83125,
      0.83575,
      0.84425,
      0.84425,
      0.84275,
      0.8475,
      0.853,
      0.8615,
      0.8645,
      0.8645,
      0.86675,
      0.86975,
      0.87,
      0.874,
      0.88,
      0.88325
    ],
    "stds": [
      0.0,
      0.0,
      0.0,
      0.0,
      0.0,
      0.0,
      0.0,
      0.0,
      0.0,
      0.0,
      0.0,
      0.0,
      0.0,
      0.0,
      0.0,
      0.0,
      0.0,
      0.0,
      0.0,
      0.0,
      0.0,
      0.0,
      0.0,
      0.0,
      0.0,
      0.0,
      0.0,
      0.0,
      0.0,
      0.0,
      0.0,
      0.0,
      0.0,
      0.0,
      0.0,
      0.0,
      0.0,
      0.0,
      0.0,
      0.0
    ]
  },
  "comm_floats_sfedavg": {
    "means": [
      104030.0,
      208060.0,
      312090.0,
      416120.0,
      520150.0,
      624180.0,
      728210.0,
      832240.0,
      936270.0,
      1040300.0,
      1144330.0,
      1248360.0,
      1352390.0,
      1456420.0,
      1560450.0,
      1664480.0,
      1768510.0,
      1872540.0,
      1976570.0,
      2080600.0,
      2184630.0,
      2288660.0,
      2392690.0,
      2496720.0,
      2600750.0,
      2704780.0,
      2808810.0,
      2912840.0,
      3016870.0,
      3120900.0,
      3224930.0,
      3328960.0,
      3432990.0,
      3537020.0,
      3641050.0,
      3745080.0,
      3849110.0,
      3953140.0,
      4057170.0,
      4161200.0
    ],
    "stds": [
      0.0,
      0.0,
      0.0,
      0.0,
      0.0,
      0.0,
      0.0,
      0.0,
      0.0,
      0.0,
      0.0,
      0.0,
      0.0,
      0.0,
      0.0,
      0.0,
      0.0,
      0.0,
      0.0,
      0.0,
      0.0,
      0.0,
      0.0,
      0.0,
      0.0,
      0.0,
      0.0,
      0.0,
      0.0,
      0.0,
      0.0,
      0.0,
      0.0,
      0.0,
      0.0,
      0.0,
      0.0,
      0.0,
      0.0,
      0.0
    ]
  },