{
  "train_loss_FedAvg": {
    "means": [
      1.8019845011563693,
      1.4755308870707968,
      1.234188046481583,
      1.0809897679087983,
      0.9748661360240517,
      0.8888426515995078,
      0.8297062935855515,
      0.7769399039458814,
      0.7355325635745831,
      0.7038306875368271,
      0.6838345703505994,
      0.6551652486999713,
      0.6306928558357778,
      0.6131782515448255,
      0.5994628654127091,
      0.5765218893901451,
      0.5739000926930423,
      0.5661939399442368,
      0.5526655429139955,
      0.5468940641563343,
      0.5355816396746135,
      0.5304318242445608,
      0.5234000858279987,
      0.5149578363619224,
      0.5123067978312342,
      0.5074614711732726,
      0.5042633852155822,
      0.49727445011419175,
      0.4870756964484418,
      0.4802958330606604,
      0.4782659314612032,
      0.47512504777517994,
      0.48035413703333313,
      0.4732936062915743,
      0.4697996676584541,
      0.46624414914826096,
      0.460669624736947,
      0.456516788168043,
      0.4562276090447167,
      0.45141515616618866,
      0.44958810695351276,
      0.44710301251945544,
      0.444595841144428,
      0.446523361451021,
      0.4549934561234303,
      0.45686399300406183,
      0.4610265196272362,
      0.4543828848512476,
      0.45113379953455834,
      0.4505009287508809,
      0.4496908995819516,
      0.45191744576670895,
      0.4514477901896412,
      0.4494347507418213,
      0.445969035542503,
      0.4435796853518246,
      0.4437002566452354,
      0.4450331022576832,
      0.44717675167335763,
      0.44769088530551515
    ],
    "stds": [
      0.0,
      0.0,
      0.0,
      0.0,
      0.0,
      0.0,
      0.0,
      0.0,
      0.0,
      0.0,
      0.0,
      0.0,
      0.0,
      0.0,
      0.0,
      0.0,
      0.0,
      0.0,
      0.0,
      0.0,
      0.0,
      0.0,
      0.0,
      0.0,
      0.0,
      0.0,
      0.0,
      0.0,
      0.0,
      0.0,
      0.0,
      0.0,
      0.0,
      0.0,
      0.0,
      0.0,
      0.0,
      0.0,
      0.0,
      0.0,
      0.0,
      0.0,
      0.0,
      0.0,
      0.0,
      0.0,
      0.0,
      0.0,
      0.0,
      0.0,
      0.0,
      0.0,
      0.0,
      0.0,
      0.0,
      0.0,
      0.0,
      0.0,
      0.0,
      0.0
    ]
  },
  "test_accuracy_FedAvg": {
    "means": [
      0.7444444444444445,
      0.7583333333333333,
      0.7861111111111111,
      0.8166666666666667,
      0.8222222222222222,
      0.825,
      0.825,
      0.825,
      0.8222222222222222,
      0.8166666666666667,
      0.8111111111111111,
      0.8194444444444444,
      0.8138888888888889,
      0.8194444444444444,
      0.8138888888888889,
      0.8222222222222222,
      0.8305555555555556,
      0.8194444444444444,
      0.8277777777777777,
      0.8305555555555556,
      0.8388888888888889,
      0.8361111111111111,
      0.8444444444444444,
      0.8361111111111111,
      0.8444444444444444,
      0.8388888888888889,
      0.8388888888888889,
      0.8416666666666667,
      0.8361111111111111,
      0.8388888888888889,
      0.8472222222222222,
      0.8388888888888889,
      0.8388888888888889,
      0.8416666666666667,
      0.8416666666666667,
      0.85,
      0.8527777777777777,
      0.8527777777777777,
      0.8555555555555555,
      0.85,
      0.85,
      0.8527777777777777,
      0.8527777777777777,
      0.8527777777777777,
      0.85,
      0.8472222222222222,
      0.8472222222222222,
      0.8472222222222222,
      0.85,
      0.85,
      0.85,
      0.8472222222222222,
      0.8472222222222222,
      0.8527777777777777,
      0.8444444444444444,
      0.85,
      0.8444444444444444,
      0.8472222222222222,
      0.8472222222222222,
      0.8472222222222222
    ],
    "stds": [
      0.0,
      0.0,
      0.0,
      0.0,
      0.0,
      0.0,
      0.0,
      0.0,
      0.0,
      0.0,
      0.0,
      0.0,
      0.0,
      0.0,
      0.0,
      0.0,
      0.0,
      0.0,
      0.0,
      0.0,
      0.0,
      0.0,
      0.0,
      0.0,
      0.0,
      0.0,
      0.0,
      0.0,
      0.0,
      0.0,
      0.0,
      0.0,
      0.0,
      0.0,
      0.0,
      0.0,
      0.0,
      0.0,
      0.0,
      0.0,
      0.0,
      0.0,
      0.0,
      0.0,
      0.0,
      0.0,
      0.0,
      0.0,
      0.0,
      0.0,
      0.0,
      0.0,
      0.0,
      0.0,
      0.0,
      0.0,
      0.0,
      0.0,
      0.0,
      0.0
    ]
  },
  "comm_floats_FedAvg": {
    "means": [
      13000.0,
      26000.0,
      39000.0,
      52000.0,
      65000.0,
      78000.0,
      91000.0,
      104000.0,
      117000.0,
      130000.0,
      143000.0,
      156000.0,
      169000.0,
      182000.0,
      195000.0,
      208000.0,
      221000.0,
      234000.0,
      247000.0,
      260000.0,
      273000.0,
      286000.0,
      299000.0,
      312000.0,
      325000.0,
      338000.0,
      351000.0,
      364000.0,
      377000.0,
      390000.0,
      403000.0,
      416000.0,
      429000.0,
      442000.0,
      455000.0,
      468000.0,
      481000.0,
      494000.0,
      507000.0,
      520000.0,
      533000.0,
      546000.0,
      559000.0,
      572000.0,
      585000.0,
      598000.0,
      611000.0,
      624000.0,
      637000.0,
      650000.0,
      663000.0,
      676000.0,
      689000.0,
      702000.0,
      715000.0,
      728000.0,
      741000.0,
      754000.0,
      767000.0,
      780000.0
    ],
    "stds": [
      0.0,
      0.0,
      0.0,
      0.0,
      0.0,
      0.0,
      0.0,
      0.0,
      0.0,
      0.0,
      0.0,
      0.0,
      0.0,
      0.0,
      0.0,
      0.0,
      0.0,
      0.0,
      0.0,
      0.0,
      0.0,
      0.0,
      0.0,
      0.0,
      0.0,
      0.0,
      0.0,
      0.0,
      0.0,
      0.0,
      0.0,
      0.0,
      0.0,
      0.0,
      0.0,
      0.0,
      0.0,
      0.0,
      0.0,
      0.0,
      0.0,
      0.0,
      0.0,
      0.0,
      0.0,
      0.0,
      0.0,
      0.0,
      0.0,
      0.0,
      0.0,
      0.0,
      0.0,
      0.0,
      0.0,
      0.0,
      0.0,
      0.0,
      0.0,
      0.0
    ]
  },
  "train_loss_SFedAvg": {
    "means": [
      1.989516300207238,
      1.7203628392159316,
      1.5269457989148107,
      1.3361488264188806,
      1.2287745368194132,
      1.122346683580882,
      1.0548014428154693,
      0.9711486800391443,
      0.9304892951251479,
      0.8898659651352631,
      0.8572343874531078,
      0.817912315529956,
      0.7802752590905044,
      0.7491457869859509,
      0.7291847728663733,
      0.704726614183958,
      0.6954524530416507,
      0.6785615198324495,
      0.6604560781799036,
      0.6436373887485038,
      0.6323361558559403,
      0.6238596008458367,
      0.6165018307126966,
      0.601882839270693,
      0.5923612930039596,
      0.5863497944163385,
      0.5800612953082841,
      0.5681133855153346,
      0.5565719033169723,
      0.5451923330028583,
      0.5403658359537324,
      0.5361346085066601,
      0.5348101186780589,
      0.5290457464929065,
      0.5251003679303783,
      0.5172149347639902,
      0.5045148347213818,
      0.5004986534967981,
      0.49464566148693107,
      0.48695300843950345,
      0.4835471071066426,
      0.4810974410975702,
      0.4780219709246993,
      0.47747060589817836,
      0.4770194835771243,
      0.4767220741425966,
      0.4799681128619176,
      0.4771406326805281,
      0.47382865121994716,
      0.47060421257938695,
      0.46939236188257427,
      0.47099729861601125,
      0.4678194340228796,
      0.46603395499652017,
      0.46393623246992904,
      0.4579430626230428,
      0.459871389513747,
      0.45948232936589567,
      0.46028844063885066,
      0.4640834492869602
    ],