{
  "train_loss_fedavg": {
    "means": [
      1.691442379743961,
      1.3141288399885045,
      1.0766436960088228,
      0.9136862677752686,
      0.800118566955958,
      0.7166661773937396,
      0.6520190553933835,
      0.6003401420228933,
      0.5587192098702408,
      0.5236696139815089,
      0.49399533886969405,
      0.46840259919645233,
      0.44683169120729815,
      0.42719312583679625,
      0.4109094500205365,
      0.39573602112022715,
      0.3822065258562893,
      0.3698521350910334,
      0.3589310658784909,
      0.34866803007816843,
      0.3385150662089994,
      0.32969824487334437,
      0.32177363589704805,
      0.31473373950164096,
      0.30793753546306835,
      0.30107388389814094,
      0.29533892790576544,
      0.2893144291161315,
      0.28387860154896905,
      0.2789324846478672,
      0.27410728175552523,
      0.26944275472172313,
      0.2654933859836827,
      0.26103968014697887,
      0.25720040195913757,
      0.25342780927209096,
      0.24978748359158964,
      0.2464845588264052,
      0.2433308697190732,
      0.2403598473590092
    ],
    "stds": [
      0.0,
      0.0,
      0.0,
      0.0,
      0.0,
      0.0,
      0.0,
      0.0,
      0.0,
      0.0,
      0.0,
      0.0,
      0.0,
      0.0,
      0.0,
      0.0,
      0.0,
      0.0,
      0.0,
      0.0,
      0.0,
      0.0,
      0.0,
      0.0,
      0.0,
      0.0,
      0.0,
      0.0,
      0.0,
      0.0,
      0.0,
      0.0,
      0.0,
      0.0,
      0.0,
      0.0,
      0.0,
      0.0,
      0.0,
      0.0
    ]
  },
  "test_acc_fedavg": {
    "means": [
      0.8111111111111111,
      0.8388888888888889,
      0.875,
      0.8861111111111111,
      0.8944444444444445,
      0.9,
      0.9,
      0.9083333333333333,
      0.9027777777777778,
      0.925,
      0.9277777777777778,
      0.9277777777777778,
      0.925,
      0.9222222222222223,
      0.9222222222222223,
      0.9305555555555556,
      0.9333333333333333,
      0.9305555555555556,
      0.9305555555555556,
      0.9305555555555556,
      0.9333333333333333,
      0.9305555555555556,
      0.9388888888888889,
      0.9333333333333333,
      0.9416666666666667,
      0.9416666666666667,
      0.9444444444444444,
      0.9444444444444444,
      0.9444444444444444,
      0.9472222222222222,
      0.9444444444444444,
      0.9444444444444444,
      0.9444444444444444,
      0.95,
      0.95,
      0.9555555555555556,
      0.9583333333333334,
      0.9583333333333334,
      0.9583333333333334,
      0.9583333333333334
    ],
    "stds": [
      0.0,
      0.0,
      0.0,
      0.0,
      0.0,
      0.0,
      0.0,
      0.0,
      0.0,
      0.0,
      0.0,
      0.0,
      0.0,
      0.0,
      0.0,
      0.0,
      0.0,
      0.0,
      0.0,
      0.0,
      0.0,
      0.0,
      0.0,
      0.0,
      0.0,
      0.0,
      0.0,
      0.0,
      0.0,
      0.0,
      0.0,
      0.0,
      0.0,
      0.0,
      0.0,
      0.0,
      0.0,
      0.0,
      0.0,
      0.0
    ]
  },
  "comm_MB_fedavg": {
    "means": [
      0.03328,
      0.06656,
      0.09983999999999998,
      0.13312,
      0.1664,
      0.19968,
      0.23296,
      0.26624,
      0.29951999999999995,
      0.33279999999999993,
      0.3660799999999999,
      0.3993599999999999,
      0.43263999999999986,
      0.46591999999999983,
      0.4991999999999998,
      0.5324799999999998,
      0.5657599999999998,
      0.5990399999999998,
      0.6323199999999998,
      0.6655999999999997,
      0.6988799999999997,
      0.7321599999999997,
      0.7654399999999997,
      0.7987199999999997,
      0.8319999999999996,
      0.8652799999999996,
      0.8985599999999996,
      0.9318399999999996,
      0.9651199999999995,
      0.9983999999999995,
      1.0316799999999995,
      1.0649599999999995,
      1.0982399999999994,
      1.1315199999999994,
      1.1647999999999994,
      1.1980799999999994,
      1.2313599999999993,
      1.2646399999999993,
      1.2979199999999993,
      1.3311999999999993
    ],
    "stds": [
      0.0,
      0.0,
      0.0,
      0.0,
      0.0,
      0.0,
      0.0,
      0.0,
      0.0,
      0.0,
      0.0,
      0.0,
      0.0,
      0.0,
      0.0,
      0.0,
      0.0,
      0.0,
      0.0,
      0.0,
      0.0,
      0.0,
      0.0,
      0.0,
      0.0,
      0.0,
      0.0,
      0.0,
      0.0,
      0.0,
      0.0,
      0.0,
      0.0,
      0.0,
      0.0,
      0.0,
      0.0,
      0.0,
      0.0,
      0.0
    ]
  },
  "train_loss_sfedavg": {
    "means": [
      2.118832368294512,
      1.881247658261739,
      1.7127336971576521,
      1.5496662915134507,
      1.423935657876806,
      1.3129359438732782,
      1.2019033814553874,
      1.117313859971963,
      1.0638570422556122,
      0.9878159075928691,
      0.9370121311268508,
      0.8838702212577595,
      0.8510796575081933,
      0.8093793015310313,
      0.7753496279903216,
      0.7418565779776843,
      0.7067282002969392,
      0.675190252368491,
      0.6480588264921602,
      0.6244095345148248,
      0.600805964303573,
      0.5773540050264189,
      0.5606348816197195,
      0.5459186333783701,
      0.5280877259284947,
      0.5174153362424317,
      0.5092121314074387,
      0.4968454490463203,
      0.48777921597359775,
      0.4783485513209045,
      0.4685068593838573,
      0.46050392111039523,
      0.4507160187266554,
      0.4406434468360212,
      0.43127823582275915,
      0.4246445925963189,
      0.4179624449490318,
      0.4104588161233895,
      0.4035034216217173,
      0.39600226927747373
    ],
    "stds": [
      0.0,
      0.0,
      0.0,
      0.0,
      0.0,
      0.0,
      0.0,
      0.0,
      0.0,
      0.0,
      0.0,
      0.0,
      0.0,
      0.0,
      0.0,
      0.0,
      0.0,
      0.0,
      0.0,
      0.0,
      0.0,
      0.0,
      0.0,
      0.0,
      0.0,
      0.0,
      0.0,
      0.0,
      0.0,
      0.0,
      0.0,
      0.0,
      0.0,
      0.0,
      0.0,
      0.0,
      0.0,
      0.0,
      0.0,
      0.0
    ]
  },
  "test_acc_sfedavg": {
    "means": [
      0.5527777777777778,
      0.6972222222222222,
      0.7361111111111112,
      0.7972222222222223,
      0.825,
      0.8277777777777777,
      0.85,
      0.8583333333333333,
      0.8694444444444445,
      0.875,
      0.8777777777777778,
      0.8694444444444445,
      0.8833333333333333,
      0.8861111111111111,
      0.8916666666666667,
      0.8972222222222223,
      0.8944444444444445,
      0.9027777777777778,
      0.9055555555555556,
      0.9083333333333333,
      0.9083333333333333,
      0.9166666666666666,
      0.9194444444444444,
      0.9138888888888889,
      0.9194444444444444,
      0.9194444444444444,
      0.9166666666666666,
      0.9166666666666666,
      0.9166666666666666,
      0.9194444444444444,
      0.9194444444444444,
      0.9194444444444444,
      0.9194444444444444,
      0.9194444444444444,
      0.9194444444444444,
      0.9222222222222223,
      0.9277777777777778,
      0.9277777777777778,
      0.925,
      0.925
    ],
    "stds": [
      0.0,
      0.0,
      0.0,
      0.0,
      0.0,
      0.0,
      0.0,
      0.0,
      0.0,
      0.0,
      0.0,
      0.0,
      0.0,
      0.0,
      0.0,
      0.0,
      0.0,
      0.0,
      0.0,
      0.0,
      0.0,
      0.0,
      0.0,
      0.0,
      0.0,
      0.0,
      0.0,
      0.0,
      0.0,
      0.0,
      0.0,
      0.0,
      0.0,
      0.0,
      0.0,
      0.0,
      0.0,
      0.0,
      0.0,
      0.0
    ]
  },