{
  "train_loss_fedavg": {
    "means": [
      1.3119647444974416,
      0.7574635917825311,
      0.5055331729009297,
      0.3802201440187656,
      0.32286656679636655,
      0.2889000100628643,
      0.2722563288241459,
      0.2751816752894085,
      0.26933171377074955,
      0.26979467614624764,
      0.2834712457938151,
      0.3337332831097014,
      0.3474112153456498,
      0.4002960778769633,
      0.43947319977656796,
      0.4321256075406814,
      0.43574677799621303,
      0.42398389310254075,
      0.36917669981416146,
      0.35404602601311086,
      0.35849054194001617,
      0.3459463626469946,
      0.3599510629079675,
      0.341509480016139,
      0.35714954883066363,
      0.36686196388233566,
      0.3536449358484407,
      0.3978686351328744,
      0.43128114710496745,
      0.47009858083229705,
      0.4747043660618824,
      0.428482074202237,
      0.3741752387774387,
      0.36081128790861006,
      0.37015383725582707,
      0.38231818047061994,
      0.3783135707331703,
      0.39855939554887565,
      0.40826290352120903,
      0.4066549444835528,
      0.4199898354085942,
      0.42659093363471345,
      0.41003357748642333,
      0.4195451328750678,
      0.4185898444025373,
      0.42981161967919546,
      0.4254685045273426,
      0.42881116814370296,
      0.44615820207113777,
      0.4685463892722807
    ],
    "stds": [
      0.0,
      0.0,
      0.0,
      0.0,
      0.0,
      0.0,
      0.0,
      0.0,
      0.0,
      0.0,
      0.0,
      0.0,
      0.0,
      0.0,
      0.0,
      0.0,
      0.0,
      0.0,
      0.0,
      0.0,
      0.0,
      0.0,
      0.0,
      0.0,
      0.0,
      0.0,
      0.0,
      0.0,
      0.0,
      0.0,
      0.0,
      0.0,
      0.0,
      0.0,
      0.0,
      0.0,
      0.0,
      0.0,
      0.0,
      0.0,
      0.0,
      0.0,
      0.0,
      0.0,
      0.0,
      0.0,
      0.0,
      0.0,
      0.0,
      0.0
    ]
  },
  "train_loss_sfedavg": {
    "means": [
      1.936058037861212,
      1.610502334112807,
      1.333312154379321,
      1.0726203655349869,
      0.936587340151306,
      0.8368268986985625,
      0.7563245485699372,
      0.6966597106260799,
      0.6597461656823149,
      0.6336803064346649,
      0.6088520861500673,
      0.5910100768729507,
      0.574751554394844,
      0.5650027761950307,
      0.5616651567930802,
      0.5510989320894082,
      0.543099416276545,
      0.5301443796375945,
      0.5226428925823905,
      0.5160026444436197,
      0.5036209825068593,
      0.5020157571142841,
      0.49268417030768374,
      0.48703747689741517,
      0.480183035419931,
      0.47610665305882716,
      0.47185479056733076,
      0.4702581354756907,
      0.465763114720132,
      0.46053471511196464,
      0.4577754133131284,
      0.4510783182371652,
      0.4420915883731681,
      0.43711932645030427,
      0.43779395597306936,
      0.4343417120865365,
      0.4347048194825974,
      0.4312319681761104,
      0.43622793514662145,
      0.43343102701274444,
      0.43352514576123363,
      0.4336673941196581,
      0.4298422614698639,
      0.42545449254261786,
      0.4191886844041079,
      0.41660794748181296,
      0.41561076113553136,
      0.41707118738561033,
      0.4184473238421743,
      0.4190844472812261
    ],
    "stds": [
      0.0,
      0.0,
      0.0,
      0.0,
      0.0,
      0.0,
      0.0,
      0.0,
      0.0,
      0.0,
      0.0,
      0.0,
      0.0,
      0.0,
      0.0,
      0.0,
      0.0,
      0.0,
      0.0,
      0.0,
      0.0,
      0.0,
      0.0,
      0.0,
      0.0,
      0.0,
      0.0,
      0.0,
      0.0,
      0.0,
      0.0,
      0.0,
      0.0,
      0.0,
      0.0,
      0.0,
      0.0,
      0.0,
      0.0,
      0.0,
      0.0,
      0.0,
      0.0,
      0.0,
      0.0,
      0.0,
      0.0,
      0.0,
      0.0,
      0.0
    ]
  },
  "test_acc_fedavg": {
    "means": [
      0.8666666666666667,
      0.8861111111111111,
      0.8861111111111111,
      0.8861111111111111,
      0.9055555555555556,
      0.9166666666666666,
      0.925,
      0.9388888888888889,
      0.9277777777777778,
      0.9333333333333333,
      0.9222222222222223,
      0.8805555555555555,
      0.8888888888888888,
      0.8583333333333333,
      0.8472222222222222,
      0.8472222222222222,
      0.8555555555555555,
      0.8583333333333333,
      0.9027777777777778,
      0.9027777777777778,
      0.8972222222222223,
      0.8972222222222223,
      0.9,
      0.8944444444444445,
      0.9,
      0.8861111111111111,
      0.8805555555555555,
      0.8805555555555555,
      0.8805555555555555,
      0.8666666666666667,
      0.8583333333333333,
      0.8694444444444445,
      0.8722222222222222,
      0.8805555555555555,
      0.8777777777777778,
      0.8861111111111111,
      0.875,
      0.8444444444444444,
      0.8527777777777777,
      0.8444444444444444,
      0.8527777777777777,
      0.8472222222222222,
      0.8333333333333334,
      0.8638888888888889,
      0.8472222222222222,
      0.8472222222222222,
      0.8666666666666667,
      0.8666666666666667,
      0.8388888888888889,
      0.8277777777777777
    ],
    "stds": [
      0.0,
      0.0,
      0.0,
      0.0,
      0.0,
      0.0,
      0.0,
      0.0,
      0.0,
      0.0,
      0.0,
      0.0,
      0.0,
      0.0,
      0.0,
      0.0,
      0.0,
      0.0,
      0.0,
      0.0,
      0.0,
      0.0,
      0.0,
      0.0,
      0.0,
      0.0,
      0.0,
      0.0,
      0.0,
      0.0,
      0.0,
      0.0,
      0.0,
      0.0,
      0.0,
      0.0,
      0.0,
      0.0,
      0.0,
      0.0,
      0.0,
      0.0,
      0.0,
      0.0,
      0.0,
      0.0,
      0.0,
      0.0,
      0.0,
      0.0
    ]
  },
  "test_acc_sfedavg": {
    "means": [
      0.7416666666666667,
      0.8222222222222222,
      0.8527777777777777,
      0.8416666666666667,
      0.8722222222222222,
      0.8611111111111112,
      0.875,
      0.8833333333333333,
      0.9,
      0.9027777777777778,
      0.9111111111111111,
      0.9,
      0.9055555555555556,
      0.9083333333333333,
      0.9111111111111111,
      0.9138888888888889,
      0.9138888888888889,
      0.9138888888888889,
      0.9166666666666666,
      0.9194444444444444,
      0.925,
      0.9277777777777778,
      0.9277777777777778,
      0.9277777777777778,
      0.9305555555555556,
      0.9277777777777778,
      0.9305555555555556,
      0.9361111111111111,
      0.9333333333333333,
      0.9388888888888889,
      0.9444444444444444,
      0.9444444444444444,
      0.9361111111111111,
      0.9388888888888889,
      0.9361111111111111,
      0.9388888888888889,
      0.9333333333333333,
      0.9333333333333333,
      0.9444444444444444,
      0.9416666666666667,
      0.9416666666666667,
      0.9472222222222222,
      0.9444444444444444,
      0.9472222222222222,
      0.9472222222222222,
      0.9444444444444444,
      0.9361111111111111,
      0.9361111111111111,
      0.9388888888888889,
      0.9388888888888889
    ],
    "stds": [
      0.0,
      0.0,
      0.0,
      0.0,
      0.0,
      0.0,
      0.0,
      0.0,
      0.0,
      0.0,
      0.0,
      0.0,
      0.0,
      0.0,
      0.0,
      0.0,
      0.0,
      0.0,
      0.0,
      0.0,
      0.0,
      0.0,
      0.0,
      0.0,
      0.0,
      0.0,
      0.0,
      0.0,
      0.0,
      0.0,
      0.0,
      0.0,
      0.0,
      0.0,
      0.0,
      0.0,
      0.0,
      0.0,
      0.0,
      0.0,
      0.0,
      0.0,
      0.0,
      0.0,
      0.0,
      0.0,
      0.0,
      0.0,
      0.0,
      0.0
    ]
  },