{
  "FedAvg/train_loss": {
    "means": [
      2.129356861114502,
      1.97297203540802,
      1.8383431434631348,
      1.7212235927581787,
      1.6202690601348877,
      1.5316747426986694,
      1.454978585243225,
      1.3861461877822876,
      1.325182318687439,
      1.270836353302002,
      1.2231059074401855,
      1.179555892944336,
      1.1400606632232666,
      1.1036875247955322,
      1.0704424381256104,
      1.0398865938186646,
      1.012391209602356,
      0.9873486161231995,
      0.9634315967559814,
      0.9403050541877747,
      0.9195933938026428,
      0.9000765085220337,
      0.8824974298477173,
      0.8655171990394592,
      0.8495786786079407,
      0.8345651030540466,
      0.8202203512191772,
      0.8067721724510193,
      0.7935085296630859,
      0.781467080116272,
      0.7695879340171814,
      0.7583394646644592,
      0.7480624914169312,
      0.7381694912910461,
      0.7283673882484436,
      0.7192193865776062,
      0.7102780938148499,
      0.7015292644500732,
      0.6932529807090759,
      0.6856264472007751,
      0.6779401898384094,
      0.6711340546607971,
      0.664004385471344,
      0.6572450399398804,
      0.6507552266120911
    ],
    "stds": [
      0.0,
      0.0,
      0.0,
      0.0,
      0.0,
      0.0,
      0.0,
      0.0,
      0.0,
      0.0,
      0.0,
      0.0,
      0.0,
      0.0,
      0.0,
      0.0,
      0.0,
      0.0,
      0.0,
      0.0,
      0.0,
      0.0,
      0.0,
      0.0,
      0.0,
      0.0,
      0.0,
      0.0,
      0.0,
      0.0,
      0.0,
      0.0,
      0.0,
      0.0,
      0.0,
      0.0,
      0.0,
      0.0,
      0.0,
      0.0,
      0.0,
      0.0,
      0.0,
      0.0,
      0.0
    ]
  },
  "FedAvg/test_accuracy": {
    "means": [
      0.455,
      0.6379166666666667,
      0.71625,
      0.75,
      0.76125,
      0.7741666666666667,
      0.7858333333333334,
      0.79875,
      0.80875,
      0.815,
      0.8166666666666667,
      0.8220833333333334,
      0.82375,
      0.8254166666666667,
      0.8291666666666667,
      0.8316666666666667,
      0.8333333333333334,
      0.8304166666666667,
      0.835,
      0.8408333333333333,
      0.84,
      0.8441666666666666,
      0.845,
      0.84625,
      0.84875,
      0.8495833333333334,
      0.85,
      0.8554166666666667,
      0.86125,
      0.8629166666666667,
      0.8608333333333333,
      0.8658333333333333,
      0.8641666666666666,
      0.865,
      0.86625,
      0.87125,
      0.8695833333333334,
      0.8716666666666667,
      0.8741666666666666,
      0.87125,
      0.8741666666666666,
      0.8754166666666666,
      0.875,
      0.8729166666666667,
      0.875
    ],
    "stds": [
      0.0,
      0.0,
      0.0,
      0.0,
      0.0,
      0.0,
      0.0,
      0.0,
      0.0,
      0.0,
      0.0,
      0.0,
      0.0,
      0.0,
      0.0,
      0.0,
      0.0,
      0.0,
      0.0,
      0.0,
      0.0,
      0.0,
      0.0,
      0.0,
      0.0,
      0.0,
      0.0,
      0.0,
      0.0,
      0.0,
      0.0,
      0.0,
      0.0,
      0.0,
      0.0,
      0.0,
      0.0,
      0.0,
      0.0,
      0.0,
      0.0,
      0.0,
      0.0,
      0.0,
      0.0
    ]
  },
  "FedAvg/communication_bytes": {
    "means": [
      80000.0,
      160000.0,
      240000.0,
      320000.0,
      400000.0,
      480000.0,
      560000.0,
      640000.0,
      720000.0,
      800000.0,
      880000.0,
      960000.0,
      1040000.0,
      1120000.0,
      1200000.0,
      1280000.0,
      1360000.0,
      1440000.0,
      1520000.0,
      1600000.0,
      1680000.0,
      1760000.0,
      1840000.0,
      1920000.0,
      2000000.0,
      2080000.0,
      2160000.0,
      2240000.0,
      2320000.0,
      2400000.0,
      2480000.0,
      2560000.0,
      2640000.0,
      2720000.0,
      2800000.0,
      2880000.0,
      2960000.0,
      3040000.0,
      3120000.0,
      3200000.0,
      3280000.0,
      3360000.0,
      3440000.0,
      3520000.0,
      3600000.0
    ],
    "stds": [
      0.0,
      0.0,
      0.0,
      0.0,
      0.0,
      0.0,
      0.0,
      0.0,
      0.0,
      0.0,
      0.0,
      0.0,
      0.0,
      0.0,
      0.0,
      0.0,
      0.0,
      0.0,
      0.0,
      0.0,
      0.0,
      0.0,
      0.0,
      0.0,
      0.0,
      0.0,
      0.0,
      0.0,
      0.0,
      0.0,
      0.0,
      0.0,
      0.0,
      0.0,
      0.0,
      0.0,
      0.0,
      0.0,
      0.0,
      0.0,
      0.0,
      0.0,
      0.0,
      0.0,
      0.0
    ]
  },
  "SFedAvg/train_loss": {
    "means": [
      2.3080320358276367,
      2.3052937984466553,
      2.3030600547790527,
      2.300358772277832,
      2.2976765632629395,
      2.295208692550659,
      2.2922472953796387,
      2.2898387908935547,
      2.286736488342285,
      2.2832448482513428,
      2.2814574241638184,
      2.2783873081207275,
      2.2758336067199707,
      2.2728888988494873,
      2.2690658569335938,
      2.26615571975708,
      2.2648024559020996,
      2.260497570037842,
      2.2585554122924805,
      2.254321575164795,
      2.2527546882629395,
      2.249732732772827,
      2.245993137359619,
      2.243283987045288,
      2.2405195236206055,
      2.236260414123535,
      2.2328357696533203,
      2.2300963401794434,
      2.2286202907562256,
      2.2264420986175537,
      2.224465847015381,
      2.2223212718963623,
      2.2207536697387695,
      2.2151782512664795,
      2.212463855743408,
      2.210481882095337,
      2.2081780433654785,
      2.2065861225128174,
      2.20308780670166,
      2.201057195663452,
      2.195345640182495,
      2.1931934356689453,
      2.191901206970215,
      2.189652442932129,
      2.185788154602051
    ],
    "stds": [
      0.0,
      0.0,
      0.0,
      0.0,
      0.0,
      0.0,
      0.0,
      0.0,
      0.0,
      0.0,
      0.0,
      0.0,
      0.0,
      0.0,
      0.0,
      0.0,
      0.0,
      0.0,
      0.0,
      0.0,
      0.0,
      0.0,
      0.0,
      0.0,
      0.0,
      0.0,
      0.0,
      0.0,
      0.0,
      0.0,
      0.0,
      0.0,
      0.0,
      0.0,
      0.0,
      0.0,
      0.0,
      0.0,
      0.0,
      0.0,
      0.0,
      0.0,
      0.0,
      0.0,
      0.0
    ]
  },
  "SFedAvg/test_accuracy": {
    "means": [
      0.10666666666666667,
      0.11041666666666666,
      0.11375,
      0.11708333333333333,
      0.12166666666666667,
      0.12875,
      0.13833333333333334,
      0.14125,
      0.14666666666666667,
      0.14875,
      0.1525,
      0.15625,
      0.1575,
      0.16791666666666666,
      0.16916666666666666,
      0.17625,
      0.18375,
      0.19166666666666668,
      0.19208333333333333,
      0.2,
      0.2,
      0.20208333333333334,
      0.21041666666666667,
      0.21916666666666668,
      0.22916666666666666,
      0.225,
      0.23708333333333334,
      0.23708333333333334,
      0.23958333333333334,
      0.24,
      0.24291666666666667,
      0.24625,
      0.2529166666666667,
      0.2633333333333333,
      0.2683333333333333,
      0.26625,
      0.2733333333333333,
      0.26666666666666666,
      0.275,
      0.2775,
      0.28375,
      0.28208333333333335,
      0.2875,
      0.2920833333333333,
      0.2916666666666667
    ],
    "stds": [
      0.0,
      0.0,
      0.0,
      0.0,
      0.0,
      0.0,
      0.0,
      0.0,
      0.0,
      0.0,
      0.0,
      0.0,
      0.0,
      0.0,
      0.0,
      0.0,
      0.0,
      0.0,
      0.0,
      0.0,
      0.0,
      0.0,
      0.0,
      0.0,
      0.0,
      0.0,
      0.0,
      0.0,
      0.0,
      0.0,
      0.0,
      0.0,
      0.0,
      0.0,
      0.0,
      0.0,
      0.0,
      0.0,
      0.0,
      0.0,
      0.0,
      0.0,
      0.0,
      0.0,
      0.0
    ]
  },