{
  "train_loss_fedavg": {
    "means": [
      0.7225968815523582,
      0.6488799892644221,
      0.5893165547571101,
      0.5444901993036092,
      0.5054014584303137,
      0.47338808115605796,
      0.4469208566697372,
      0.42535512788343033,
      0.4072274086413909,
      0.3905579871602047,
      0.3778790562731976,
      0.3658517647071303,
      0.35529932152806976,
      0.3462156864932715,
      0.33763064991230873,
      0.3301224770807759,
      0.3232349695330024,
      0.3172279973919149,
      0.3116428094510219,
      0.3064803039681715,
      0.3017146035167739,
      0.2972124018433955,
      0.2931155967605834,
      0.2894791761214136,
      0.28598677086926466,
      0.2826296195331101,
      0.2794099717602656,
      0.27637721421780825,
      0.2735308600771872,
      0.27083458038547703,
      0.26822093462690433,
      0.26592195873633206,
      0.2635277367059557,
      0.26134290982113983,
      0.25912398358571953,
      0.25722200497772235,
      0.2553180124491316,
      0.253494334431246,
      0.2517849412711016,
      0.2500795944452543
    ],
    "stds": [
      0.0,
      0.0,
      0.0,
      0.0,
      0.0,
      0.0,
      0.0,
      0.0,
      0.0,
      0.0,
      0.0,
      0.0,
      0.0,
      0.0,
      0.0,
      0.0,
      0.0,
      0.0,
      0.0,
      0.0,
      0.0,
      0.0,
      0.0,
      0.0,
      0.0,
      0.0,
      0.0,
      0.0,
      0.0,
      0.0,
      0.0,
      0.0,
      0.0,
      0.0,
      0.0,
      0.0,
      0.0,
      0.0,
      0.0,
      0.0
    ]
  },
  "test_acc_fedavg": {
    "means": [
      0.555,
      0.614,
      0.6755,
      0.72675,
      0.77175,
      0.8,
      0.82925,
      0.85025,
      0.86575,
      0.87625,
      0.88225,
      0.89175,
      0.89825,
      0.902,
      0.90725,
      0.91125,
      0.91325,
      0.91525,
      0.91725,
      0.91975,
      0.92225,
      0.9225,
      0.92325,
      0.92275,
      0.921,
      0.92275,
      0.922,
      0.9225,
      0.92275,
      0.92125,
      0.9245,
      0.923,
      0.92225,
      0.924,
      0.92375,
      0.92225,
      0.922,
      0.92325,
      0.924,
      0.9235
    ],
    "stds": [
      0.0,
      0.0,
      0.0,
      0.0,
      0.0,
      0.0,
      0.0,
      0.0,
      0.0,
      0.0,
      0.0,
      0.0,
      0.0,
      0.0,
      0.0,
      0.0,
      0.0,
      0.0,
      0.0,
      0.0,
      0.0,
      0.0,
      0.0,
      0.0,
      0.0,
      0.0,
      0.0,
      0.0,
      0.0,
      0.0,
      0.0,
      0.0,
      0.0,
      0.0,
      0.0,
      0.0,
      0.0,
      0.0,
      0.0,
      0.0
    ]
  },
  "comm_floats_fedavg": {
    "means": [
      2020.0,
      4040.0,
      6060.0,
      8080.0,
      10100.0,
      12120.0,
      14140.0,
      16160.0,
      18180.0,
      20200.0,
      22220.0,
      24240.0,
      26260.0,
      28280.0,
      30300.0,
      32320.0,
      34340.0,
      36360.0,
      38380.0,
      40400.0,
      42420.0,
      44440.0,
      46460.0,
      48480.0,
      50500.0,
      52520.0,
      54540.0,
      56560.0,
      58580.0,
      60600.0,
      62620.0,
      64640.0,
      66660.0,
      68680.0,
      70700.0,
      72720.0,
      74740.0,
      76760.0,
      78780.0,
      80800.0
    ],
    "stds": [
      0.0,
      0.0,
      0.0,
      0.0,
      0.0,
      0.0,
      0.0,
      0.0,
      0.0,
      0.0,
      0.0,
      0.0,
      0.0,
      0.0,
      0.0,
      0.0,
      0.0,
      0.0,
      0.0,
      0.0,
      0.0,
      0.0,
      0.0,
      0.0,
      0.0,
      0.0,
      0.0,
      0.0,
      0.0,
      0.0,
      0.0,
      0.0,
      0.0,
      0.0,
      0.0,
      0.0,
      0.0,
      0.0,
      0.0,
      0.0
    ]
  },
  "comm_per_0.8_acc_fedavg": {
    "means": [
      12120.0
    ],
    "stds": [
      0.0
    ]
  },
  "rounds_to_target_loss_fedavg": {
    "means": [
      6
    ],
    "stds": [
      0.0
    ]
  },
  "stability_index_fedavg": {
    "means": [
      60.83674410290577
    ],
    "stds": [
      0.0
    ]
  },
  "area_under_accuracy_curve_fedavg": {
    "means": [
      34.339
    ],
    "stds": [
      0.0
    ]
  },
  "train_loss_sfedavg": {
    "means": [
      0.792112109611005,
      0.7799575887704656,
      0.762667338231147,
      0.7428368629907798,
      0.7359978242961451,
      0.7254441855207101,
      0.7098172532490369,
      0.7057453188481744,
      0.6913235714310839,
      0.6773446586396679,
      0.6654024836193759,
      0.6606687085013366,
      0.6519574056891881,
      0.6448141386119146,
      0.6361128515507268,
      0.630005758341924,
      0.6166578799018062,
      0.6097935635238577,
      0.6048944013929441,
      0.589435461770919,
      0.5839349133529551,
      0.5777920343801705,
      0.5745529657121927,
      0.5612512193547048,
      0.5514139761761713,
      0.5498522679469509,
      0.5410816232294848,
      0.5339767527007709,
      0.5294020629379049,
      0.5250597838706877,
      0.5220952082038023,
      0.5175484735863506,
      0.5129536999427514,
      0.5067975876035763,
      0.5007002864590944,
      0.4963842029588798,
      0.48457230687632125,
      0.4809588135969352,
      0.4773992786389706,
      0.47385517172605623
    ],
    "stds": [
      0.0,
      0.0,
      0.0,
      0.0,
      0.0,
      0.0,
      0.0,
      0.0,
      0.0,
      0.0,
      0.0,
      0.0,
      0.0,
      0.0,
      0.0,
      0.0,
      0.0,
      0.0,
      0.0,
      0.0,
      0.0,
      0.0,
      0.0,
      0.0,
      0.0,
      0.0,
      0.0,
      0.0,
      0.0,
      0.0,
      0.0,
      0.0,
      0.0,
      0.0,
      0.0,
      0.0,
      0.0,
      0.0,
      0.0,
      0.0
    ]
  },
  "test_acc_sfedavg": {
    "means": [
      0.504,
      0.519,
      0.52925,
      0.5375,
      0.54425,
      0.554,
      0.572,
      0.57775,
      0.587,
      0.5995,
      0.60775,
      0.61375,
      0.622,
      0.6305,
      0.6355,
      0.6435,
      0.654,
      0.6605,
      0.6655,
      0.67925,
      0.68175,
      0.68625,
      0.69125,
      0.70275,
      0.7115,
      0.71175,
      0.7205,
      0.72675,
      0.729,
      0.73375,
      0.7375,
      0.74425,
      0.75075,
      0.75625,
      0.76475,
      0.769,
      0.7755,
      0.78125,
      0.7835,
      0.78425
    ],
    "stds": [
      0.0,
      0.0,
      0.0,
      0.0,
      0.0,
      0.0,
      0.0,
      0.0,
      0.0,
      0.0,
      0.0,
      0.0,
      0.0,
      0.0,
      0.0,
      0.0,
      0.0,
      0.0,
      0.0,
      0.0,
      0.0,
      0.0,
      0.0,
      0.0,
      0.0,
      0.0,
      0.0,
      0.0,
      0.0,
      0.0,
      0.0,
      0.0,
      0.0,
      0.0,
      0.0,
      0.0,
      0.0,
      0.0,
      0.0,
      0.0
    ]
  },
  "comm_floats_sfedavg": {
    "means": [
      104030.0,
      208060.0,
      312090.0,
      416120.0,
      520150.0,
      624180.0,
      728210.0,
      832240.0,
      936270.0,
      1040300.0,
      1144330.0,
      1248360.0,
      1352390.0,
      1456420.0,
      1560450.0,
      1664480.0,
      1768510.0,
      1872540.0,
      1976570.0,
      2080600.0,
      2184630.0,
      2288660.0,
      2392690.0,
      2496720.0,
      2600750.0,
      2704780.0,
      2808810.0,
      2912840.0,
      3016870.0,
      3120900.0,
      3224930.0,
      3328960.0,
      3432990.0,
      3537020.0,
      3641050.0,
      3745080.0,
      3849110.0,
      3953140.0,
      4057170.0,
      4161200.0
    ],
    "stds": [
      0.0,
      0.0,
      0.0,
      0.0,
      0.0,
      0.0,
      0.0,
      0.0,
      0.0,
      0.0,
      0.0,
      0.0,
      0.0,
      0.0,
      0.0,
      0.0,
      0.0,
      0.0,
      0.0,
      0.0,
      0.0,
      0.0,
      0.0,
      0.0,
      0.0,
      0.0,
      0.0,
      0.0,
      0.0,
      0.0,
      0.0,
      0.0,
      0.0,
      0.0,
      0.0,
      0.0,
      0.0,
      0.0,
      0.0,
      0.0
    ]
  },