{
  "train_loss_fedavg": {
    "means": [
      1.4523586552797962,
      0.9274522401063267,
      0.6782711459148453,
      0.5079969345513656,
      0.4023836888894334,
      0.3519413051144099,
      0.3324669902089246,
      0.293951233866739,
      0.2694335719758535,
      0.23597637959856488,
      0.21652114169131637,
      0.1916901605107333,
      0.1793280446672401,
      0.17379545781470268,
      0.1718747422317052,
      0.16182490380690523,
      0.1563291345647793,
      0.1467868761209042,
      0.1390576085719938,
      0.1336159647960447,
      0.12972749798353062,
      0.12523494184206924,
      0.1214461251845624,
      0.11696146071154043,
      0.11169172990655532,
      0.11017073547190075,
      0.10724915041517592,
      0.10514658954203654,
      0.10391768317641276,
      0.10483255488980979,
      0.10351528921093056,
      0.10216302129609828,
      0.0983677744952187,
      0.09562991982527971,
      0.09277362758542575,
      0.09041005385995424,
      0.08880472390458143,
      0.08738533292896065,
      0.08706549140894065,
      0.08527126038510585,
      0.08447671401192954,
      0.08297903151168826,
      0.08274056271872067,
      0.08256250703898646,
      0.08222109301937608,
      0.08098632071310048,
      0.08025610782435,
      0.07890079528035919,
      0.07770267481376816,
      0.07738769916072365
    ],
    "stds": [
      0.0,
      0.0,
      0.0,
      0.0,
      0.0,
      0.0,
      0.0,
      0.0,
      0.0,
      0.0,
      0.0,
      0.0,
      0.0,
      0.0,
      0.0,
      0.0,
      0.0,
      0.0,
      0.0,
      0.0,
      0.0,
      0.0,
      0.0,
      0.0,
      0.0,
      0.0,
      0.0,
      0.0,
      0.0,
      0.0,
      0.0,
      0.0,
      0.0,
      0.0,
      0.0,
      0.0,
      0.0,
      0.0,
      0.0,
      0.0,
      0.0,
      0.0,
      0.0,
      0.0,
      0.0,
      0.0,
      0.0,
      0.0,
      0.0,
      0.0
    ]
  },
  "train_loss_sfedavg": {
    "means": [
      2.0520033430801345,
      1.8769596717943757,
      1.6989169731731337,
      1.5381800923201197,
      1.4090731106375733,
      1.3316448572393556,
      1.2404741834260142,
      1.1529438631384272,
      1.0836914503509314,
      1.015873976311087,
      0.9675827392211696,
      0.9195424437568275,
      0.8698538573650654,
      0.8417095772798866,
      0.810568818168941,
      0.7744058044341325,
      0.7564616322667117,
      0.728750527001061,
      0.7093445833966907,
      0.6849050913759951,
      0.6636069765979938,
      0.6466561353588648,
      0.6272171138523402,
      0.6095329587417677,
      0.5933398476066856,
      0.5832120121558185,
      0.5673393167796538,
      0.5536548076031329,
      0.5402949341776295,
      0.5321254240895025,
      0.521486966590494,
      0.5101061512739608,
      0.5004921819512576,
      0.49141385721820163,
      0.4811735709503939,
      0.47041182869970083,
      0.45978935924776054,
      0.45109805086362653,
      0.44437947117741555,
      0.4361678215622435,
      0.4284696552557236,
      0.4208454922969907,
      0.41581401756772207,
      0.40955510515981897,
      0.4048699003303297,
      0.399054717950021,
      0.3936716600755267,
      0.3899715254941125,
      0.38490796988629744,
      0.3814874846490038
    ],
    "stds": [
      0.0,
      0.0,
      0.0,
      0.0,
      0.0,
      0.0,
      0.0,
      0.0,
      0.0,
      0.0,
      0.0,
      0.0,
      0.0,
      0.0,
      0.0,
      0.0,
      0.0,
      0.0,
      0.0,
      0.0,
      0.0,
      0.0,
      0.0,
      0.0,
      0.0,
      0.0,
      0.0,
      0.0,
      0.0,
      0.0,
      0.0,
      0.0,
      0.0,
      0.0,
      0.0,
      0.0,
      0.0,
      0.0,
      0.0,
      0.0,
      0.0,
      0.0,
      0.0,
      0.0,
      0.0,
      0.0,
      0.0,
      0.0,
      0.0,
      0.0
    ]
  },
  "test_acc_fedavg": {
    "means": [
      0.7388888888888889,
      0.75,
      0.7944444444444444,
      0.8555555555555555,
      0.8777777777777778,
      0.8833333333333333,
      0.8833333333333333,
      0.9,
      0.9083333333333333,
      0.9111111111111111,
      0.9305555555555556,
      0.9361111111111111,
      0.9361111111111111,
      0.9333333333333333,
      0.9416666666666667,
      0.9361111111111111,
      0.9333333333333333,
      0.9416666666666667,
      0.9361111111111111,
      0.9388888888888889,
      0.9333333333333333,
      0.9388888888888889,
      0.9333333333333333,
      0.9333333333333333,
      0.9361111111111111,
      0.9333333333333333,
      0.9388888888888889,
      0.9388888888888889,
      0.9416666666666667,
      0.9388888888888889,
      0.9333333333333333,
      0.9388888888888889,
      0.9388888888888889,
      0.9361111111111111,
      0.9333333333333333,
      0.9361111111111111,
      0.9388888888888889,
      0.9361111111111111,
      0.9388888888888889,
      0.9416666666666667,
      0.9444444444444444,
      0.9472222222222222,
      0.95,
      0.9472222222222222,
      0.95,
      0.9527777777777777,
      0.95,
      0.9555555555555556,
      0.95,
      0.95
    ],
    "stds": [
      0.0,
      0.0,
      0.0,
      0.0,
      0.0,
      0.0,
      0.0,
      0.0,
      0.0,
      0.0,
      0.0,
      0.0,
      0.0,
      0.0,
      0.0,
      0.0,
      0.0,
      0.0,
      0.0,
      0.0,
      0.0,
      0.0,
      0.0,
      0.0,
      0.0,
      0.0,
      0.0,
      0.0,
      0.0,
      0.0,
      0.0,
      0.0,
      0.0,
      0.0,
      0.0,
      0.0,
      0.0,
      0.0,
      0.0,
      0.0,
      0.0,
      0.0,
      0.0,
      0.0,
      0.0,
      0.0,
      0.0,
      0.0,
      0.0,
      0.0
    ]
  },
  "test_acc_sfedavg": {
    "means": [
      0.5611111111111111,
      0.5861111111111111,
      0.6083333333333333,
      0.6916666666666667,
      0.7361111111111112,
      0.7611111111111111,
      0.775,
      0.7944444444444444,
      0.7972222222222223,
      0.8083333333333333,
      0.8277777777777777,
      0.8388888888888889,
      0.8333333333333334,
      0.8361111111111111,
      0.8555555555555555,
      0.8611111111111112,
      0.8527777777777777,
      0.8694444444444445,
      0.8722222222222222,
      0.8777777777777778,
      0.8833333333333333,
      0.8833333333333333,
      0.8805555555555555,
      0.8944444444444445,
      0.9027777777777778,
      0.8944444444444445,
      0.9,
      0.9,
      0.9027777777777778,
      0.9,
      0.9,
      0.9,
      0.9027777777777778,
      0.9111111111111111,
      0.9083333333333333,
      0.9138888888888889,
      0.9111111111111111,
      0.9111111111111111,
      0.9138888888888889,
      0.9166666666666666,
      0.9194444444444444,
      0.9194444444444444,
      0.9138888888888889,
      0.9138888888888889,
      0.9111111111111111,
      0.9138888888888889,
      0.9166666666666666,
      0.9166666666666666,
      0.9222222222222223,
      0.9222222222222223
    ],
    "stds": [
      0.0,
      0.0,
      0.0,
      0.0,
      0.0,
      0.0,
      0.0,
      0.0,
      0.0,
      0.0,
      0.0,
      0.0,
      0.0,
      0.0,
      0.0,
      0.0,
      0.0,
      0.0,
      0.0,
      0.0,
      0.0,
      0.0,
      0.0,
      0.0,
      0.0,
      0.0,
      0.0,
      0.0,
      0.0,
      0.0,
      0.0,
      0.0,
      0.0,
      0.0,
      0.0,
      0.0,
      0.0,
      0.0,
      0.0,
      0.0,
      0.0,
      0.0,
      0.0,
      0.0,
      0.0,
      0.0,
      0.0,
      0.0,
      0.0,
      0.0
    ]
  },