{
  "train_loss": {
    "means": [
      2.2449232875814102,
      2.1715819015599926,
      2.1122192349932587,
      2.0378800510868795,
      1.9730321834960156,
      1.912838118814323,
      1.8346725612430044,
      1.7717475552969908,
      1.7024951549926437,
      1.650944890313705,
      1.584102347622741,
      1.5260641724953845,
      1.4907073306971834,
      1.4363112574968968,
      1.3898174348729841,
      1.3407894303925372,
      1.3043087135345532,
      1.2635850131043191,
      1.2353612122423427,
      1.2008036555841088,
      1.1669297539736183,
      1.1397921827236381,
      1.1089302316837786,
      1.0825476312401103,
      1.0577827551468935,
      1.0328122704281149,
      1.0090852123999434,
      0.9862993216374029,
      0.9678575708332231,
      0.9502358686198284,
      0.9348797169470978,
      0.920577903644,
      0.9033538620762638,
      0.8872521671450262,
      0.8739836498142717,
      0.8615753751847153,
      0.8508350320923861,
      0.8377293948918677,
      0.8279374706968919,
      0.8182435021597491,
      0.8060642900475551,
      0.7946620622811011,
      0.7857864106324578,
      0.7749037423259849,
      0.7663211641681996,
      0.7585179833725332,
      0.7505136433094248,
      0.7424011813938892,
      0.7361686014621529,
      0.7297782358537962
    ],
    "stds": [
      0.0,
      0.0,
      0.0,
      0.0,
      0.0,
      0.0,
      0.0,
      0.0,
      0.0,
      0.0,
      0.0,
      0.0,
      0.0,
      0.0,
      0.0,
      0.0,
      0.0,
      0.0,
      0.0,
      0.0,
      0.0,
      0.0,
      0.0,
      0.0,
      0.0,
      0.0,
      0.0,
      0.0,
      0.0,
      0.0,
      0.0,
      0.0,
      0.0,
      0.0,
      0.0,
      0.0,
      0.0,
      0.0,
      0.0,
      0.0,
      0.0,
      0.0,
      0.0,
      0.0,
      0.0,
      0.0,
      0.0,
      0.0,
      0.0,
      0.0
    ]
  },
  "test_accuracy": {
    "means": [
      0.4265,
      0.5255,
      0.6155,
      0.654,
      0.6655,
      0.6725,
      0.6735,
      0.6685,
      0.675,
      0.6845,
      0.692,
      0.7055,
      0.713,
      0.7195,
      0.7255,
      0.73,
      0.733,
      0.735,
      0.7365,
      0.7365,
      0.7465,
      0.74,
      0.75,
      0.7525,
      0.7585,
      0.7645,
      0.769,
      0.7715,
      0.774,
      0.78,
      0.7855,
      0.786,
      0.791,
      0.796,
      0.7975,
      0.802,
      0.804,
      0.8125,
      0.8195,
      0.82,
      0.8215,
      0.824,
      0.827,
      0.829,
      0.83,
      0.8325,
      0.833,
      0.8365,
      0.8385,
      0.8415
    ],
    "stds": [
      0.0,
      0.0,
      0.0,
      0.0,
      0.0,
      0.0,
      0.0,
      0.0,
      0.0,
      0.0,
      0.0,
      0.0,
      0.0,
      0.0,
      0.0,
      0.0,
      0.0,
      0.0,
      0.0,
      0.0,
      0.0,
      0.0,
      0.0,
      0.0,
      0.0,
      0.0,
      0.0,
      0.0,
      0.0,
      0.0,
      0.0,
      0.0,
      0.0,
      0.0,
      0.0,
      0.0,
      0.0,
      0.0,
      0.0,
      0.0,
      0.0,
      0.0,
      0.0,
      0.0,
      0.0,
      0.0,
      0.0,
      0.0,
      0.0,
      0.0
    ]
  },
  "uplink_floats": {
    "means": [
      800.0,
      1600.0,
      2400.0,
      3200.0,
      4000.0,
      4800.0,
      5600.0,
      6400.0,
      7200.0,
      8000.0,
      8800.0,
      9600.0,
      10400.0,
      11200.0,
      12000.0,
      12800.0,
      13600.0,
      14400.0,
      15200.0,
      16000.0,
      16800.0,
      17600.0,
      18400.0,
      19200.0,
      20000.0,
      20800.0,
      21600.0,
      22400.0,
      23200.0,
      24000.0,
      24800.0,
      25600.0,
      26400.0,
      27200.0,
      28000.0,
      28800.0,
      29600.0,
      30400.0,
      31200.0,
      32000.0,
      32800.0,
      33600.0,
      34400.0,
      35200.0,
      36000.0,
      36800.0,
      37600.0,
      38400.0,
      39200.0,
      40000.0
    ],
    "stds": [
      0.0,
      0.0,
      0.0,
      0.0,
      0.0,
      0.0,
      0.0,
      0.0,
      0.0,
      0.0,
      0.0,
      0.0,
      0.0,
      0.0,
      0.0,
      0.0,
      0.0,
      0.0,
      0.0,
      0.0,
      0.0,
      0.0,
      0.0,
      0.0,
      0.0,
      0.0,
      0.0,
      0.0,
      0.0,
      0.0,
      0.0,
      0.0,
      0.0,
      0.0,
      0.0,
      0.0,
      0.0,
      0.0,
      0.0,
      0.0,
      0.0,
      0.0,
      0.0,
      0.0,
      0.0,
      0.0,
      0.0,
      0.0,
      0.0,
      0.0
    ]
  },
  "downlink_floats": {
    "means": [
      3600.0,
      7200.0,
      10800.0,
      14400.0,
      18000.0,
      21600.0,
      25200.0,
      28800.0,
      32400.0,
      36000.0,
      39600.0,
      43200.0,
      46800.0,
      50400.0,
      54000.0,
      57600.0,
      61200.0,
      64800.0,
      68400.0,
      72000.0,
      75600.0,
      79200.0,
      82800.0,
      86400.0,
      90000.0,
      93600.0,
      97200.0,
      100800.0,
      104400.0,
      108000.0,
      111600.0,
      115200.0,
      118800.0,
      122400.0,
      126000.0,
      129600.0,
      133200.0,
      136800.0,
      140400.0,
      144000.0,
      147600.0,
      151200.0,
      154800.0,
      158400.0,
      162000.0,
      165600.0,
      169200.0,
      172800.0,
      176400.0,
      180000.0
    ],
    "stds": [
      0.0,
      0.0,
      0.0,
      0.0,
      0.0,
      0.0,
      0.0,
      0.0,
      0.0,
      0.0,
      0.0,
      0.0,
      0.0,
      0.0,
      0.0,
      0.0,
      0.0,
      0.0,
      0.0,
      0.0,
      0.0,
      0.0,
      0.0,
      0.0,
      0.0,
      0.0,
      0.0,
      0.0,
      0.0,
      0.0,
      0.0,
      0.0,
      0.0,
      0.0,
      0.0,
      0.0,
      0.0,
      0.0,
      0.0,
      0.0,
      0.0,
      0.0,
      0.0,
      0.0,
      0.0,
      0.0,
      0.0,
      0.0,
      0.0,
      0.0
    ]
  },
  "total_floats": {
    "means": [
      4400.0,
      8800.0,
      13200.0,
      17600.0,
      22000.0,
      26400.0,
      30800.0,
      35200.0,
      39600.0,
      44000.0,
      48400.0,
      52800.0,
      57200.0,
      61600.0,
      66000.0,
      70400.0,
      74800.0,
      79200.0,
      83600.0,
      88000.0,
      92400.0,
      96800.0,
      101200.0,
      105600.0,
      110000.0,
      114400.0,
      118800.0,
      123200.0,
      127600.0,
      132000.0,
      136400.0,
      140800.0,
      145200.0,
      149600.0,
      154000.0,
      158400.0,
      162800.0,
      167200.0,
      171600.0,
      176000.0,
      180400.0,
      184800.0,
      189200.0,
      193600.0,
      198000.0,
      202400.0,
      206800.0,
      211200.0,
      215600.0,
      220000.0
    ],
    "stds": [
      0.0,
      0.0,
      0.0,
      0.0,
      0.0,
      0.0,
      0.0,
      0.0,
      0.0,
      0.0,
      0.0,
      0.0,
      0.0,
      0.0,
      0.0,
      0.0,
      0.0,
      0.0,
      0.0,
      0.0,
      0.0,
      0.0,
      0.0,
      0.0,
      0.0,
      0.0,
      0.0,
      0.0,
      0.0,
      0.0,
      0.0,
      0.0,
      0.0,
      0.0,
      0.0,
      0.0,
      0.0,
      0.0,
      0.0,
      0.0,
      0.0,
      0.0,
      0.0,
      0.0,
      0.0,
      0.0,
      0.0,
      0.0,
      0.0,
      0.0
    ]
  }
}