{
  "train_loss/FedAvg": {
    "means": [
      0.8827018004495627,
      0.6131418180484738,
      0.4886955231817929,
      0.4190885964596016,
      0.36858696541440117,
      0.264952763145232,
      0.21324118174348256,
      0.19305012128239415,
      0.17421602885589377,
      0.15861496564059424,
      0.15734207485609153,
      0.13817170210031657,
      0.13458294509347524,
      0.1230748520118113,
      0.11654823138843881,
      0.11540687768104277,
      0.10487721435653126,
      0.10352074800153824,
      0.09791398478834995,
      0.09245449204770663,
      0.09129642559733725,
      0.08716736585118409,
      0.08614865715882136,
      0.0823314364083698,
      0.0773893072202293,
      0.0757838388060107,
      0.07443565804787462,
      0.0734633794589126,
      0.0704783349736936,
      0.06705702745114331,
      0.0652514933072028,
      0.0646020408428641,
      0.0637883224663655,
      0.061698177604445154,
      0.05975709301604953,
      0.05803883910582592,
      0.05748922266686268,
      0.056987960488145396,
      0.05560050930627192,
      0.054417341461145616,
      0.052863139095874895,
      0.052455200435674344,
      0.05224552220558268,
      0.051246461435278605,
      0.05031025331230404,
      0.04894244321251527,
      0.04876297745646317,
      0.04872639734068519,
      0.047912098233491345,
      0.047071127447043934,
      0.04591687121327581,
      0.04588867686137764,
      0.045926479018688474,
      0.04521437225892557,
      0.0444708197838023,
      0.043537729400710254,
      0.04355520055328167,
      0.04361978434475968,
      0.04298610821475009,
      0.04236153451253881
    ],
    "stds": [
      0.0,
      0.0,
      0.0,
      0.0,
      0.0,
      0.0,
      0.0,
      0.0,
      0.0,
      0.0,
      0.0,
      0.0,
      0.0,
      0.0,
      0.0,
      0.0,
      0.0,
      0.0,
      0.0,
      0.0,
      0.0,
      0.0,
      0.0,
      0.0,
      0.0,
      0.0,
      0.0,
      0.0,
      0.0,
      0.0,
      0.0,
      0.0,
      0.0,
      0.0,
      0.0,
      0.0,
      0.0,
      0.0,
      0.0,
      0.0,
      0.0,
      0.0,
      0.0,
      0.0,
      0.0,
      0.0,
      0.0,
      0.0,
      0.0,
      0.0,
      0.0,
      0.0,
      0.0,
      0.0,
      0.0,
      0.0,
      0.0,
      0.0,
      0.0,
      0.0
    ]
  },
  "train_loss/SFedAvg": {
    "means": [
      2.0282985372116906,
      1.8061838042755616,
      1.6275509043591725,
      1.4945972196636061,
      1.3279231523434403,
      1.2319239022472963,
      1.1456052603135316,
      1.0706664363186575,
      1.0258517130415947,
      0.9746033561092439,
      0.9187867046124047,
      0.8539978774435815,
      0.8200546636748526,
      0.7748806734747421,
      0.7482255234212705,
      0.719517547773551,
      0.6954203963593054,
      0.6669625384417743,
      0.6480511507661113,
      0.6296783291350042,
      0.6082145417501837,
      0.5942480190035254,
      0.581945170917235,
      0.5661475429201569,
      0.5524074156760997,
      0.5393282244670558,
      0.5307097037219007,
      0.5173601459380144,
      0.5000421133431846,
      0.488569533552931,
      0.47872363167467374,
      0.4730055229515307,
      0.46162486045232926,
      0.4538606758233896,
      0.4443738186073438,
      0.4395470247066526,
      0.4341063387813222,
      0.42678653703826414,
      0.42016849203033324,
      0.41093094569562005,
      0.4057767148108212,
      0.4015358686336618,
      0.39451761049906164,
      0.3890418403619781,
      0.3818210997888672,
      0.376172871448487,
      0.3713892825776631,
      0.3647637289288036,
      0.3599353112847204,
      0.35489069514217947,
      0.3502329717362426,
      0.3457662005619708,
      0.341512806900093,
      0.3383973928105202,
      0.33521393642680514,
      0.3318788902410032,
      0.32952497661255076,
      0.32606963959851093,
      0.3234524368958239,
      0.3207859176698771
    ],
    "stds": [
      0.0,
      0.0,
      0.0,
      0.0,
      0.0,
      0.0,
      0.0,
      0.0,
      0.0,
      0.0,
      0.0,
      0.0,
      0.0,
      0.0,
      0.0,
      0.0,
      0.0,
      0.0,
      0.0,
      0.0,
      0.0,
      0.0,
      0.0,
      0.0,
      0.0,
      0.0,
      0.0,
      0.0,
      0.0,
      0.0,
      0.0,
      0.0,
      0.0,
      0.0,
      0.0,
      0.0,
      0.0,
      0.0,
      0.0,
      0.0,
      0.0,
      0.0,
      0.0,
      0.0,
      0.0,
      0.0,
      0.0,
      0.0,
      0.0,
      0.0,
      0.0,
      0.0,
      0.0,
      0.0,
      0.0,
      0.0,
      0.0,
      0.0,
      0.0,
      0.0
    ]
  },
  "test_accuracy/FedAvg": {
    "means": [
      0.8444444444444444,
      0.8805555555555555,
      0.9055555555555556,
      0.925,
      0.925,
      0.925,
      0.9277777777777778,
      0.9277777777777778,
      0.9277777777777778,
      0.9277777777777778,
      0.9333333333333333,
      0.9361111111111111,
      0.9388888888888889,
      0.9361111111111111,
      0.9333333333333333,
      0.95,
      0.9472222222222222,
      0.9472222222222222,
      0.9527777777777777,
      0.9472222222222222,
      0.9555555555555556,
      0.9583333333333334,
      0.9583333333333334,
      0.9583333333333334,
      0.9583333333333334,
      0.9555555555555556,
      0.9583333333333334,
      0.9555555555555556,
      0.9583333333333334,
      0.9666666666666667,
      0.9638888888888889,
      0.9666666666666667,
      0.9638888888888889,
      0.9638888888888889,
      0.9694444444444444,
      0.9638888888888889,
      0.9638888888888889,
      0.9638888888888889,
      0.9638888888888889,
      0.9666666666666667,
      0.9638888888888889,
      0.9638888888888889,
      0.9638888888888889,
      0.9638888888888889,
      0.9638888888888889,
      0.9638888888888889,
      0.9638888888888889,
      0.9638888888888889,
      0.9638888888888889,
      0.9638888888888889,
      0.9638888888888889,
      0.9638888888888889,
      0.9638888888888889,
      0.9638888888888889,
      0.9638888888888889,
      0.9638888888888889,
      0.9638888888888889,
      0.9638888888888889,
      0.9638888888888889,
      0.9638888888888889
    ],
    "stds": [
      0.0,
      0.0,
      0.0,
      0.0,
      0.0,
      0.0,
      0.0,
      0.0,
      0.0,
      0.0,
      0.0,
      0.0,
      0.0,
      0.0,
      0.0,
      0.0,
      0.0,
      0.0,
      0.0,
      0.0,
      0.0,
      0.0,
      0.0,
      0.0,
      0.0,
      0.0,
      0.0,
      0.0,
      0.0,
      0.0,
      0.0,
      0.0,
      0.0,
      0.0,
      0.0,
      0.0,
      0.0,
      0.0,
      0.0,
      0.0,
      0.0,
      0.0,
      0.0,
      0.0,
      0.0,
      0.0,
      0.0,
      0.0,
      0.0,
      0.0,
      0.0,
      0.0,
      0.0,
      0.0,
      0.0,
      0.0,
      0.0,
      0.0,
      0.0,
      0.0
    ]
  },