{
  "train_loss_fedavg": {
    "means": [
      1.4375028737637494,
      0.9021499845996073,
      0.6547050456942033,
      0.48814375327690035,
      0.38303199291147705,
      0.33743732229961554,
      0.32559292870683626,
      0.2877820434323715,
      0.26732896410543044,
      0.2323752895323132,
      0.2133969439850426,
      0.1849691831351859,
      0.1720793464206735,
      0.16724387229391557,
      0.16834615338574815,
      0.15774488659870553,
      0.1515002315454378,
      0.14074429301487887,
      0.1311077829354745,
      0.12648632492603923,
      0.12164079955796507,
      0.1173369605160859,
      0.11361165319328467,
      0.10987161826173612,
      0.10384801939906702,
      0.10245567761218664,
      0.09925147498542466,
      0.09656632711910443,
      0.09538641934037216,
      0.09622893186665789,
      0.09391733932570345,
      0.09221401774553793,
      0.08754475863321408,
      0.08422700312681283,
      0.08090392030997495,
      0.07835476747775519,
      0.07671826476753381,
      0.07463279929207718,
      0.07408860582002547,
      0.07188540742003204,
      0.07082968880402354,
      0.06849073352069265,
      0.0680767129846887,
      0.06736808899872863,
      0.06660911524568053,
      0.0651267081263605,
      0.06434433474186127,
      0.06311556471065477,
      0.06259706387898785,
      0.062202765516676535
    ],
    "stds": [
      0.0,
      0.0,
      0.0,
      0.0,
      0.0,
      0.0,
      0.0,
      0.0,
      0.0,
      0.0,
      0.0,
      0.0,
      0.0,
      0.0,
      0.0,
      0.0,
      0.0,
      0.0,
      0.0,
      0.0,
      0.0,
      0.0,
      0.0,
      0.0,
      0.0,
      0.0,
      0.0,
      0.0,
      0.0,
      0.0,
      0.0,
      0.0,
      0.0,
      0.0,
      0.0,
      0.0,
      0.0,
      0.0,
      0.0,
      0.0,
      0.0,
      0.0,
      0.0,
      0.0,
      0.0,
      0.0,
      0.0,
      0.0,
      0.0,
      0.0
    ]
  },
  "train_loss_sfedavg": {
    "means": [
      2.024316627757701,
      1.7713023354388056,
      1.5469799980903867,
      1.3808267862738364,
      1.260718333941978,
      1.110717696297626,
      1.0068925362339585,
      0.927319704846773,
      0.8703563856475032,
      0.8136539759738965,
      0.7648633892812029,
      0.7228718319975947,
      0.6868872975622946,
      0.6579490428566738,
      0.6337661453558396,
      0.6031221696458428,
      0.5875732552659956,
      0.5590205711487419,
      0.538487810689825,
      0.518247386350614,
      0.4991254768193185,
      0.4857979146619831,
      0.47627812524423957,
      0.46391139361055955,
      0.44657272022032873,
      0.43900941445874736,
      0.4269457635500012,
      0.4189804165422203,
      0.40771834017972325,
      0.4021238474321665,
      0.39496442522055825,
      0.3869157317856558,
      0.3787558690254423,
      0.3706154616017057,
      0.3626997911321223,
      0.3562863902673333,
      0.34836680085949434,
      0.3428988527928923,
      0.33888603889972035,
      0.33435453282765604,
      0.3283230750323177,
      0.3223570793086881,
      0.3185965042279355,
      0.3152445490926257,
      0.31226577201739486,
      0.3075614664019348,
      0.3040107469300492,
      0.29987302925566156,
      0.29493934816512657,
      0.29173408993118516
    ],
    "stds": [
      0.0,
      0.0,
      0.0,
      0.0,
      0.0,
      0.0,
      0.0,
      0.0,
      0.0,
      0.0,
      0.0,
      0.0,
      0.0,
      0.0,
      0.0,
      0.0,
      0.0,
      0.0,
      0.0,
      0.0,
      0.0,
      0.0,
      0.0,
      0.0,
      0.0,
      0.0,
      0.0,
      0.0,
      0.0,
      0.0,
      0.0,
      0.0,
      0.0,
      0.0,
      0.0,
      0.0,
      0.0,
      0.0,
      0.0,
      0.0,
      0.0,
      0.0,
      0.0,
      0.0,
      0.0,
      0.0,
      0.0,
      0.0,
      0.0,
      0.0
    ]
  },
  "test_acc_fedavg": {
    "means": [
      0.7388888888888889,
      0.75,
      0.7944444444444444,
      0.8472222222222222,
      0.8777777777777778,
      0.8805555555555555,
      0.8833333333333333,
      0.8944444444444445,
      0.9111111111111111,
      0.925,
      0.9222222222222223,
      0.9277777777777778,
      0.9361111111111111,
      0.9333333333333333,
      0.9388888888888889,
      0.9416666666666667,
      0.9333333333333333,
      0.9416666666666667,
      0.9333333333333333,
      0.9416666666666667,
      0.9333333333333333,
      0.9361111111111111,
      0.9361111111111111,
      0.9388888888888889,
      0.9388888888888889,
      0.9333333333333333,
      0.9305555555555556,
      0.9361111111111111,
      0.9333333333333333,
      0.9305555555555556,
      0.9305555555555556,
      0.9305555555555556,
      0.9361111111111111,
      0.9361111111111111,
      0.9333333333333333,
      0.9305555555555556,
      0.9333333333333333,
      0.9361111111111111,
      0.9388888888888889,
      0.9361111111111111,
      0.9416666666666667,
      0.9416666666666667,
      0.9416666666666667,
      0.9416666666666667,
      0.9416666666666667,
      0.9416666666666667,
      0.9472222222222222,
      0.9444444444444444,
      0.9416666666666667,
      0.9444444444444444
    ],
    "stds": [
      0.0,
      0.0,
      0.0,
      0.0,
      0.0,
      0.0,
      0.0,
      0.0,
      0.0,
      0.0,
      0.0,
      0.0,
      0.0,
      0.0,
      0.0,
      0.0,
      0.0,
      0.0,
      0.0,
      0.0,
      0.0,
      0.0,
      0.0,
      0.0,
      0.0,
      0.0,
      0.0,
      0.0,
      0.0,
      0.0,
      0.0,
      0.0,
      0.0,
      0.0,
      0.0,
      0.0,
      0.0,
      0.0,
      0.0,
      0.0,
      0.0,
      0.0,
      0.0,
      0.0,
      0.0,
      0.0,
      0.0,
      0.0,
      0.0,
      0.0
    ]
  },
  "test_acc_sfedavg": {
    "means": [
      0.5666666666666667,
      0.6444444444444445,
      0.7055555555555556,
      0.7222222222222222,
      0.7611111111111111,
      0.7666666666666667,
      0.7666666666666667,
      0.7944444444444444,
      0.8111111111111111,
      0.8222222222222222,
      0.8388888888888889,
      0.8527777777777777,
      0.8611111111111112,
      0.8638888888888889,
      0.8638888888888889,
      0.8722222222222222,
      0.8694444444444445,
      0.8777777777777778,
      0.8722222222222222,
      0.8805555555555555,
      0.8861111111111111,
      0.8944444444444445,
      0.8972222222222223,
      0.8972222222222223,
      0.9055555555555556,
      0.9055555555555556,
      0.9083333333333333,
      0.9083333333333333,
      0.9111111111111111,
      0.9083333333333333,
      0.9083333333333333,
      0.9138888888888889,
      0.9166666666666666,
      0.9194444444444444,
      0.9222222222222223,
      0.9222222222222223,
      0.9222222222222223,
      0.9222222222222223,
      0.9194444444444444,
      0.9222222222222223,
      0.9194444444444444,
      0.925,
      0.9222222222222223,
      0.9222222222222223,
      0.9222222222222223,
      0.925,
      0.925,
      0.9277777777777778,
      0.925,
      0.925
    ],
    "stds": [
      0.0,
      0.0,
      0.0,
      0.0,
      0.0,
      0.0,
      0.0,
      0.0,
      0.0,
      0.0,
      0.0,
      0.0,
      0.0,
      0.0,
      0.0,
      0.0,
      0.0,
      0.0,
      0.0,
      0.0,
      0.0,
      0.0,
      0.0,
      0.0,
      0.0,
      0.0,
      0.0,
      0.0,
      0.0,
      0.0,
      0.0,
      0.0,
      0.0,
      0.0,
      0.0,
      0.0,
      0.0,
      0.0,
      0.0,
      0.0,
      0.0,
      0.0,
      0.0,
      0.0,
      0.0,
      0.0,
      0.0,
      0.0,
      0.0,
      0.0
    ]
  },