{
  "train_loss_fedavg": {
    "means": [
      1.8810283348873909,
      1.5577734374178336,
      1.334686614534187,
      1.1797533306617438,
      1.0607236472920747,
      0.9740259582451825,
      0.9085104192994986,
      0.8543943220499313,
      0.8100787807674777,
      0.7737542428596837,
      0.7416658154271913,
      0.7149472053985252,
      0.6912751528939245,
      0.6710940960343842,
      0.6520455200029415,
      0.6354176544140685,
      0.6208728119423381,
      0.6076238165582923,
      0.5955321677784156,
      0.5843330841327345,
      0.573694476698617,
      0.5645097056661844,
      0.5551188008121922,
      0.5467433411175681,
      0.5390858201806972,
      0.5316535098923701,
      0.52471977257039,
      0.5186725266042719,
      0.5124182583627542,
      0.5062008223840316,
      0.5002304678061094,
      0.4953762907483923,
      0.490339222997588,
      0.4854097444199755,
      0.47997883118353796,
      0.47555454110773665,
      0.4715955656667197,
      0.4673197503191106,
      0.4640147545180021,
      0.4602127022282499,
      0.4566534040472625,
      0.4531724042503796,
      0.4498759673009469,
      0.4472366533538858,
      0.4442732333462557,
      0.44130509956975716,
      0.4386491205593181,
      0.43575772171544813,
      0.4330706202037098,
      0.43027969582924075
    ],
    "stds": [
      0.0,
      0.0,
      0.0,
      0.0,
      0.0,
      0.0,
      0.0,
      0.0,
      0.0,
      0.0,
      0.0,
      0.0,
      0.0,
      0.0,
      0.0,
      0.0,
      0.0,
      0.0,
      0.0,
      0.0,
      0.0,
      0.0,
      0.0,
      0.0,
      0.0,
      0.0,
      0.0,
      0.0,
      0.0,
      0.0,
      0.0,
      0.0,
      0.0,
      0.0,
      0.0,
      0.0,
      0.0,
      0.0,
      0.0,
      0.0,
      0.0,
      0.0,
      0.0,
      0.0,
      0.0,
      0.0,
      0.0,
      0.0,
      0.0,
      0.0
    ]
  },
  "test_acc_fedavg": {
    "means": [
      0.6325,
      0.67625,
      0.6975,
      0.7175,
      0.73,
      0.73625,
      0.745,
      0.74875,
      0.75625,
      0.77,
      0.77625,
      0.77375,
      0.7725,
      0.77875,
      0.7775,
      0.77625,
      0.7825,
      0.78625,
      0.78625,
      0.79,
      0.78125,
      0.785,
      0.785,
      0.78375,
      0.77375,
      0.77875,
      0.78375,
      0.78125,
      0.78125,
      0.78,
      0.785,
      0.7825,
      0.78375,
      0.78625,
      0.79,
      0.7875,
      0.79375,
      0.78875,
      0.78375,
      0.79,
      0.79125,
      0.79,
      0.78875,
      0.79,
      0.7875,
      0.79,
      0.7975,
      0.7975,
      0.79625,
      0.79625
    ],
    "stds": [
      0.0,
      0.0,
      0.0,
      0.0,
      0.0,
      0.0,
      0.0,
      0.0,
      0.0,
      0.0,
      0.0,
      0.0,
      0.0,
      0.0,
      0.0,
      0.0,
      0.0,
      0.0,
      0.0,
      0.0,
      0.0,
      0.0,
      0.0,
      0.0,
      0.0,
      0.0,
      0.0,
      0.0,
      0.0,
      0.0,
      0.0,
      0.0,
      0.0,
      0.0,
      0.0,
      0.0,
      0.0,
      0.0,
      0.0,
      0.0,
      0.0,
      0.0,
      0.0,
      0.0,
      0.0,
      0.0,
      0.0,
      0.0,
      0.0,
      0.0
    ]
  },
  "comm_eff_fedavg": {
    "means": [
      1.0,
      2.0,
      3.0,
      4.0,
      5.0,
      6.0,
      7.0,
      8.0,
      9.0,
      10.0,
      11.0,
      12.0,
      13.0,
      14.0,
      15.0,
      16.0,
      17.0,
      18.0,
      19.0,
      20.0,
      21.0,
      22.0,
      23.0,
      24.0,
      25.0,
      26.0,
      27.0,
      28.0,
      29.0,
      30.0,
      31.0,
      32.0,
      33.0,
      34.0,
      35.0,
      36.0,
      37.0,
      38.0,
      39.0,
      40.0,
      41.0,
      42.0,
      43.0,
      44.0,
      45.0,
      46.0,
      47.0,
      48.0,
      49.0,
      50.0
    ],
    "stds": [
      0.0,
      0.0,
      0.0,
      0.0,
      0.0,
      0.0,
      0.0,
      0.0,
      0.0,
      0.0,
      0.0,
      0.0,
      0.0,
      0.0,
      0.0,
      0.0,
      0.0,
      0.0,
      0.0,
      0.0,
      0.0,
      0.0,
      0.0,
      0.0,
      0.0,
      0.0,
      0.0,
      0.0,
      0.0,
      0.0,
      0.0,
      0.0,
      0.0,
      0.0,
      0.0,
      0.0,
      0.0,
      0.0,
      0.0,
      0.0,
      0.0,
      0.0,
      0.0,
      0.0,
      0.0,
      0.0,
      0.0,
      0.0,
      0.0,
      0.0
    ]
  },
  "train_loss_sfedavg": {
    "means": [
      2.202144724954149,
      2.1255127251860046,
      2.0622880588693464,
      1.9803671444533715,
      1.9023449028055028,
      1.8302834387742366,
      1.7632558990356864,
      1.710027129884785,
      1.657400040558468,
      1.6033194975332241,
      1.5605384155463542,
      1.5221238633448269,
      1.4821980032941497,
      1.4367914396749422,
      1.4078472563959037,
      1.3758053163738373,
      1.3470119154846287,
      1.317906410293989,
      1.2901485190736737,
      1.2591342642876435,
      1.2331069532626957,
      1.2098507535419005,
      1.1797409771565655,
      1.1546205198863202,
      1.131226585377739,
      1.1108194716509603,
      1.0899175248125155,
      1.0770704818914631,
      1.0593129743568555,
      1.042447091601241,
      1.0304644290799099,
      1.0180039853693037,
      1.002391749800017,
      0.9870765806851245,
      0.9750439804474546,
      0.963264895206655,
      0.953135285218404,
      0.9403659669544353,
      0.9274896027427669,
      0.916320573400691,
      0.9080194512720161,
      0.896465873605668,
      0.8856660718412966,
      0.8752182811341004,
      0.8652576891449923,
      0.8573196449212859,
      0.849632678830387,
      0.8415609049118047,
      0.8338686950500704,
      0.8275854671777765
    ],
    "stds": [
      0.0,
      0.0,
      0.0,
      0.0,
      0.0,
      0.0,
      0.0,
      0.0,
      0.0,
      0.0,
      0.0,
      0.0,
      0.0,
      0.0,
      0.0,
      0.0,
      0.0,
      0.0,
      0.0,
      0.0,
      0.0,
      0.0,
      0.0,
      0.0,
      0.0,
      0.0,
      0.0,
      0.0,
      0.0,
      0.0,
      0.0,
      0.0,
      0.0,
      0.0,
      0.0,
      0.0,
      0.0,
      0.0,
      0.0,
      0.0,
      0.0,
      0.0,
      0.0,
      0.0,
      0.0,
      0.0,
      0.0,
      0.0,
      0.0,
      0.0
    ]
  },
  "test_acc_sfedavg": {
    "means": [
      0.25625,
      0.33,
      0.37125,
      0.40875,
      0.45875,
      0.4775,
      0.49125,
      0.50375,
      0.51875,
      0.5375,
      0.55,
      0.54875,
      0.55125,
      0.56375,
      0.55625,
      0.5725,
      0.59,
      0.5925,
      0.60625,
      0.62,
      0.63,
      0.64375,
      0.65375,
      0.65875,
      0.66,
      0.67,
      0.6675,
      0.66875,
      0.67625,
      0.6825,
      0.68,
      0.68625,
      0.695,
      0.69,
      0.695,
      0.69,
      0.695,
      0.71125,
      0.71875,
      0.7225,
      0.7275,
      0.7325,
      0.73125,
      0.73125,
      0.7325,
      0.7375,
      0.73125,
      0.74,
      0.73875,
      0.74375
    ],
    "stds": [
      0.0,
      0.0,
      0.0,
      0.0,
      0.0,
      0.0,
      0.0,
      0.0,
      0.0,
      0.0,
      0.0,
      0.0,
      0.0,
      0.0,
      0.0,
      0.0,
      0.0,
      0.0,
      0.0,
      0.0,
      0.0,
      0.0,
      0.0,
      0.0,
      0.0,
      0.0,
      0.0,
      0.0,
      0.0,
      0.0,
      0.0,
      0.0,
      0.0,
      0.0,
      0.0,
      0.0,
      0.0,
      0.0,
      0.0,
      0.0,
      0.0,
      0.0,
      0.0,
      0.0,
      0.0,
      0.0,
      0.0,
      0.0,
      0.0,
      0.0
    ]
  },