{
  "train_loss_fedavg": {
    "means": [
      1.9241736517085872,
      1.6476159638040664,
      1.4480772086828182,
      1.2990425001268295,
      1.1866572815641196,
      1.09920429374783,
      1.0272276391109683,
      0.969969958949351,
      0.9224569275676657,
      0.8806898112909317,
      0.844976815864236,
      0.8144654726464019,
      0.7878089604179521,
      0.7633148267328305,
      0.7420441550352598,
      0.7222965938320348,
      0.7050822669460988,
      0.6881801355850016,
      0.6735580508313709,
      0.6603616675783034,
      0.6480310655373603,
      0.6362329227822784,
      0.6251086074673694,
      0.6154098431979785,
      0.6057491901769668,
      0.5964466638322391,
      0.5883806266976233,
      0.5800999715208062,
      0.5731746977821939,
      0.5660312819997138,
      0.5594204684931493,
      0.5531456857285524,
      0.5466144192604733,
      0.5403985191438132,
      0.5347436746796674,
      0.5296091314766894,
      0.5250151325216044,
      0.5200646665932502,
      0.5153878706293172,
      0.511150493794102,
      0.5066911343048139,
      0.5025943496995617,
      0.49846293790965407,
      0.49447568730664493,
      0.4908282479587837,
      0.48725065943645435,
      0.4837837114844204,
      0.4804986163912732,
      0.47701804803081077,
      0.4740756631130034
    ],
    "stds": [
      0.0,
      0.0,
      0.0,
      0.0,
      0.0,
      0.0,
      0.0,
      0.0,
      0.0,
      0.0,
      0.0,
      0.0,
      0.0,
      0.0,
      0.0,
      0.0,
      0.0,
      0.0,
      0.0,
      0.0,
      0.0,
      0.0,
      0.0,
      0.0,
      0.0,
      0.0,
      0.0,
      0.0,
      0.0,
      0.0,
      0.0,
      0.0,
      0.0,
      0.0,
      0.0,
      0.0,
      0.0,
      0.0,
      0.0,
      0.0,
      0.0,
      0.0,
      0.0,
      0.0,
      0.0,
      0.0,
      0.0,
      0.0,
      0.0,
      0.0
    ]
  },
  "test_acc_fedavg": {
    "means": [
      0.63625,
      0.6925,
      0.71,
      0.72375,
      0.73625,
      0.73625,
      0.74875,
      0.75,
      0.73625,
      0.75,
      0.765,
      0.7625,
      0.75625,
      0.76625,
      0.77,
      0.765,
      0.7725,
      0.76875,
      0.77,
      0.7775,
      0.76875,
      0.775,
      0.7825,
      0.78,
      0.7825,
      0.7775,
      0.7825,
      0.77875,
      0.77875,
      0.7825,
      0.785,
      0.78875,
      0.7825,
      0.7875,
      0.78375,
      0.78625,
      0.785,
      0.78125,
      0.7825,
      0.7875,
      0.785,
      0.7875,
      0.7875,
      0.79125,
      0.79,
      0.78625,
      0.78625,
      0.7875,
      0.79375,
      0.79625
    ],
    "stds": [
      0.0,
      0.0,
      0.0,
      0.0,
      0.0,
      0.0,
      0.0,
      0.0,
      0.0,
      0.0,
      0.0,
      0.0,
      0.0,
      0.0,
      0.0,
      0.0,
      0.0,
      0.0,
      0.0,
      0.0,
      0.0,
      0.0,
      0.0,
      0.0,
      0.0,
      0.0,
      0.0,
      0.0,
      0.0,
      0.0,
      0.0,
      0.0,
      0.0,
      0.0,
      0.0,
      0.0,
      0.0,
      0.0,
      0.0,
      0.0,
      0.0,
      0.0,
      0.0,
      0.0,
      0.0,
      0.0,
      0.0,
      0.0,
      0.0,
      0.0
    ]
  },
  "comm_eff_fedavg": {
    "means": [
      1.0,
      2.0,
      3.0,
      4.0,
      5.0,
      6.0,
      7.0,
      8.0,
      9.0,
      10.0,
      11.0,
      12.0,
      13.0,
      14.0,
      15.0,
      16.0,
      17.0,
      18.0,
      19.0,
      20.0,
      21.0,
      22.0,
      23.0,
      24.0,
      25.0,
      26.0,
      27.0,
      28.0,
      29.0,
      30.0,
      31.0,
      32.0,
      33.0,
      34.0,
      35.0,
      36.0,
      37.0,
      38.0,
      39.0,
      40.0,
      41.0,
      42.0,
      43.0,
      44.0,
      45.0,
      46.0,
      47.0,
      48.0,
      49.0,
      50.0
    ],
    "stds": [
      0.0,
      0.0,
      0.0,
      0.0,
      0.0,
      0.0,
      0.0,
      0.0,
      0.0,
      0.0,
      0.0,
      0.0,
      0.0,
      0.0,
      0.0,
      0.0,
      0.0,
      0.0,
      0.0,
      0.0,
      0.0,
      0.0,
      0.0,
      0.0,
      0.0,
      0.0,
      0.0,
      0.0,
      0.0,
      0.0,
      0.0,
      0.0,
      0.0,
      0.0,
      0.0,
      0.0,
      0.0,
      0.0,
      0.0,
      0.0,
      0.0,
      0.0,
      0.0,
      0.0,
      0.0,
      0.0,
      0.0,
      0.0,
      0.0,
      0.0
    ]
  },
  "train_loss_sfedavg": {
    "means": [
      2.2090013828262873,
      2.1343432300152716,
      2.06075691070082,
      1.975006701135735,
      1.9193402324907531,
      1.865143520935016,
      1.8100681704618902,
      1.7633500348856967,
      1.7090129155442007,
      1.6602383399653127,
      1.6139551894552506,
      1.5708463283555982,
      1.5315491559441414,
      1.4952681985852165,
      1.45731324261229,
      1.4246634272598504,
      1.3924555055848682,
      1.3616046829441495,
      1.329858384125423,
      1.301948303591238,
      1.2768109621910335,
      1.2491086164394465,
      1.2250684505231229,
      1.2053991343265997,
      1.1873772565160419,
      1.1656277794488181,
      1.1454496707365234,
      1.130144934041217,
      1.1130293786941208,
      1.0955328388488044,
      1.0815178687341775,
      1.0681754926342624,
      1.0533890172685967,
      1.0414149807439288,
      1.0277671952619531,
      1.0150152978136482,
      1.002961256125048,
      0.9929887192220218,
      0.9826399845848272,
      0.9737535390189813,
      0.9622444491402621,
      0.9520616831630897,
      0.9403158018401715,
      0.9308605206484434,
      0.9217147689446145,
      0.9130280745973064,
      0.9047976540898283,
      0.8969533448085686,
      0.8883456533157289,
      0.8802134368454645
    ],
    "stds": [
      0.0,
      0.0,
      0.0,
      0.0,
      0.0,
      0.0,
      0.0,
      0.0,
      0.0,
      0.0,
      0.0,
      0.0,
      0.0,
      0.0,
      0.0,
      0.0,
      0.0,
      0.0,
      0.0,
      0.0,
      0.0,
      0.0,
      0.0,
      0.0,
      0.0,
      0.0,
      0.0,
      0.0,
      0.0,
      0.0,
      0.0,
      0.0,
      0.0,
      0.0,
      0.0,
      0.0,
      0.0,
      0.0,
      0.0,
      0.0,
      0.0,
      0.0,
      0.0,
      0.0,
      0.0,
      0.0,
      0.0,
      0.0,
      0.0,
      0.0
    ]
  },
  "test_acc_sfedavg": {
    "means": [
      0.2475,
      0.335,
      0.38625,
      0.43875,
      0.46125,
      0.48125,
      0.52125,
      0.5275,
      0.5375,
      0.555,
      0.56625,
      0.58625,
      0.59375,
      0.60125,
      0.61875,
      0.6275,
      0.635,
      0.65,
      0.64,
      0.655,
      0.655,
      0.65875,
      0.65375,
      0.64625,
      0.6475,
      0.65625,
      0.6625,
      0.6575,
      0.6675,
      0.67375,
      0.675,
      0.6875,
      0.685,
      0.69125,
      0.69875,
      0.7025,
      0.71,
      0.71625,
      0.72125,
      0.725,
      0.72875,
      0.725,
      0.73,
      0.735,
      0.73625,
      0.7375,
      0.7425,
      0.7375,
      0.74125,
      0.7425
    ],
    "stds": [
      0.0,
      0.0,
      0.0,
      0.0,
      0.0,
      0.0,
      0.0,
      0.0,
      0.0,
      0.0,
      0.0,
      0.0,
      0.0,
      0.0,
      0.0,
      0.0,
      0.0,
      0.0,
      0.0,
      0.0,
      0.0,
      0.0,
      0.0,
      0.0,
      0.0,
      0.0,
      0.0,
      0.0,
      0.0,
      0.0,
      0.0,
      0.0,
      0.0,
      0.0,
      0.0,
      0.0,
      0.0,
      0.0,
      0.0,
      0.0,
      0.0,
      0.0,
      0.0,
      0.0,
      0.0,
      0.0,
      0.0,
      0.0,
      0.0,
      0.0
    ]
  },