{
  "train_loss": {
    "means": [
      2.2956961526593083,
      2.2900790341170043,
      2.284469807472825,
      2.275123302957111,
      2.267455137016826,
      2.259366150892701,
      2.25034688505053,
      2.239283544567243,
      2.231060098493452,
      2.2243270125169805,
      2.2182165428996705,
      2.209293793186352,
      2.2051854127776207,
      2.1989897438199852,
      2.188255837706662,
      2.1817177010533384,
      2.175090780597082,
      2.1674447419234446,
      2.1603450261851487,
      2.1552416636293903,
      2.145902606952733,
      2.1397653999552975,
      2.1299876607003525,
      2.121557840414184,
      2.115115978177099,
      2.109662848997989,
      2.102468076204651,
      2.0935147300117065,
      2.086567405555932,
      2.0816073055210804,
      2.0722399492211685,
      2.062138539232031,
      2.0545213539605345,
      2.047110888894059,
      2.042792023843597,
      2.0376418357332984,
      2.0313312180712697,
      2.0235296417277264,
      2.0179556889015786,
      2.0119434921054675,
      2.0076276433535982,
      2.002054725391746,
      1.9961634460560385,
      1.9881968292525685,
      1.9809939771631677,
      1.9738273767557684,
      1.968582966517803,
      1.9627123097407424,
      1.9565836987148617,
      1.9495659786430803
    ],
    "stds": [
      0.0,
      0.0,
      0.0,
      0.0,
      0.0,
      0.0,
      0.0,
      0.0,
      0.0,
      0.0,
      0.0,
      0.0,
      0.0,
      0.0,
      0.0,
      0.0,
      0.0,
      0.0,
      0.0,
      0.0,
      0.0,
      0.0,
      0.0,
      0.0,
      0.0,
      0.0,
      0.0,
      0.0,
      0.0,
      0.0,
      0.0,
      0.0,
      0.0,
      0.0,
      0.0,
      0.0,
      0.0,
      0.0,
      0.0,
      0.0,
      0.0,
      0.0,
      0.0,
      0.0,
      0.0,
      0.0,
      0.0,
      0.0,
      0.0,
      0.0
    ]
  },
  "test_accuracy": {
    "means": [
      0.2235,
      0.2445,
      0.29,
      0.346,
      0.382,
      0.421,
      0.454,
      0.478,
      0.482,
      0.497,
      0.499,
      0.5245,
      0.5215,
      0.5335,
      0.5415,
      0.5485,
      0.5575,
      0.572,
      0.5855,
      0.5835,
      0.603,
      0.599,
      0.615,
      0.6145,
      0.6125,
      0.6145,
      0.626,
      0.621,
      0.623,
      0.6325,
      0.6395,
      0.648,
      0.657,
      0.646,
      0.657,
      0.658,
      0.6575,
      0.656,
      0.669,
      0.675,
      0.6715,
      0.675,
      0.6795,
      0.6755,
      0.6805,
      0.6855,
      0.6835,
      0.6855,
      0.689,
      0.694
    ],
    "stds": [
      0.0,
      0.0,
      0.0,
      0.0,
      0.0,
      0.0,
      0.0,
      0.0,
      0.0,
      0.0,
      0.0,
      0.0,
      0.0,
      0.0,
      0.0,
      0.0,
      0.0,
      0.0,
      0.0,
      0.0,
      0.0,
      0.0,
      0.0,
      0.0,
      0.0,
      0.0,
      0.0,
      0.0,
      0.0,
      0.0,
      0.0,
      0.0,
      0.0,
      0.0,
      0.0,
      0.0,
      0.0,
      0.0,
      0.0,
      0.0,
      0.0,
      0.0,
      0.0,
      0.0,
      0.0,
      0.0,
      0.0,
      0.0,
      0.0,
      0.0
    ]
  },
  "uplink_floats": {
    "means": [
      200.0,
      400.0,
      600.0,
      800.0,
      1000.0,
      1200.0,
      1400.0,
      1600.0,
      1800.0,
      2000.0,
      2200.0,
      2400.0,
      2600.0,
      2800.0,
      3000.0,
      3200.0,
      3400.0,
      3600.0,
      3800.0,
      4000.0,
      4200.0,
      4400.0,
      4600.0,
      4800.0,
      5000.0,
      5200.0,
      5400.0,
      5600.0,
      5800.0,
      6000.0,
      6200.0,
      6400.0,
      6600.0,
      6800.0,
      7000.0,
      7200.0,
      7400.0,
      7600.0,
      7800.0,
      8000.0,
      8200.0,
      8400.0,
      8600.0,
      8800.0,
      9000.0,
      9200.0,
      9400.0,
      9600.0,
      9800.0,
      10000.0
    ],
    "stds": [
      0.0,
      0.0,
      0.0,
      0.0,
      0.0,
      0.0,
      0.0,
      0.0,
      0.0,
      0.0,
      0.0,
      0.0,
      0.0,
      0.0,
      0.0,
      0.0,
      0.0,
      0.0,
      0.0,
      0.0,
      0.0,
      0.0,
      0.0,
      0.0,
      0.0,
      0.0,
      0.0,
      0.0,
      0.0,
      0.0,
      0.0,
      0.0,
      0.0,
      0.0,
      0.0,
      0.0,
      0.0,
      0.0,
      0.0,
      0.0,
      0.0,
      0.0,
      0.0,
      0.0,
      0.0,
      0.0,
      0.0,
      0.0,
      0.0,
      0.0
    ]
  },
  "downlink_floats": {
    "means": [
      1800.0,
      3600.0,
      5400.0,
      7200.0,
      9000.0,
      10800.0,
      12600.0,
      14400.0,
      16200.0,
      18000.0,
      19800.0,
      21600.0,
      23400.0,
      25200.0,
      27000.0,
      28800.0,
      30600.0,
      32400.0,
      34200.0,
      36000.0,
      37800.0,
      39600.0,
      41400.0,
      43200.0,
      45000.0,
      46800.0,
      48600.0,
      50400.0,
      52200.0,
      54000.0,
      55800.0,
      57600.0,
      59400.0,
      61200.0,
      63000.0,
      64800.0,
      66600.0,
      68400.0,
      70200.0,
      72000.0,
      73800.0,
      75600.0,
      77400.0,
      79200.0,
      81000.0,
      82800.0,
      84600.0,
      86400.0,
      88200.0,
      90000.0
    ],
    "stds": [
      0.0,
      0.0,
      0.0,
      0.0,
      0.0,
      0.0,
      0.0,
      0.0,
      0.0,
      0.0,
      0.0,
      0.0,
      0.0,
      0.0,
      0.0,
      0.0,
      0.0,
      0.0,
      0.0,
      0.0,
      0.0,
      0.0,
      0.0,
      0.0,
      0.0,
      0.0,
      0.0,
      0.0,
      0.0,
      0.0,
      0.0,
      0.0,
      0.0,
      0.0,
      0.0,
      0.0,
      0.0,
      0.0,
      0.0,
      0.0,
      0.0,
      0.0,
      0.0,
      0.0,
      0.0,
      0.0,
      0.0,
      0.0,
      0.0,
      0.0
    ]
  },
  "total_floats": {
    "means": [
      2000.0,
      4000.0,
      6000.0,
      8000.0,
      10000.0,
      12000.0,
      14000.0,
      16000.0,
      18000.0,
      20000.0,
      22000.0,
      24000.0,
      26000.0,
      28000.0,
      30000.0,
      32000.0,
      34000.0,
      36000.0,
      38000.0,
      40000.0,
      42000.0,
      44000.0,
      46000.0,
      48000.0,
      50000.0,
      52000.0,
      54000.0,
      56000.0,
      58000.0,
      60000.0,
      62000.0,
      64000.0,
      66000.0,
      68000.0,
      70000.0,
      72000.0,
      74000.0,
      76000.0,
      78000.0,
      80000.0,
      82000.0,
      84000.0,
      86000.0,
      88000.0,
      90000.0,
      92000.0,
      94000.0,
      96000.0,
      98000.0,
      100000.0
    ],
    "stds": [
      0.0,
      0.0,
      0.0,
      0.0,
      0.0,
      0.0,
      0.0,
      0.0,
      0.0,
      0.0,
      0.0,
      0.0,
      0.0,
      0.0,
      0.0,
      0.0,
      0.0,
      0.0,
      0.0,
      0.0,
      0.0,
      0.0,
      0.0,
      0.0,
      0.0,
      0.0,
      0.0,
      0.0,
      0.0,
      0.0,
      0.0,
      0.0,
      0.0,
      0.0,
      0.0,
      0.0,
      0.0,
      0.0,
      0.0,
      0.0,
      0.0,
      0.0,
      0.0,
      0.0,
      0.0,
      0.0,
      0.0,
      0.0,
      0.0,
      0.0
    ]
  }
}