{
  "train_loss_fedavg": {
    "means": [
      1.4879313318282226,
      1.0817947092953604,
      0.8627697907660192,
      0.7242853303583087,
      0.6319739280589197,
      0.5656652728621012,
      0.5150283247874534,
      0.4752007332231839,
      0.4429064309254335,
      0.415546122536032,
      0.3925846119874525,
      0.3734657905268678,
      0.35696762636269125,
      0.342142281767906,
      0.32983677842629056,
      0.3181764162217431,
      0.30777348706690294,
      0.29855895448006836,
      0.29050531640332833,
      0.28268506376535607,
      0.27489153148538203,
      0.26809830190775896,
      0.2621787896045455,
      0.2568419674643174,
      0.25177277955186506,
      0.2465436451701298,
      0.24217136290038568,
      0.23751133156470702,
      0.2332669623318535,
      0.22954072616759094,
      0.22590202963164133,
      0.22236372745815342,
      0.2194563141342417,
      0.2157664683642387,
      0.21285579207684627,
      0.2098292540550507,
      0.20701506348978874,
      0.20444298081172996,
      0.20206628329524903,
      0.19982712189530744
    ],
    "stds": [
      0.0,
      0.0,
      0.0,
      0.0,
      0.0,
      0.0,
      0.0,
      0.0,
      0.0,
      0.0,
      0.0,
      0.0,
      0.0,
      0.0,
      0.0,
      0.0,
      0.0,
      0.0,
      0.0,
      0.0,
      0.0,
      0.0,
      0.0,
      0.0,
      0.0,
      0.0,
      0.0,
      0.0,
      0.0,
      0.0,
      0.0,
      0.0,
      0.0,
      0.0,
      0.0,
      0.0,
      0.0,
      0.0,
      0.0,
      0.0
    ]
  },
  "test_acc_fedavg": {
    "means": [
      0.8222222222222222,
      0.85,
      0.8861111111111111,
      0.9,
      0.9083333333333333,
      0.9138888888888889,
      0.9111111111111111,
      0.9166666666666666,
      0.9194444444444444,
      0.9305555555555556,
      0.9305555555555556,
      0.9305555555555556,
      0.9305555555555556,
      0.925,
      0.9277777777777778,
      0.9361111111111111,
      0.9444444444444444,
      0.9444444444444444,
      0.9444444444444444,
      0.9444444444444444,
      0.9472222222222222,
      0.9527777777777777,
      0.9555555555555556,
      0.9555555555555556,
      0.9555555555555556,
      0.9583333333333334,
      0.9583333333333334,
      0.9611111111111111,
      0.9583333333333334,
      0.9583333333333334,
      0.9611111111111111,
      0.9555555555555556,
      0.9583333333333334,
      0.9611111111111111,
      0.9611111111111111,
      0.9611111111111111,
      0.9611111111111111,
      0.9611111111111111,
      0.9611111111111111,
      0.9611111111111111
    ],
    "stds": [
      0.0,
      0.0,
      0.0,
      0.0,
      0.0,
      0.0,
      0.0,
      0.0,
      0.0,
      0.0,
      0.0,
      0.0,
      0.0,
      0.0,
      0.0,
      0.0,
      0.0,
      0.0,
      0.0,
      0.0,
      0.0,
      0.0,
      0.0,
      0.0,
      0.0,
      0.0,
      0.0,
      0.0,
      0.0,
      0.0,
      0.0,
      0.0,
      0.0,
      0.0,
      0.0,
      0.0,
      0.0,
      0.0,
      0.0,
      0.0
    ]
  },
  "comm_MB_fedavg": {
    "means": [
      0.03328,
      0.06656,
      0.09983999999999998,
      0.13312,
      0.1664,
      0.19968,
      0.23296,
      0.26624,
      0.29951999999999995,
      0.33279999999999993,
      0.3660799999999999,
      0.3993599999999999,
      0.43263999999999986,
      0.46591999999999983,
      0.4991999999999998,
      0.5324799999999998,
      0.5657599999999998,
      0.5990399999999998,
      0.6323199999999998,
      0.6655999999999997,
      0.6988799999999997,
      0.7321599999999997,
      0.7654399999999997,
      0.7987199999999997,
      0.8319999999999996,
      0.8652799999999996,
      0.8985599999999996,
      0.9318399999999996,
      0.9651199999999995,
      0.9983999999999995,
      1.0316799999999995,
      1.0649599999999995,
      1.0982399999999994,
      1.1315199999999994,
      1.1647999999999994,
      1.1980799999999994,
      1.2313599999999993,
      1.2646399999999993,
      1.2979199999999993,
      1.3311999999999993
    ],
    "stds": [
      0.0,
      0.0,
      0.0,
      0.0,
      0.0,
      0.0,
      0.0,
      0.0,
      0.0,
      0.0,
      0.0,
      0.0,
      0.0,
      0.0,
      0.0,
      0.0,
      0.0,
      0.0,
      0.0,
      0.0,
      0.0,
      0.0,
      0.0,
      0.0,
      0.0,
      0.0,
      0.0,
      0.0,
      0.0,
      0.0,
      0.0,
      0.0,
      0.0,
      0.0,
      0.0,
      0.0,
      0.0,
      0.0,
      0.0,
      0.0
    ]
  },
  "train_loss_sfedavg": {
    "means": [
      2.0142933971516146,
      1.803463329583773,
      1.5883886209612619,
      1.4728463658969821,
      1.3555607201624238,
      1.2575953609887922,
      1.1739495096329073,
      1.1041232362896118,
      1.0611365599985987,
      0.9942151737466054,
      0.9491697106962314,
      0.9077533927832024,
      0.8724612368489973,
      0.8314582124749692,
      0.7988963750829426,
      0.7613703450019771,
      0.7305295214209085,
      0.7055829573896514,
      0.6861637669786921,
      0.6692029019922338,
      0.6487780367225474,
      0.6312203294005881,
      0.6143751452274571,
      0.5905002544420546,
      0.5767164380655252,
      0.55809072550064,
      0.5435583320609785,
      0.5277808825791588,
      0.5163304973095608,
      0.5031924319571544,
      0.4944799747310356,
      0.4836194816321429,
      0.4729368712144933,
      0.4627993806687972,
      0.4511042935296943,
      0.44186818498592684,
      0.43568125033840976,
      0.4293741925678279,
      0.4218365011981125,
      0.4152971270245531
    ],
    "stds": [
      0.0,
      0.0,
      0.0,
      0.0,
      0.0,
      0.0,
      0.0,
      0.0,
      0.0,
      0.0,
      0.0,
      0.0,
      0.0,
      0.0,
      0.0,
      0.0,
      0.0,
      0.0,
      0.0,
      0.0,
      0.0,
      0.0,
      0.0,
      0.0,
      0.0,
      0.0,
      0.0,
      0.0,
      0.0,
      0.0,
      0.0,
      0.0,
      0.0,
      0.0,
      0.0,
      0.0,
      0.0,
      0.0,
      0.0,
      0.0
    ]
  },
  "test_acc_sfedavg": {
    "means": [
      0.5305555555555556,
      0.6388888888888888,
      0.6972222222222222,
      0.7083333333333334,
      0.7527777777777778,
      0.8083333333333333,
      0.8138888888888889,
      0.8194444444444444,
      0.8305555555555556,
      0.8361111111111111,
      0.8388888888888889,
      0.8444444444444444,
      0.8388888888888889,
      0.8361111111111111,
      0.8472222222222222,
      0.8611111111111112,
      0.8694444444444445,
      0.875,
      0.8777777777777778,
      0.8833333333333333,
      0.8888888888888888,
      0.8888888888888888,
      0.8888888888888888,
      0.9027777777777778,
      0.9055555555555556,
      0.9138888888888889,
      0.9083333333333333,
      0.9111111111111111,
      0.9111111111111111,
      0.9111111111111111,
      0.9083333333333333,
      0.9083333333333333,
      0.9083333333333333,
      0.9083333333333333,
      0.9083333333333333,
      0.9083333333333333,
      0.9055555555555556,
      0.9055555555555556,
      0.9055555555555556,
      0.9083333333333333
    ],
    "stds": [
      0.0,
      0.0,
      0.0,
      0.0,
      0.0,
      0.0,
      0.0,
      0.0,
      0.0,
      0.0,
      0.0,
      0.0,
      0.0,
      0.0,
      0.0,
      0.0,
      0.0,
      0.0,
      0.0,
      0.0,
      0.0,
      0.0,
      0.0,
      0.0,
      0.0,
      0.0,
      0.0,
      0.0,
      0.0,
      0.0,
      0.0,
      0.0,
      0.0,
      0.0,
      0.0,
      0.0,
      0.0,
      0.0,
      0.0,
      0.0
    ]
  },