{
  "FedAvg/train_loss": {
    "means": [
      2.1389074325561523,
      1.9941902160644531,
      1.850407361984253,
      1.724528431892395,
      1.6110745668411255,
      1.5039241313934326,
      1.4139496088027954,
      1.332549810409546,
      1.253966212272644,
      1.1864147186279297,
      1.1300772428512573,
      1.0780881643295288,
      1.0197793245315552,
      0.9720717072486877,
      0.928074061870575,
      0.8936881422996521,
      0.8541471362113953,
      0.8240547776222229,
      0.7940731048583984,
      0.7651551961898804,
      0.741924524307251,
      0.721747636795044,
      0.6986579298973083,
      0.678281307220459,
      0.6541438102722168,
      0.6409314274787903,
      0.6233299970626831,
      0.610378086566925,
      0.5940477848052979,
      0.5795614719390869,
      0.5664771199226379,
      0.552741289138794,
      0.5421152710914612,
      0.523220419883728,
      0.5160073041915894,
      0.5088889002799988,
      0.4982430040836334,
      0.48637455701828003,
      0.47736093401908875,
      0.4724440574645996,
      0.4618924558162689,
      0.4532102048397064,
      0.45094096660614014,
      0.44392791390419006,
      0.43625494837760925,
      0.4302409291267395,
      0.421730637550354,
      0.4155580699443817,
      0.4098971486091614,
      0.40235021710395813,
      0.39544305205345154,
      0.3903787136077881,
      0.3809877634048462,
      0.3757689297199249,
      0.37062761187553406,
      0.36863434314727783,
      0.3647945523262024,
      0.35914209485054016,
      0.35265445709228516,
      0.3510735034942627
    ],
    "stds": [
      0.0,
      0.0,
      0.0,
      0.0,
      0.0,
      0.0,
      0.0,
      0.0,
      0.0,
      0.0,
      0.0,
      0.0,
      0.0,
      0.0,
      0.0,
      0.0,
      0.0,
      0.0,
      0.0,
      0.0,
      0.0,
      0.0,
      0.0,
      0.0,
      0.0,
      0.0,
      0.0,
      0.0,
      0.0,
      0.0,
      0.0,
      0.0,
      0.0,
      0.0,
      0.0,
      0.0,
      0.0,
      0.0,
      0.0,
      0.0,
      0.0,
      0.0,
      0.0,
      0.0,
      0.0,
      0.0,
      0.0,
      0.0,
      0.0,
      0.0,
      0.0,
      0.0,
      0.0,
      0.0,
      0.0,
      0.0,
      0.0,
      0.0,
      0.0,
      0.0
    ]
  },
  "FedAvg/test_accuracy": {
    "means": [
      0.36875,
      0.5175,
      0.5966666666666667,
      0.6554166666666666,
      0.6733333333333333,
      0.6729166666666667,
      0.6845833333333333,
      0.6941666666666667,
      0.7041666666666667,
      0.7104166666666667,
      0.7229166666666667,
      0.7308333333333333,
      0.7533333333333333,
      0.7475,
      0.74625,
      0.765,
      0.765,
      0.77625,
      0.7704166666666666,
      0.7733333333333333,
      0.7795833333333333,
      0.7833333333333333,
      0.78875,
      0.7879166666666667,
      0.7941666666666667,
      0.7991666666666667,
      0.795,
      0.79625,
      0.8008333333333333,
      0.80625,
      0.8058333333333333,
      0.8116666666666666,
      0.81875,
      0.8308333333333333,
      0.83375,
      0.8345833333333333,
      0.83875,
      0.8425,
      0.8429166666666666,
      0.8441666666666666,
      0.84375,
      0.8495833333333334,
      0.8491666666666666,
      0.8504166666666667,
      0.855,
      0.8570833333333333,
      0.8554166666666667,
      0.85625,
      0.8520833333333333,
      0.8529166666666667,
      0.8579166666666667,
      0.855,
      0.8629166666666667,
      0.8583333333333333,
      0.855,
      0.8579166666666667,
      0.865,
      0.8629166666666667,
      0.8604166666666667,
      0.8633333333333333
    ],
    "stds": [
      0.0,
      0.0,
      0.0,
      0.0,
      0.0,
      0.0,
      0.0,
      0.0,
      0.0,
      0.0,
      0.0,
      0.0,
      0.0,
      0.0,
      0.0,
      0.0,
      0.0,
      0.0,
      0.0,
      0.0,
      0.0,
      0.0,
      0.0,
      0.0,
      0.0,
      0.0,
      0.0,
      0.0,
      0.0,
      0.0,
      0.0,
      0.0,
      0.0,
      0.0,
      0.0,
      0.0,
      0.0,
      0.0,
      0.0,
      0.0,
      0.0,
      0.0,
      0.0,
      0.0,
      0.0,
      0.0,
      0.0,
      0.0,
      0.0,
      0.0,
      0.0,
      0.0,
      0.0,
      0.0,
      0.0,
      0.0,
      0.0,
      0.0,
      0.0,
      0.0
    ]
  },
  "FedAvg/communication_bytes": {
    "means": [
      80000.0,
      160000.0,
      240000.0,
      320000.0,
      400000.0,
      480000.0,
      560000.0,
      640000.0,
      720000.0,
      800000.0,
      880000.0,
      960000.0,
      1040000.0,
      1120000.0,
      1200000.0,
      1280000.0,
      1360000.0,
      1440000.0,
      1520000.0,
      1600000.0,
      1680000.0,
      1760000.0,
      1840000.0,
      1920000.0,
      2000000.0,
      2080000.0,
      2160000.0,
      2240000.0,
      2320000.0,
      2400000.0,
      2480000.0,
      2560000.0,
      2640000.0,
      2720000.0,
      2800000.0,
      2880000.0,
      2960000.0,
      3040000.0,
      3120000.0,
      3200000.0,
      3280000.0,
      3360000.0,
      3440000.0,
      3520000.0,
      3600000.0,
      3680000.0,
      3760000.0,
      3840000.0,
      3920000.0,
      4000000.0,
      4080000.0,
      4160000.0,
      4240000.0,
      4320000.0,
      4400000.0,
      4480000.0,
      4560000.0,
      4640000.0,
      4720000.0,
      4800000.0
    ],
    "stds": [
      0.0,
      0.0,
      0.0,
      0.0,
      0.0,
      0.0,
      0.0,
      0.0,
      0.0,
      0.0,
      0.0,
      0.0,
      0.0,
      0.0,
      0.0,
      0.0,
      0.0,
      0.0,
      0.0,
      0.0,
      0.0,
      0.0,
      0.0,
      0.0,
      0.0,
      0.0,
      0.0,
      0.0,
      0.0,
      0.0,
      0.0,
      0.0,
      0.0,
      0.0,
      0.0,
      0.0,
      0.0,
      0.0,
      0.0,
      0.0,
      0.0,
      0.0,
      0.0,
      0.0,
      0.0,
      0.0,
      0.0,
      0.0,
      0.0,
      0.0,
      0.0,
      0.0,
      0.0,
      0.0,
      0.0,
      0.0,
      0.0,
      0.0,
      0.0,
      0.0
    ]
  },
  "SFedAvg/train_loss": {
    "means": [
      2.300360918045044,
      2.294224739074707,
      2.288959503173828,
      2.2825186252593994,
      2.2775261402130127,
      2.2727184295654297,
      2.2699215412139893,
      2.2654078006744385,
      2.257892608642578,
      2.2548224925994873,
      2.251563310623169,
      2.248709201812744,
      2.243678092956543,
      2.2374038696289062,
      2.231985092163086,
      2.227036952972412,
      2.224090337753296,
      2.219480276107788,
      2.215418815612793,
      2.210952043533325,
      2.205679178237915,
      2.2027225494384766,
      2.1991279125213623,
      2.193301200866699,
      2.1878113746643066,
      2.181548595428467,
      2.179277181625366,
      2.172114372253418,
      2.1667864322662354,
      2.1622979640960693,
      2.1573588848114014,
      2.1532106399536133,
      2.1486093997955322,
      2.1442325115203857,
      2.140204906463623,
      2.1338374614715576,
      2.1301167011260986,
      2.126382827758789,
      2.1213645935058594,
      2.1181161403656006,
      2.114142656326294,
      2.108952760696411,
      2.103699207305908,
      2.0967371463775635,
      2.092463731765747,
      2.0895895957946777,
      2.084779739379883,
      2.081667184829712,
      2.076766014099121,
      2.0718488693237305,
      2.0672073364257812,
      2.0610926151275635,
      2.0562806129455566,
      2.051652193069458,
      2.045792579650879,
      2.042276382446289,
      2.037566661834717,
      2.0343520641326904,
      2.029231548309326,
      2.0263423919677734
    ],