{
  "train_loss_fedavg": {
    "means": [
      1.3631736567131396,
      0.8723455335709386,
      0.6390585725710606,
      0.4805043718992027,
      0.3845740798241639,
      0.33921874406033803,
      0.31950942384967707,
      0.28321096078904645,
      0.2579979428516441,
      0.2274364716797676,
      0.20994396706936536,
      0.18979417245710123,
      0.17931736185934205,
      0.17473239348931052,
      0.1724134640996914,
      0.16330245361135282,
      0.15906315386968733,
      0.15082502893225086,
      0.14486437120395218,
      0.1392778302554138,
      0.136475203155576,
      0.1321048209406483,
      0.12843058108594585,
      0.12349536013009837,
      0.11852269480316899,
      0.11734669928381693,
      0.11453476094072218,
      0.11281645827228648,
      0.11156871750189452,
      0.11293349484045594,
      0.11201103883571137,
      0.11051671120561403,
      0.10667378170983732,
      0.10389091145840088,
      0.10102303422933805,
      0.09875381490334302,
      0.09713257842258878,
      0.09596369734846666,
      0.09563538773061901,
      0.09383777599557915,
      0.0930014823667088,
      0.09161287341989618,
      0.09129674885028197,
      0.09108024964959012,
      0.09075983693191338,
      0.08933789939685605,
      0.08846843354025631,
      0.08691777461652621,
      0.08541975352533678,
      0.08506028602590987
    ],
    "stds": [
      0.0,
      0.0,
      0.0,
      0.0,
      0.0,
      0.0,
      0.0,
      0.0,
      0.0,
      0.0,
      0.0,
      0.0,
      0.0,
      0.0,
      0.0,
      0.0,
      0.0,
      0.0,
      0.0,
      0.0,
      0.0,
      0.0,
      0.0,
      0.0,
      0.0,
      0.0,
      0.0,
      0.0,
      0.0,
      0.0,
      0.0,
      0.0,
      0.0,
      0.0,
      0.0,
      0.0,
      0.0,
      0.0,
      0.0,
      0.0,
      0.0,
      0.0,
      0.0,
      0.0,
      0.0,
      0.0,
      0.0,
      0.0,
      0.0,
      0.0
    ]
  },
  "train_loss_sfedavg": {
    "means": [
      1.9905119091428167,
      1.7229099496847438,
      1.4925148418501701,
      1.3257392203401162,
      1.2044863051761523,
      1.0588159767492302,
      0.960894903335185,
      0.8843827962431379,
      0.8304231966184331,
      0.7772638467785418,
      0.7301224141775652,
      0.6892453508588264,
      0.6549025265815203,
      0.6271623246617255,
      0.6037429589467069,
      0.5746159944309965,
      0.5601176708731659,
      0.5331774537262337,
      0.5136854517681199,
      0.49461626446671797,
      0.4767135100262335,
      0.4642907283061453,
      0.4552286063515168,
      0.44330437418230445,
      0.42658799089764093,
      0.4198773539901857,
      0.408305804446434,
      0.4008188657768061,
      0.3900687764132116,
      0.38500447209683303,
      0.3781847116812585,
      0.37044233222882855,
      0.36257221579987714,
      0.3547393683310093,
      0.34705403784981953,
      0.3410741522245943,
      0.33340873022892137,
      0.32828040119178675,
      0.3243866077752363,
      0.3199563846483816,
      0.3142467906377914,
      0.30853327927728313,
      0.3048737502762428,
      0.3017347191855478,
      0.2990832005260008,
      0.29455646255676615,
      0.2911316284746322,
      0.28711822454244185,
      0.28248518448739895,
      0.2795961774319439
    ],
    "stds": [
      0.0,
      0.0,
      0.0,
      0.0,
      0.0,
      0.0,
      0.0,
      0.0,
      0.0,
      0.0,
      0.0,
      0.0,
      0.0,
      0.0,
      0.0,
      0.0,
      0.0,
      0.0,
      0.0,
      0.0,
      0.0,
      0.0,
      0.0,
      0.0,
      0.0,
      0.0,
      0.0,
      0.0,
      0.0,
      0.0,
      0.0,
      0.0,
      0.0,
      0.0,
      0.0,
      0.0,
      0.0,
      0.0,
      0.0,
      0.0,
      0.0,
      0.0,
      0.0,
      0.0,
      0.0,
      0.0,
      0.0,
      0.0,
      0.0,
      0.0
    ]
  },
  "test_acc_fedavg": {
    "means": [
      0.7388888888888889,
      0.75,
      0.8083333333333333,
      0.8722222222222222,
      0.8805555555555555,
      0.8916666666666667,
      0.8888888888888888,
      0.9027777777777778,
      0.9138888888888889,
      0.9111111111111111,
      0.9333333333333333,
      0.9416666666666667,
      0.9388888888888889,
      0.9305555555555556,
      0.9388888888888889,
      0.9361111111111111,
      0.9361111111111111,
      0.9361111111111111,
      0.9361111111111111,
      0.9333333333333333,
      0.9333333333333333,
      0.9388888888888889,
      0.9305555555555556,
      0.9361111111111111,
      0.9416666666666667,
      0.9361111111111111,
      0.9388888888888889,
      0.9416666666666667,
      0.9444444444444444,
      0.9444444444444444,
      0.9444444444444444,
      0.9472222222222222,
      0.9388888888888889,
      0.9388888888888889,
      0.9361111111111111,
      0.9416666666666667,
      0.9444444444444444,
      0.9416666666666667,
      0.9444444444444444,
      0.9472222222222222,
      0.95,
      0.9472222222222222,
      0.9527777777777777,
      0.95,
      0.9555555555555556,
      0.9527777777777777,
      0.9583333333333334,
      0.9527777777777777,
      0.9472222222222222,
      0.9527777777777777
    ],
    "stds": [
      0.0,
      0.0,
      0.0,
      0.0,
      0.0,
      0.0,
      0.0,
      0.0,
      0.0,
      0.0,
      0.0,
      0.0,
      0.0,
      0.0,
      0.0,
      0.0,
      0.0,
      0.0,
      0.0,
      0.0,
      0.0,
      0.0,
      0.0,
      0.0,
      0.0,
      0.0,
      0.0,
      0.0,
      0.0,
      0.0,
      0.0,
      0.0,
      0.0,
      0.0,
      0.0,
      0.0,
      0.0,
      0.0,
      0.0,
      0.0,
      0.0,
      0.0,
      0.0,
      0.0,
      0.0,
      0.0,
      0.0,
      0.0,
      0.0,
      0.0
    ]
  },
  "test_acc_sfedavg": {
    "means": [
      0.5694444444444444,
      0.65,
      0.7111111111111111,
      0.7305555555555555,
      0.7638888888888888,
      0.7916666666666666,
      0.7861111111111111,
      0.8083333333333333,
      0.8138888888888889,
      0.8388888888888889,
      0.8611111111111112,
      0.8611111111111112,
      0.8666666666666667,
      0.8638888888888889,
      0.8694444444444445,
      0.875,
      0.8694444444444445,
      0.8805555555555555,
      0.8833333333333333,
      0.8944444444444445,
      0.8944444444444445,
      0.9,
      0.9055555555555556,
      0.9111111111111111,
      0.9138888888888889,
      0.9083333333333333,
      0.9138888888888889,
      0.9138888888888889,
      0.9194444444444444,
      0.9083333333333333,
      0.9138888888888889,
      0.9166666666666666,
      0.9222222222222223,
      0.9277777777777778,
      0.9277777777777778,
      0.9222222222222223,
      0.9277777777777778,
      0.9222222222222223,
      0.9222222222222223,
      0.9222222222222223,
      0.9222222222222223,
      0.925,
      0.925,
      0.9277777777777778,
      0.9277777777777778,
      0.925,
      0.925,
      0.925,
      0.9277777777777778,
      0.9305555555555556
    ],
    "stds": [
      0.0,
      0.0,
      0.0,
      0.0,
      0.0,
      0.0,
      0.0,
      0.0,
      0.0,
      0.0,
      0.0,
      0.0,
      0.0,
      0.0,
      0.0,
      0.0,
      0.0,
      0.0,
      0.0,
      0.0,
      0.0,
      0.0,
      0.0,
      0.0,
      0.0,
      0.0,
      0.0,
      0.0,
      0.0,
      0.0,
      0.0,
      0.0,
      0.0,
      0.0,
      0.0,
      0.0,
      0.0,
      0.0,
      0.0,
      0.0,
      0.0,
      0.0,
      0.0,
      0.0,
      0.0,
      0.0,
      0.0,
      0.0,
      0.0,
      0.0
    ]
  },