{
  "train_loss_fedavg": {
    "means": [
      1.5178824503526185,
      1.1192356409113011,
      0.8857448627818312,
      0.7503513380513069,
      0.6577220847533158,
      0.5902621904562567,
      0.5336232541963548,
      0.4906042797042918,
      0.4561363634419976,
      0.4283343098075903,
      0.4063150247892412,
      0.38679256701781645,
      0.3684933806485373,
      0.35326334689672656,
      0.33949573982283826,
      0.32708931266969143,
      0.315259039639351,
      0.3062309210299085,
      0.2964147719409686,
      0.2874573455124909,
      0.27984883862612486,
      0.2731288961908414,
      0.26651207732256504,
      0.2614430661206966,
      0.2556211623842808,
      0.24983426456938496,
      0.24441299686363885,
      0.24068092123945298,
      0.23644668133407057,
      0.23250674378346647,
      0.22823593996170602,
      0.22474502206647337,
      0.22118909841418882,
      0.21798342118606595,
      0.21454881295450995,
      0.21181003833845835,
      0.20941455850771182,
      0.2057887854972167,
      0.202674238172347,
      0.20003029590558577,
      0.197385875395119,
      0.19559592196460157,
      0.19349402267226756,
      0.1910777854487967,
      0.1885211215478976,
      0.18634636309528144,
      0.18484659136123255,
      0.18272999355135128,
      0.1810664755569955,
      0.17932251079212225,
      0.17760063676775847,
      0.1762021278069988,
      0.174105563774027,
      0.17214101566333753,
      0.17080227545823284,
      0.16949844047599727,
      0.1683951720476203,
      0.16719953183346217,
      0.16500639667576375,
      0.16374615067080628
    ],
    "stds": [
      0.0,
      0.0,
      0.0,
      0.0,
      0.0,
      0.0,
      0.0,
      0.0,
      0.0,
      0.0,
      0.0,
      0.0,
      0.0,
      0.0,
      0.0,
      0.0,
      0.0,
      0.0,
      0.0,
      0.0,
      0.0,
      0.0,
      0.0,
      0.0,
      0.0,
      0.0,
      0.0,
      0.0,
      0.0,
      0.0,
      0.0,
      0.0,
      0.0,
      0.0,
      0.0,
      0.0,
      0.0,
      0.0,
      0.0,
      0.0,
      0.0,
      0.0,
      0.0,
      0.0,
      0.0,
      0.0,
      0.0,
      0.0,
      0.0,
      0.0,
      0.0,
      0.0,
      0.0,
      0.0,
      0.0,
      0.0,
      0.0,
      0.0,
      0.0,
      0.0
    ]
  },
  "test_acc_fedavg": {
    "means": [
      0.825,
      0.8555555555555555,
      0.8888888888888888,
      0.9,
      0.9027777777777778,
      0.8972222222222223,
      0.9138888888888889,
      0.9111111111111111,
      0.9138888888888889,
      0.9138888888888889,
      0.925,
      0.9194444444444444,
      0.9194444444444444,
      0.925,
      0.925,
      0.925,
      0.9277777777777778,
      0.9305555555555556,
      0.9333333333333333,
      0.9388888888888889,
      0.9333333333333333,
      0.9333333333333333,
      0.9305555555555556,
      0.9277777777777778,
      0.9277777777777778,
      0.9305555555555556,
      0.9305555555555556,
      0.9277777777777778,
      0.9305555555555556,
      0.9305555555555556,
      0.9333333333333333,
      0.9361111111111111,
      0.9333333333333333,
      0.9361111111111111,
      0.9361111111111111,
      0.9361111111111111,
      0.9388888888888889,
      0.9388888888888889,
      0.9388888888888889,
      0.9416666666666667,
      0.9416666666666667,
      0.9416666666666667,
      0.9416666666666667,
      0.9416666666666667,
      0.9388888888888889,
      0.9388888888888889,
      0.9388888888888889,
      0.9416666666666667,
      0.9444444444444444,
      0.9444444444444444,
      0.9444444444444444,
      0.9527777777777777,
      0.9472222222222222,
      0.9444444444444444,
      0.9416666666666667,
      0.9444444444444444,
      0.9416666666666667,
      0.9416666666666667,
      0.9472222222222222,
      0.95
    ],
    "stds": [
      0.0,
      0.0,
      0.0,
      0.0,
      0.0,
      0.0,
      0.0,
      0.0,
      0.0,
      0.0,
      0.0,
      0.0,
      0.0,
      0.0,
      0.0,
      0.0,
      0.0,
      0.0,
      0.0,
      0.0,
      0.0,
      0.0,
      0.0,
      0.0,
      0.0,
      0.0,
      0.0,
      0.0,
      0.0,
      0.0,
      0.0,
      0.0,
      0.0,
      0.0,
      0.0,
      0.0,
      0.0,
      0.0,
      0.0,
      0.0,
      0.0,
      0.0,
      0.0,
      0.0,
      0.0,
      0.0,
      0.0,
      0.0,
      0.0,
      0.0,
      0.0,
      0.0,
      0.0,
      0.0,
      0.0,
      0.0,
      0.0,
      0.0,
      0.0,
      0.0
    ]
  },
  "comm_MB_fedavg": {
    "means": [
      0.03328,
      0.06656,
      0.09983999999999998,
      0.13312,
      0.1664,
      0.19968,
      0.23296,
      0.26624,
      0.29951999999999995,
      0.33279999999999993,
      0.3660799999999999,
      0.3993599999999999,
      0.43263999999999986,
      0.46591999999999983,
      0.4991999999999998,
      0.5324799999999998,
      0.5657599999999998,
      0.5990399999999998,
      0.6323199999999998,
      0.6655999999999997,
      0.6988799999999997,
      0.7321599999999997,
      0.7654399999999997,
      0.7987199999999997,
      0.8319999999999996,
      0.8652799999999996,
      0.8985599999999996,
      0.9318399999999996,
      0.9651199999999995,
      0.9983999999999995,
      1.0316799999999995,
      1.0649599999999995,
      1.0982399999999994,
      1.1315199999999994,
      1.1647999999999994,
      1.1980799999999994,
      1.2313599999999993,
      1.2646399999999993,
      1.2979199999999993,
      1.3311999999999993,
      1.3644799999999992,
      1.3977599999999992,
      1.4310399999999992,
      1.4643199999999992,
      1.4975999999999992,
      1.5308799999999991,
      1.564159999999999,
      1.597439999999999,
      1.630719999999999,
      1.663999999999999,
      1.697279999999999,
      1.730559999999999,
      1.763839999999999,
      1.797119999999999,
      1.830399999999999,
      1.863679999999999,
      1.8969599999999989,
      1.9302399999999988,
      1.9635199999999988,
      1.9967999999999988
    ],
    "stds": [
      0.0,
      0.0,
      0.0,
      0.0,
      0.0,
      0.0,
      0.0,
      0.0,
      0.0,
      0.0,
      0.0,
      0.0,
      0.0,
      0.0,
      0.0,
      0.0,
      0.0,
      0.0,
      0.0,
      0.0,
      0.0,
      0.0,
      0.0,
      0.0,
      0.0,
      0.0,
      0.0,
      0.0,
      0.0,
      0.0,
      0.0,
      0.0,
      0.0,
      0.0,
      0.0,
      0.0,
      0.0,
      0.0,
      0.0,
      0.0,
      0.0,
      0.0,
      0.0,
      0.0,
      0.0,
      0.0,
      0.0,
      0.0,
      0.0,
      0.0,
      0.0,
      0.0,
      0.0,
      0.0,
      0.0,
      0.0,
      0.0,
      0.0,
      0.0,
      0.0
    ]
  },