{
  "train_loss_fedavg": {
    "means": [
      0.5968255894217684,
      0.38554427376079814,
      0.26860237032020023,
      0.251293976718519,
      0.27533585116315834,
      0.19372368189291414,
      0.18396638829583375,
      0.20967152050944965,
      0.1893024407346595,
      0.2722854657404279,
      0.18785247687370585,
      0.2649994372595451,
      0.27755477552964397,
      0.41455332275176726,
      0.25571006632806176,
      0.2344099273584152,
      0.1963111504484844,
      0.23498596673776065,
      0.25864978046899806,
      0.3452571107667741,
      0.2635293358605028,
      0.19015779392827273,
      0.2367934875814945,
      0.33252747286180956,
      0.25514627586241795,
      0.3553929008532573,
      0.32105671924297413,
      0.20827530977482467,
      0.2189604017374445,
      0.18097167216162172
    ],
    "stds": [
      0.0,
      0.0,
      0.0,
      0.0,
      0.0,
      0.0,
      0.0,
      0.0,
      0.0,
      0.0,
      0.0,
      0.0,
      0.0,
      0.0,
      0.0,
      0.0,
      0.0,
      0.0,
      0.0,
      0.0,
      0.0,
      0.0,
      0.0,
      0.0,
      0.0,
      0.0,
      0.0,
      0.0,
      0.0,
      0.0
    ]
  },
  "test_acc_fedavg": {
    "means": [
      0.8166666666666667,
      0.875,
      0.9222222222222223,
      0.9083333333333333,
      0.9083333333333333,
      0.9305555555555556,
      0.9277777777777778,
      0.9222222222222223,
      0.9388888888888889,
      0.9333333333333333,
      0.9361111111111111,
      0.9222222222222223,
      0.9277777777777778,
      0.925,
      0.9305555555555556,
      0.9388888888888889,
      0.9416666666666667,
      0.9305555555555556,
      0.9333333333333333,
      0.9277777777777778,
      0.9361111111111111,
      0.9555555555555556,
      0.9444444444444444,
      0.9333333333333333,
      0.9416666666666667,
      0.9388888888888889,
      0.9333333333333333,
      0.9416666666666667,
      0.9333333333333333,
      0.9361111111111111
    ],
    "stds": [
      0.0,
      0.0,
      0.0,
      0.0,
      0.0,
      0.0,
      0.0,
      0.0,
      0.0,
      0.0,
      0.0,
      0.0,
      0.0,
      0.0,
      0.0,
      0.0,
      0.0,
      0.0,
      0.0,
      0.0,
      0.0,
      0.0,
      0.0,
      0.0,
      0.0,
      0.0,
      0.0,
      0.0,
      0.0,
      0.0
    ]
  },
  "comm_cost_fedavg": {
    "means": [
      819200.0,
      1638400.0,
      2457600.0,
      3276800.0,
      4096000.0,
      4915200.0,
      5734400.0,
      6553600.0,
      7372800.0,
      8192000.0,
      9011200.0,
      9830400.0,
      10649600.0,
      11468800.0,
      12288000.0,
      13107200.0,
      13926400.0,
      14745600.0,
      15564800.0,
      16384000.0,
      17203200.0,
      18022400.0,
      18841600.0,
      19660800.0,
      20480000.0,
      21299200.0,
      22118400.0,
      22937600.0,
      23756800.0,
      24576000.0
    ],
    "stds": [
      0.0,
      0.0,
      0.0,
      0.0,
      0.0,
      0.0,
      0.0,
      0.0,
      0.0,
      0.0,
      0.0,
      0.0,
      0.0,
      0.0,
      0.0,
      0.0,
      0.0,
      0.0,
      0.0,
      0.0,
      0.0,
      0.0,
      0.0,
      0.0,
      0.0,
      0.0,
      0.0,
      0.0,
      0.0,
      0.0
    ]
  },
  "effective_update_dims_fedavg": {
    "means": [
      409600.0,
      819200.0,
      1228800.0,
      1638400.0,
      2048000.0,
      2457600.0,
      2867200.0,
      3276800.0,
      3686400.0,
      4096000.0,
      4505600.0,
      4915200.0,
      5324800.0,
      5734400.0,
      6144000.0,
      6553600.0,
      6963200.0,
      7372800.0,
      7782400.0,
      8192000.0,
      8601600.0,
      9011200.0,
      9420800.0,
      9830400.0,
      10240000.0,
      10649600.0,
      11059200.0,
      11468800.0,
      11878400.0,
      12288000.0
    ],
    "stds": [
      0.0,
      0.0,
      0.0,
      0.0,
      0.0,
      0.0,
      0.0,
      0.0,
      0.0,
      0.0,
      0.0,
      0.0,
      0.0,
      0.0,
      0.0,
      0.0,
      0.0,
      0.0,
      0.0,
      0.0,
      0.0,
      0.0,
      0.0,
      0.0,
      0.0,
      0.0,
      0.0,
      0.0,
      0.0,
      0.0
    ]
  },
  "train_loss_sfedavg": {
    "means": [
      1.743099706092212,
      1.40603908776091,
      1.169580714541466,
      1.0141489073480265,
      0.9018617594931896,
      0.8096572719864428,
      0.7369665388564401,
      0.6867703274694611,
      0.6379015977794604,
      0.5955251520981958,
      0.5600010269814538,
      0.5293917672696481,
      0.5045447114518904,
      0.47750280101001774,
      0.4577902333147762,
      0.43827957850866084,
      0.42328541126679414,
      0.40778503371682007,
      0.3955720989016477,
      0.38358155663875626,
      0.3707229908919699,
      0.36168413758828294,
      0.3526532541079819,
      0.34337562501995866,
      0.33539752603924633,
      0.3284502415651918,
      0.32060593136794624,
      0.31387674456571274,
      0.3074010861359307,
      0.3008358422652448
    ],
    "stds": [
      0.0,
      0.0,
      0.0,
      0.0,
      0.0,
      0.0,
      0.0,
      0.0,
      0.0,
      0.0,
      0.0,
      0.0,
      0.0,
      0.0,
      0.0,
      0.0,
      0.0,
      0.0,
      0.0,
      0.0,
      0.0,
      0.0,
      0.0,
      0.0,
      0.0,
      0.0,
      0.0,
      0.0,
      0.0,
      0.0
    ]
  },
  "test_acc_sfedavg": {
    "means": [
      0.7611111111111111,
      0.8027777777777778,
      0.8305555555555556,
      0.8555555555555555,
      0.8833333333333333,
      0.8888888888888888,
      0.8944444444444445,
      0.8972222222222223,
      0.8944444444444445,
      0.9027777777777778,
      0.9055555555555556,
      0.9111111111111111,
      0.9083333333333333,
      0.9166666666666666,
      0.9194444444444444,
      0.9166666666666666,
      0.9138888888888889,
      0.9194444444444444,
      0.9222222222222223,
      0.9194444444444444,
      0.9222222222222223,
      0.9222222222222223,
      0.9222222222222223,
      0.9222222222222223,
      0.9277777777777778,
      0.9277777777777778,
      0.9222222222222223,
      0.9277777777777778,
      0.9305555555555556,
      0.9277777777777778
    ],
    "stds": [
      0.0,
      0.0,
      0.0,
      0.0,
      0.0,
      0.0,
      0.0,
      0.0,
      0.0,
      0.0,
      0.0,
      0.0,
      0.0,
      0.0,
      0.0,
      0.0,
      0.0,
      0.0,
      0.0,
      0.0,
      0.0,
      0.0,
      0.0,
      0.0,
      0.0,
      0.0,
      0.0,
      0.0,
      0.0,
      0.0
    ]
  },
  "comm_cost_sfedavg": {
    "means": [
      3317760.0,
      6635520.0,
      9953280.0,
      13271040.0,
      16588800.0,
      19906560.0,
      23224320.0,
      26542080.0,
      29859840.0,
      33177600.0,
      36495360.0,
      39813120.0,
      43130880.0,
      46448640.0,
      49766400.0,
      53084160.0,
      56401920.0,
      59719680.0,
      63037440.0,
      66355200.0,
      69672960.0,
      72990720.0,
      76308480.0,
      79626240.0,
      82944000.0,
      86261760.0,
      89579520.0,
      92897280.0,
      96215040.0,
      99532800.0
    ],
    "stds": [
      0.0,
      0.0,
      0.0,
      0.0,
      0.0,
      0.0,
      0.0,
      0.0,
      0.0,
      0.0,
      0.0,
      0.0,
      0.0,
      0.0,
      0.0,
      0.0,
      0.0,
      0.0,
      0.0,
      0.0,
      0.0,
      0.0,
      0.0,
      0.0,
      0.0,
      0.0,
      0.0,
      0.0,
      0.0,
      0.0
    ]
  },