{
  "train_loss_fedavg": {
    "means": [
      1.2854459318460856,
      0.8847654775802795,
      0.6938757728140487,
      0.578128848987637,
      0.5025050771433998,
      0.448667120911918,
      0.4087892024199407,
      0.37735942615293816,
      0.3519007451726595,
      0.32980479488369396,
      0.3106857279373796,
      0.29555779341642363,
      0.28253352895181766,
      0.27148605688465305,
      0.2604162574607833,
      0.2510641560697521,
      0.2426084435914896,
      0.23498072879071843,
      0.22847773203285013,
      0.22208590788978932,
      0.2159081477555332,
      0.21037207106719702,
      0.20562113935560924,
      0.20112406188703313,
      0.1965768131234197,
      0.19207633123743337,
      0.18786719190276902,
      0.18435309042415854,
      0.1810190416808033,
      0.17775474155856302
    ],
    "stds": [
      0.0,
      0.0,
      0.0,
      0.0,
      0.0,
      0.0,
      0.0,
      0.0,
      0.0,
      0.0,
      0.0,
      0.0,
      0.0,
      0.0,
      0.0,
      0.0,
      0.0,
      0.0,
      0.0,
      0.0,
      0.0,
      0.0,
      0.0,
      0.0,
      0.0,
      0.0,
      0.0,
      0.0,
      0.0,
      0.0
    ]
  },
  "test_acc_fedavg": {
    "means": [
      0.875,
      0.8916666666666667,
      0.8972222222222223,
      0.9027777777777778,
      0.9111111111111111,
      0.9222222222222223,
      0.925,
      0.9277777777777778,
      0.9277777777777778,
      0.9305555555555556,
      0.9333333333333333,
      0.9361111111111111,
      0.9361111111111111,
      0.9361111111111111,
      0.9361111111111111,
      0.9361111111111111,
      0.9361111111111111,
      0.9361111111111111,
      0.9361111111111111,
      0.9361111111111111,
      0.9388888888888889,
      0.9416666666666667,
      0.9472222222222222,
      0.9444444444444444,
      0.9388888888888889,
      0.9444444444444444,
      0.9472222222222222,
      0.9472222222222222,
      0.9472222222222222,
      0.95
    ],
    "stds": [
      0.0,
      0.0,
      0.0,
      0.0,
      0.0,
      0.0,
      0.0,
      0.0,
      0.0,
      0.0,
      0.0,
      0.0,
      0.0,
      0.0,
      0.0,
      0.0,
      0.0,
      0.0,
      0.0,
      0.0,
      0.0,
      0.0,
      0.0,
      0.0,
      0.0,
      0.0,
      0.0,
      0.0,
      0.0,
      0.0
    ]
  },
  "comm_cost_fedavg": {
    "means": [
      32000.0,
      64000.0,
      96000.0,
      128000.0,
      160000.0,
      192000.0,
      224000.0,
      256000.0,
      288000.0,
      320000.0,
      352000.0,
      384000.0,
      416000.0,
      448000.0,
      480000.0,
      512000.0,
      544000.0,
      576000.0,
      608000.0,
      640000.0,
      672000.0,
      704000.0,
      736000.0,
      768000.0,
      800000.0,
      832000.0,
      864000.0,
      896000.0,
      928000.0,
      960000.0
    ],
    "stds": [
      0.0,
      0.0,
      0.0,
      0.0,
      0.0,
      0.0,
      0.0,
      0.0,
      0.0,
      0.0,
      0.0,
      0.0,
      0.0,
      0.0,
      0.0,
      0.0,
      0.0,
      0.0,
      0.0,
      0.0,
      0.0,
      0.0,
      0.0,
      0.0,
      0.0,
      0.0,
      0.0,
      0.0,
      0.0,
      0.0
    ]
  },
  "effective_update_dims_fedavg": {
    "means": [
      16000.0,
      32000.0,
      48000.0,
      64000.0,
      80000.0,
      96000.0,
      112000.0,
      128000.0,
      144000.0,
      160000.0,
      176000.0,
      192000.0,
      208000.0,
      224000.0,
      240000.0,
      256000.0,
      272000.0,
      288000.0,
      304000.0,
      320000.0,
      336000.0,
      352000.0,
      368000.0,
      384000.0,
      400000.0,
      416000.0,
      432000.0,
      448000.0,
      464000.0,
      480000.0
    ],
    "stds": [
      0.0,
      0.0,
      0.0,
      0.0,
      0.0,
      0.0,
      0.0,
      0.0,
      0.0,
      0.0,
      0.0,
      0.0,
      0.0,
      0.0,
      0.0,
      0.0,
      0.0,
      0.0,
      0.0,
      0.0,
      0.0,
      0.0,
      0.0,
      0.0,
      0.0,
      0.0,
      0.0,
      0.0,
      0.0,
      0.0
    ]
  },
  "train_loss_sfedavg": {
    "means": [
      2.079807895264153,
      1.8662861053943947,
      1.674886652308047,
      1.5033991662339938,
      1.357334724578479,
      1.2349684579137792,
      1.1528555647893806,
      1.0645224795259174,
      1.0100225264161693,
      0.9560199112207133,
      0.8991013574043913,
      0.8536519922963498,
      0.8074357702723668,
      0.7728982881966173,
      0.7382001254383349,
      0.7190403969805298,
      0.6988968633785033,
      0.6699323992193412,
      0.6491390458311603,
      0.6232171163021704,
      0.6037952576825745,
      0.583696260132147,
      0.562123219582566,
      0.5444642648325686,
      0.5296576546527283,
      0.5182733600825897,
      0.5048703149701986,
      0.48971888207823744,
      0.4787985271923654,
      0.46604902274868354
    ],
    "stds": [
      0.0,
      0.0,
      0.0,
      0.0,
      0.0,
      0.0,
      0.0,
      0.0,
      0.0,
      0.0,
      0.0,
      0.0,
      0.0,
      0.0,
      0.0,
      0.0,
      0.0,
      0.0,
      0.0,
      0.0,
      0.0,
      0.0,
      0.0,
      0.0,
      0.0,
      0.0,
      0.0,
      0.0,
      0.0,
      0.0
    ]
  },
  "test_acc_sfedavg": {
    "means": [
      0.6111111111111112,
      0.7388888888888889,
      0.7305555555555555,
      0.7916666666666666,
      0.8194444444444444,
      0.8388888888888889,
      0.8472222222222222,
      0.8666666666666667,
      0.875,
      0.875,
      0.8861111111111111,
      0.8861111111111111,
      0.8888888888888888,
      0.9,
      0.9083333333333333,
      0.9083333333333333,
      0.9055555555555556,
      0.9111111111111111,
      0.9111111111111111,
      0.9166666666666666,
      0.9138888888888889,
      0.9194444444444444,
      0.9138888888888889,
      0.9194444444444444,
      0.9166666666666666,
      0.9194444444444444,
      0.9194444444444444,
      0.9194444444444444,
      0.9222222222222223,
      0.925
    ],
    "stds": [
      0.0,
      0.0,
      0.0,
      0.0,
      0.0,
      0.0,
      0.0,
      0.0,
      0.0,
      0.0,
      0.0,
      0.0,
      0.0,
      0.0,
      0.0,
      0.0,
      0.0,
      0.0,
      0.0,
      0.0,
      0.0,
      0.0,
      0.0,
      0.0,
      0.0,
      0.0,
      0.0,
      0.0,
      0.0,
      0.0
    ]
  },
  "comm_cost_sfedavg": {
    "means": [
      51200.0,
      102400.0,
      153600.0,
      204800.0,
      256000.0,
      307200.0,
      358400.0,
      409600.0,
      460800.0,
      512000.0,
      563200.0,
      614400.0,
      665600.0,
      716800.0,
      768000.0,
      819200.0,
      870400.0,
      921600.0,
      972800.0,
      1024000.0,
      1075200.0,
      1126400.0,
      1177600.0,
      1228800.0,
      1280000.0,
      1331200.0,
      1382400.0,
      1433600.0,
      1484800.0,
      1536000.0
    ],
    "stds": [
      0.0,
      0.0,
      0.0,
      0.0,
      0.0,
      0.0,
      0.0,
      0.0,
      0.0,
      0.0,
      0.0,
      0.0,
      0.0,
      0.0,
      0.0,
      0.0,
      0.0,
      0.0,
      0.0,
      0.0,
      0.0,
      0.0,
      0.0,
      0.0,
      0.0,
      0.0,
      0.0,
      0.0,
      0.0,
      0.0
    ]
  },
  "effective_update_dims_sfedavg": {
    "means": [
      3000.0,
      6000.0,
      9000.0,
      12000.0,
      15000.0,
      18000.0,
      21000.0,
      24000.0,
      27000.0,
      30000.0,
      33000.0,
      36000.0,
      39000.0,
      42000.0,
      45000.0,
      48000.0,
      51000.0,
      54000.0,
      57000.0,
      60000.0,
      63000.0,
      66000.0,
      69000.0,
      72000.0,
      75000.0,
      78000.0,
      81000.0,
      84000.0,
      87000.0,
      90000.0
    ],