{
  "train_loss_fedavg": {
    "means": [
      0.7759749923302212,
      0.7199994621069913,
      0.6686681343213848,
      0.6244639321477466,
      0.5855601735745176,
      0.5515829234781255,
      0.5221315661066369,
      0.49656858546952254,
      0.47418879524227986,
      0.45352265363952066,
      0.4362618369970105,
      0.4214093062276443,
      0.407409757855334,
      0.3952787065679714,
      0.38448791783278286,
      0.3743886194499366,
      0.36507209881704605,
      0.35699965247433285,
      0.3496761516550404,
      0.342982790387836,
      0.3368867849926648,
      0.3313577796006417,
      0.3261511911373601,
      0.32133426346916977,
      0.316997622635576,
      0.3128940006551998,
      0.30904020102886404,
      0.3056009548901166,
      0.30224014703032664,
      0.29909936410942917
    ],
    "stds": [
      0.0,
      0.0,
      0.0,
      0.0,
      0.0,
      0.0,
      0.0,
      0.0,
      0.0,
      0.0,
      0.0,
      0.0,
      0.0,
      0.0,
      0.0,
      0.0,
      0.0,
      0.0,
      0.0,
      0.0,
      0.0,
      0.0,
      0.0,
      0.0,
      0.0,
      0.0,
      0.0,
      0.0,
      0.0,
      0.0
    ]
  },
  "test_acc_fedavg": {
    "means": [
      0.574175,
      0.6027,
      0.633375,
      0.663,
      0.691425,
      0.71785,
      0.740675,
      0.76215,
      0.7818,
      0.8006,
      0.815375,
      0.8276,
      0.84075,
      0.850725,
      0.859625,
      0.86865,
      0.876175,
      0.882125,
      0.887825,
      0.89235,
      0.896,
      0.89995,
      0.90215,
      0.90425,
      0.9065,
      0.90825,
      0.90995,
      0.911475,
      0.912925,
      0.9136
    ],
    "stds": [
      0.0,
      0.0,
      0.0,
      0.0,
      0.0,
      0.0,
      0.0,
      0.0,
      0.0,
      0.0,
      0.0,
      0.0,
      0.0,
      0.0,
      0.0,
      0.0,
      0.0,
      0.0,
      0.0,
      0.0,
      0.0,
      0.0,
      0.0,
      0.0,
      0.0,
      0.0,
      0.0,
      0.0,
      0.0,
      0.0
    ]
  },
  "comm_floats_fedavg": {
    "means": [
      8040.0,
      16080.0,
      24120.0,
      32160.0,
      40200.0,
      48240.0,
      56280.0,
      64320.0,
      72360.0,
      80400.0,
      88440.0,
      96480.0,
      104520.0,
      112560.0,
      120600.0,
      128640.0,
      136680.0,
      144720.0,
      152760.0,
      160800.0,
      168840.0,
      176880.0,
      184920.0,
      192960.0,
      201000.0,
      209040.0,
      217080.0,
      225120.0,
      233160.0,
      241200.0
    ],
    "stds": [
      0.0,
      0.0,
      0.0,
      0.0,
      0.0,
      0.0,
      0.0,
      0.0,
      0.0,
      0.0,
      0.0,
      0.0,
      0.0,
      0.0,
      0.0,
      0.0,
      0.0,
      0.0,
      0.0,
      0.0,
      0.0,
      0.0,
      0.0,
      0.0,
      0.0,
      0.0,
      0.0,
      0.0,
      0.0,
      0.0
    ]
  },
  "comm_per_0.8_acc_fedavg": {
    "means": [
      80400.0
    ],
    "stds": [
      0.0
    ]
  },
  "rounds_to_target_loss_fedavg": {
    "means": [
      8
    ],
    "stds": [
      0.0
    ]
  },
  "train_loss_sfedavg": {
    "means": [
      0.816634450516393,
      0.7999620377642822,
      0.7841416438614375,
      0.7733951479513058,
      0.7570124527797967,
      0.7446348503382471,
      0.7214156877432567,
      0.7060182616123858,
      0.6853699128033254,
      0.674776413732412,
      0.6621794536920885,
      0.6462694025572827,
      0.624280841319957,
      0.6095328759143391,
      0.5968884536019746,
      0.5847174219968967,
      0.574274380062644,
      0.5669092922322497,
      0.5602234008672877,
      0.5495418674010435,
      0.5408979651052531,
      0.533516769634191,
      0.5208678003120751,
      0.5156275536352342,
      0.5074341381170369,
      0.5004903523214487,
      0.4917712738431126,
      0.48287684825012245,
      0.47781338228466685,
      0.47273442606348526
    ],
    "stds": [
      0.0,
      0.0,
      0.0,
      0.0,
      0.0,
      0.0,
      0.0,
      0.0,
      0.0,
      0.0,
      0.0,
      0.0,
      0.0,
      0.0,
      0.0,
      0.0,
      0.0,
      0.0,
      0.0,
      0.0,
      0.0,
      0.0,
      0.0,
      0.0,
      0.0,
      0.0,
      0.0,
      0.0,
      0.0,
      0.0
    ]
  },
  "test_acc_sfedavg": {
    "means": [
      0.555375,
      0.56335,
      0.5722,
      0.5781,
      0.58475,
      0.5925,
      0.603275,
      0.611175,
      0.62405,
      0.630575,
      0.6375,
      0.64915,
      0.663825,
      0.673825,
      0.68345,
      0.692225,
      0.7014,
      0.705625,
      0.7108,
      0.71925,
      0.7254,
      0.7319,
      0.741125,
      0.7453,
      0.75185,
      0.758325,
      0.7653,
      0.7737,
      0.7778,
      0.781875
    ],
    "stds": [
      0.0,
      0.0,
      0.0,
      0.0,
      0.0,
      0.0,
      0.0,
      0.0,
      0.0,
      0.0,
      0.0,
      0.0,
      0.0,
      0.0,
      0.0,
      0.0,
      0.0,
      0.0,
      0.0,
      0.0,
      0.0,
      0.0,
      0.0,
      0.0,
      0.0,
      0.0,
      0.0,
      0.0,
      0.0,
      0.0
    ]
  },
  "comm_floats_sfedavg": {
    "means": [
      816060.0,
      1632120.0,
      2448180.0,
      3264240.0,
      4080300.0,
      4896360.0,
      5712420.0,
      6528480.0,
      7344540.0,
      8160600.0,
      8976660.0,
      9792720.0,
      10608780.0,
      11424840.0,
      12240900.0,
      13056960.0,
      13873020.0,
      14689080.0,
      15505140.0,
      16321200.0,
      17137260.0,
      17953320.0,
      18769380.0,
      19585440.0,
      20401500.0,
      21217560.0,
      22033620.0,
      22849680.0,
      23665740.0,
      24481800.0
    ],
    "stds": [
      0.0,
      0.0,
      0.0,
      0.0,
      0.0,
      0.0,
      0.0,
      0.0,
      0.0,
      0.0,
      0.0,
      0.0,
      0.0,
      0.0,
      0.0,
      0.0,
      0.0,
      0.0,
      0.0,
      0.0,
      0.0,
      0.0,
      0.0,
      0.0,
      0.0,
      0.0,
      0.0,
      0.0,
      0.0,
      0.0
    ]
  },
  "rounds_to_target_loss_sfedavg": {
    "means": [
      27
    ],
    "stds": [
      0.0
    ]
  }
}