{
  "train_loss_fedavg": {
    "means": [
      0.8035163889384986,
      0.7714443795196722,
      0.7421221716098472,
      0.7144755180930314,
      0.6887223220369959,
      0.6643234702866548,
      0.6415649033301959,
      0.6207542982751362,
      0.6010052151206785,
      0.5820182807203854,
      0.564772781909553,
      0.5488752195346178,
      0.533196841807166,
      0.5189191712344932,
      0.505421198266367,
      0.4931238732454937,
      0.48159791811096303,
      0.4705507901651762,
      0.46026033907199926,
      0.45056983525779903,
      0.4415809448422627,
      0.43314361140488006,
      0.42533574278173436,
      0.4179746028670832,
      0.41100841612814254,
      0.40454544457745767,
      0.3983606396466316,
      0.3924820920271239,
      0.38688463495296416,
      0.3817418182599703
    ],
    "stds": [
      0.0,
      0.0,
      0.0,
      0.0,
      0.0,
      0.0,
      0.0,
      0.0,
      0.0,
      0.0,
      0.0,
      0.0,
      0.0,
      0.0,
      0.0,
      0.0,
      0.0,
      0.0,
      0.0,
      0.0,
      0.0,
      0.0,
      0.0,
      0.0,
      0.0,
      0.0,
      0.0,
      0.0,
      0.0,
      0.0
    ]
  },
  "test_acc_fedavg": {
    "means": [
      0.56115,
      0.5755,
      0.5908,
      0.60635,
      0.62135,
      0.635525,
      0.650475,
      0.6649,
      0.6788,
      0.694,
      0.70715,
      0.71935,
      0.731825,
      0.743525,
      0.755625,
      0.766375,
      0.7762,
      0.786125,
      0.79565,
      0.804275,
      0.8122,
      0.819825,
      0.826625,
      0.83395,
      0.84035,
      0.84545,
      0.8505,
      0.855375,
      0.85985,
      0.864225
    ],
    "stds": [
      0.0,
      0.0,
      0.0,
      0.0,
      0.0,
      0.0,
      0.0,
      0.0,
      0.0,
      0.0,
      0.0,
      0.0,
      0.0,
      0.0,
      0.0,
      0.0,
      0.0,
      0.0,
      0.0,
      0.0,
      0.0,
      0.0,
      0.0,
      0.0,
      0.0,
      0.0,
      0.0,
      0.0,
      0.0,
      0.0
    ]
  },
  "comm_floats_fedavg": {
    "means": [
      20100.0,
      40200.0,
      60300.0,
      80400.0,
      100500.0,
      120600.0,
      140700.0,
      160800.0,
      180900.0,
      201000.0,
      221100.0,
      241200.0,
      261300.0,
      281400.0,
      301500.0,
      321600.0,
      341700.0,
      361800.0,
      381900.0,
      402000.0,
      422100.0,
      442200.0,
      462300.0,
      482400.0,
      502500.0,
      522600.0,
      542700.0,
      562800.0,
      582900.0,
      603000.0
    ],
    "stds": [
      0.0,
      0.0,
      0.0,
      0.0,
      0.0,
      0.0,
      0.0,
      0.0,
      0.0,
      0.0,
      0.0,
      0.0,
      0.0,
      0.0,
      0.0,
      0.0,
      0.0,
      0.0,
      0.0,
      0.0,
      0.0,
      0.0,
      0.0,
      0.0,
      0.0,
      0.0,
      0.0,
      0.0,
      0.0,
      0.0
    ]
  },
  "comm_per_0.8_acc_fedavg": {
    "means": [
      402000.0
    ],
    "stds": [
      0.0
    ]
  },
  "rounds_to_target_loss_fedavg": {
    "means": [
      16
    ],
    "stds": [
      0.0
    ]
  },
  "train_loss_sfedavg": {
    "means": [
      0.8286440888530453,
      0.8206455075743323,
      0.8153460534292613,
      0.8072465001908917,
      0.8019263840105271,
      0.7944981556649242,
      0.7850825541274975,
      0.7757615962682393,
      0.7686983255111015,
      0.7624942813117594,
      0.7535515966261562,
      0.7454775204680992,
      0.7369473382440511,
      0.7301274306969433,
      0.724964488214107,
      0.7175488899354742,
      0.7096004905843193,
      0.7028350483545688,
      0.696862316320914,
      0.6903858788496924,
      0.6864625763707508,
      0.6802164313810292,
      0.6734846206103206,
      0.6674811560240802,
      0.6630669991593107,
      0.6562303264361297,
      0.6488874499034835,
      0.6434557399124793,
      0.637123268710468,
      0.632120836107651
    ],
    "stds": [
      0.0,
      0.0,
      0.0,
      0.0,
      0.0,
      0.0,
      0.0,
      0.0,
      0.0,
      0.0,
      0.0,
      0.0,
      0.0,
      0.0,
      0.0,
      0.0,
      0.0,
      0.0,
      0.0,
      0.0,
      0.0,
      0.0,
      0.0,
      0.0,
      0.0,
      0.0,
      0.0,
      0.0,
      0.0,
      0.0
    ]
  },
  "test_acc_sfedavg": {
    "means": [
      0.548625,
      0.5524,
      0.55525,
      0.55975,
      0.562025,
      0.564825,
      0.5705,
      0.575775,
      0.578875,
      0.582525,
      0.585975,
      0.590925,
      0.596225,
      0.59985,
      0.601975,
      0.606375,
      0.61175,
      0.615225,
      0.618075,
      0.622225,
      0.624,
      0.6278,
      0.63215,
      0.635625,
      0.638675,
      0.6421,
      0.646275,
      0.649425,
      0.65395,
      0.657625
    ],
    "stds": [
      0.0,
      0.0,
      0.0,
      0.0,
      0.0,
      0.0,
      0.0,
      0.0,
      0.0,
      0.0,
      0.0,
      0.0,
      0.0,
      0.0,
      0.0,
      0.0,
      0.0,
      0.0,
      0.0,
      0.0,
      0.0,
      0.0,
      0.0,
      0.0,
      0.0,
      0.0,
      0.0,
      0.0,
      0.0,
      0.0
    ]
  },
  "comm_floats_sfedavg": {
    "means": [
      2040150.0,
      4080300.0,
      6120450.0,
      8160600.0,
      10200750.0,
      12240900.0,
      14281050.0,
      16321200.0,
      18361350.0,
      20401500.0,
      22441650.0,
      24481800.0,
      26521950.0,
      28562100.0,
      30602250.0,
      32642400.0,
      34682550.0,
      36722700.0,
      38762850.0,
      40803000.0,
      42843150.0,
      44883300.0,
      46923450.0,
      48963600.0,
      51003750.0,
      53043900.0,
      55084050.0,
      57124200.0,
      59164350.0,
      61204500.0
    ],
    "stds": [
      0.0,
      0.0,
      0.0,
      0.0,
      0.0,
      0.0,
      0.0,
      0.0,
      0.0,
      0.0,
      0.0,
      0.0,
      0.0,
      0.0,
      0.0,
      0.0,
      0.0,
      0.0,
      0.0,
      0.0,
      0.0,
      0.0,
      0.0,
      0.0,
      0.0,
      0.0,
      0.0,
      0.0,
      0.0,
      0.0
    ]
  }
}