{
  "train_loss_fedavg": {
    "means": [
      1.6032991636105047,
      1.2082488320749434,
      0.9764734523162389,
      0.8235642773497436,
      0.7194254407085509,
      0.6438400586910704,
      0.5857700155144491,
      0.5397410839646125,
      0.5025726024675663,
      0.47119759181392995,
      0.4447319696766247,
      0.42224406243571394,
      0.40313105393566734,
      0.38580529817774506,
      0.37145750069684486,
      0.3579937089602673,
      0.3459838794924865,
      0.3351505254594437,
      0.32562491113770886,
      0.3165545522728358,
      0.30755678508108214,
      0.29972272384533694,
      0.29278490162818144,
      0.2865827611354918,
      0.2806318360981369,
      0.27456644512747225,
      0.2694964582376306,
      0.26413591822082727,
      0.25928649500661866,
      0.25494028953754383,
      0.25069198040989216,
      0.2465764893701671,
      0.24313020413024605,
      0.23905753000883578,
      0.23566223370706457,
      0.23226229402379536,
      0.22902508223123513,
      0.2260831538997301,
      0.22330740865295867,
      0.22069078417763466
    ],
    "stds": [
      0.0,
      0.0,
      0.0,
      0.0,
      0.0,
      0.0,
      0.0,
      0.0,
      0.0,
      0.0,
      0.0,
      0.0,
      0.0,
      0.0,
      0.0,
      0.0,
      0.0,
      0.0,
      0.0,
      0.0,
      0.0,
      0.0,
      0.0,
      0.0,
      0.0,
      0.0,
      0.0,
      0.0,
      0.0,
      0.0,
      0.0,
      0.0,
      0.0,
      0.0,
      0.0,
      0.0,
      0.0,
      0.0,
      0.0,
      0.0
    ]
  },
  "test_acc_fedavg": {
    "means": [
      0.8166666666666667,
      0.85,
      0.8833333333333333,
      0.8916666666666667,
      0.9027777777777778,
      0.9,
      0.9111111111111111,
      0.9138888888888889,
      0.9194444444444444,
      0.9305555555555556,
      0.9222222222222223,
      0.9277777777777778,
      0.9305555555555556,
      0.925,
      0.925,
      0.9277777777777778,
      0.9361111111111111,
      0.9305555555555556,
      0.9333333333333333,
      0.9388888888888889,
      0.9416666666666667,
      0.9416666666666667,
      0.9444444444444444,
      0.9444444444444444,
      0.9444444444444444,
      0.95,
      0.9555555555555556,
      0.9555555555555556,
      0.9555555555555556,
      0.9555555555555556,
      0.9472222222222222,
      0.9472222222222222,
      0.9472222222222222,
      0.9583333333333334,
      0.9583333333333334,
      0.9583333333333334,
      0.9583333333333334,
      0.9611111111111111,
      0.9611111111111111,
      0.9611111111111111
    ],
    "stds": [
      0.0,
      0.0,
      0.0,
      0.0,
      0.0,
      0.0,
      0.0,
      0.0,
      0.0,
      0.0,
      0.0,
      0.0,
      0.0,
      0.0,
      0.0,
      0.0,
      0.0,
      0.0,
      0.0,
      0.0,
      0.0,
      0.0,
      0.0,
      0.0,
      0.0,
      0.0,
      0.0,
      0.0,
      0.0,
      0.0,
      0.0,
      0.0,
      0.0,
      0.0,
      0.0,
      0.0,
      0.0,
      0.0,
      0.0,
      0.0
    ]
  },
  "comm_MB_fedavg": {
    "means": [
      0.03328,
      0.06656,
      0.09983999999999998,
      0.13312,
      0.1664,
      0.19968,
      0.23296,
      0.26624,
      0.29951999999999995,
      0.33279999999999993,
      0.3660799999999999,
      0.3993599999999999,
      0.43263999999999986,
      0.46591999999999983,
      0.4991999999999998,
      0.5324799999999998,
      0.5657599999999998,
      0.5990399999999998,
      0.6323199999999998,
      0.6655999999999997,
      0.6988799999999997,
      0.7321599999999997,
      0.7654399999999997,
      0.7987199999999997,
      0.8319999999999996,
      0.8652799999999996,
      0.8985599999999996,
      0.9318399999999996,
      0.9651199999999995,
      0.9983999999999995,
      1.0316799999999995,
      1.0649599999999995,
      1.0982399999999994,
      1.1315199999999994,
      1.1647999999999994,
      1.1980799999999994,
      1.2313599999999993,
      1.2646399999999993,
      1.2979199999999993,
      1.3311999999999993
    ],
    "stds": [
      0.0,
      0.0,
      0.0,
      0.0,
      0.0,
      0.0,
      0.0,
      0.0,
      0.0,
      0.0,
      0.0,
      0.0,
      0.0,
      0.0,
      0.0,
      0.0,
      0.0,
      0.0,
      0.0,
      0.0,
      0.0,
      0.0,
      0.0,
      0.0,
      0.0,
      0.0,
      0.0,
      0.0,
      0.0,
      0.0,
      0.0,
      0.0,
      0.0,
      0.0,
      0.0,
      0.0,
      0.0,
      0.0,
      0.0,
      0.0
    ]
  },
  "train_loss_sfedavg": {
    "means": [
      1.886119344233515,
      1.6308055651278182,
      1.405451398339004,
      1.2345358526554906,
      1.0856676323007715,
      0.9722292376726417,
      0.8790994682872033,
      0.8173925400373858,
      0.7496148194847568,
      0.7049641620138896,
      0.6686601596661323,
      0.6313346290677397,
      0.5942198101248296,
      0.5602768861606346,
      0.5382197984626967,
      0.5105607058455724,
      0.4889533049799026,
      0.4710676661294237,
      0.4543055781274821,
      0.43772803940319926,
      0.4251452772323543,
      0.41443573294528474,
      0.40266880232982966,
      0.3936714456852019,
      0.38486228812301293,
      0.3754639772567098,
      0.3652182448450215,
      0.3576236706718701,
      0.34932879689372226,
      0.3418952082404948,
      0.33533707526525974,
      0.3294414052202243,
      0.32315274915873615,
      0.31763195072173295,
      0.312390117265117,
      0.30740310786698605,
      0.30223997281284043,
      0.2979338074608623,
      0.2934330755612455,
      0.2897690028688696
    ],
    "stds": [
      0.0,
      0.0,
      0.0,
      0.0,
      0.0,
      0.0,
      0.0,
      0.0,
      0.0,
      0.0,
      0.0,
      0.0,
      0.0,
      0.0,
      0.0,
      0.0,
      0.0,
      0.0,
      0.0,
      0.0,
      0.0,
      0.0,
      0.0,
      0.0,
      0.0,
      0.0,
      0.0,
      0.0,
      0.0,
      0.0,
      0.0,
      0.0,
      0.0,
      0.0,
      0.0,
      0.0,
      0.0,
      0.0,
      0.0,
      0.0
    ]
  },
  "test_acc_sfedavg": {
    "means": [
      0.6305555555555555,
      0.7138888888888889,
      0.7555555555555555,
      0.7888888888888889,
      0.825,
      0.825,
      0.85,
      0.8527777777777777,
      0.8583333333333333,
      0.8666666666666667,
      0.8666666666666667,
      0.8694444444444445,
      0.8805555555555555,
      0.8916666666666667,
      0.8972222222222223,
      0.9138888888888889,
      0.9111111111111111,
      0.9111111111111111,
      0.9194444444444444,
      0.925,
      0.925,
      0.9333333333333333,
      0.9305555555555556,
      0.9305555555555556,
      0.9305555555555556,
      0.9333333333333333,
      0.9388888888888889,
      0.9388888888888889,
      0.9361111111111111,
      0.9333333333333333,
      0.9333333333333333,
      0.9333333333333333,
      0.9333333333333333,
      0.9361111111111111,
      0.9361111111111111,
      0.9361111111111111,
      0.9361111111111111,
      0.9333333333333333,
      0.9361111111111111,
      0.9361111111111111
    ],
    "stds": [
      0.0,
      0.0,
      0.0,
      0.0,
      0.0,
      0.0,
      0.0,
      0.0,
      0.0,
      0.0,
      0.0,
      0.0,
      0.0,
      0.0,
      0.0,
      0.0,
      0.0,
      0.0,
      0.0,
      0.0,
      0.0,
      0.0,
      0.0,
      0.0,
      0.0,
      0.0,
      0.0,
      0.0,
      0.0,
      0.0,
      0.0,
      0.0,
      0.0,
      0.0,
      0.0,
      0.0,
      0.0,
      0.0,
      0.0,
      0.0
    ]
  },