{
  "train_loss_sfedavg": {
    "means": [
      1.7050905203877047,
      1.2648324673923734,
      1.0099657260700619,
      0.8873702358039816,
      0.7953257882505845,
      0.6806518998186424,
      0.606911673773341,
      0.5618379372885407,
      0.5187660878261915,
      0.49508927562609656,
      0.4700564436269575,
      0.44193705008128387,
      0.41604345828171074,
      0.399908270938249,
      0.3793588648205922,
      0.36639428691375464,
      0.35704512322504733,
      0.3448378777532123,
      0.3332402796394818,
      0.32335762677278374,
      0.3104309329504239,
      0.29659374886938533,
      0.2873533634473256,
      0.27797934495999316,
      0.27137175268667646,
      0.2663941838105874,
      0.26000983495604196,
      0.2543420663563123,
      0.24790837233823904,
      0.24536040854023375,
      0.2391047630274957,
      0.2327614237804694,
      0.23032281177056937,
      0.22679986711828573,
      0.22250178496417372,
      0.21913279250616355,
      0.21691208473262066,
      0.21322243933966387,
      0.2113455422648521,
      0.20801427883187915,
      0.20580945566119901,
      0.20437130789776287,
      0.20166121190495104,
      0.19986681778021642,
      0.19651287158649722,
      0.1953243607801313,
      0.19383003932557794,
      0.1913027983962842,
      0.1904587304431879,
      0.18768571032786902,
      0.18645100886117488,
      0.1851388663426338,
      0.18191482543973672,
      0.1799248984432542,
      0.17739436919957527,
      0.17636595658979923,
      0.17509015779570178,
      0.17477349292412558,
      0.17337702517239073,
      0.1724674953750977
    ],
    "stds": [
      0.0,
      0.0,
      0.0,
      0.0,
      0.0,
      0.0,
      0.0,
      0.0,
      0.0,
      0.0,
      0.0,
      0.0,
      0.0,
      0.0,
      0.0,
      0.0,
      0.0,
      0.0,
      0.0,
      0.0,
      0.0,
      0.0,
      0.0,
      0.0,
      0.0,
      0.0,
      0.0,
      0.0,
      0.0,
      0.0,
      0.0,
      0.0,
      0.0,
      0.0,
      0.0,
      0.0,
      0.0,
      0.0,
      0.0,
      0.0,
      0.0,
      0.0,
      0.0,
      0.0,
      0.0,
      0.0,
      0.0,
      0.0,
      0.0,
      0.0,
      0.0,
      0.0,
      0.0,
      0.0,
      0.0,
      0.0,
      0.0,
      0.0,
      0.0,
      0.0
    ]
  },
  "test_acc_sfedavg": {
    "means": [
      0.6861111111111111,
      0.7944444444444444,
      0.8416666666666667,
      0.8472222222222222,
      0.8694444444444445,
      0.8722222222222222,
      0.8916666666666667,
      0.8861111111111111,
      0.8861111111111111,
      0.8888888888888888,
      0.8944444444444445,
      0.9,
      0.9111111111111111,
      0.925,
      0.9305555555555556,
      0.9277777777777778,
      0.9361111111111111,
      0.9388888888888889,
      0.9361111111111111,
      0.9388888888888889,
      0.9472222222222222,
      0.9416666666666667,
      0.9361111111111111,
      0.9305555555555556,
      0.9388888888888889,
      0.9444444444444444,
      0.9333333333333333,
      0.9333333333333333,
      0.9305555555555556,
      0.9361111111111111,
      0.9361111111111111,
      0.9416666666666667,
      0.9388888888888889,
      0.9416666666666667,
      0.9416666666666667,
      0.9444444444444444,
      0.9444444444444444,
      0.9361111111111111,
      0.9305555555555556,
      0.9333333333333333,
      0.9361111111111111,
      0.9361111111111111,
      0.9361111111111111,
      0.9388888888888889,
      0.9416666666666667,
      0.9416666666666667,
      0.9416666666666667,
      0.9416666666666667,
      0.9416666666666667,
      0.9416666666666667,
      0.9444444444444444,
      0.9472222222222222,
      0.9555555555555556,
      0.9555555555555556,
      0.9583333333333334,
      0.9583333333333334,
      0.9583333333333334,
      0.9583333333333334,
      0.9555555555555556,
      0.9583333333333334
    ],
    "stds": [
      0.0,
      0.0,
      0.0,
      0.0,
      0.0,
      0.0,
      0.0,
      0.0,
      0.0,
      0.0,
      0.0,
      0.0,
      0.0,
      0.0,
      0.0,
      0.0,
      0.0,
      0.0,
      0.0,
      0.0,
      0.0,
      0.0,
      0.0,
      0.0,
      0.0,
      0.0,
      0.0,
      0.0,
      0.0,
      0.0,
      0.0,
      0.0,
      0.0,
      0.0,
      0.0,
      0.0,
      0.0,
      0.0,
      0.0,
      0.0,
      0.0,
      0.0,
      0.0,
      0.0,
      0.0,
      0.0,
      0.0,
      0.0,
      0.0,
      0.0,
      0.0,
      0.0,
      0.0,
      0.0,
      0.0,
      0.0,
      0.0,
      0.0,
      0.0,
      0.0
    ]
  },
  "comm_MB_sfedavg": {
    "means": [
      1.65632,
      3.31264,
      4.96896,
      6.62528,
      8.281600000000001,
      9.937920000000002,
      11.594240000000003,
      13.250560000000004,
      14.906880000000005,
      16.563200000000005,
      18.219520000000006,
      19.875840000000007,
      21.532160000000008,
      23.18848000000001,
      24.84480000000001,
      26.50112000000001,
      28.157440000000012,
      29.813760000000013,
      31.470080000000014,
      33.12640000000001,
      34.78272000000001,
      36.43904000000001,
      38.095360000000014,
      39.751680000000015,
      41.408000000000015,
      43.064320000000016,
      44.72064000000002,
      46.37696000000002,
      48.03328000000002,
      49.68960000000002,
      51.34592000000002,
      53.00224000000002,
      54.65856000000002,
      56.314880000000024,
      57.971200000000024,
      59.627520000000025,
      61.283840000000026,
      62.94016000000003,
      64.59648000000003,
      66.25280000000002,
      67.90912000000002,
      69.56544000000001,
      71.22176,
      72.87808,
      74.53439999999999,
      76.19071999999998,
      77.84703999999998,
      79.50335999999997,
      81.15967999999997,
      82.81599999999996,
      84.47231999999995,
      86.12863999999995,
      87.78495999999994,
      89.44127999999994,
      91.09759999999993,
      92.75391999999992,
      94.41023999999992,
      96.06655999999991,
      97.7228799999999,
      99.3791999999999
    ],
    "stds": [
      0.0,
      0.0,
      0.0,
      0.0,
      0.0,
      0.0,
      0.0,
      0.0,
      0.0,
      0.0,
      0.0,
      0.0,
      0.0,
      0.0,
      0.0,
      0.0,
      0.0,
      0.0,
      0.0,
      0.0,
      0.0,
      0.0,
      0.0,
      0.0,
      0.0,
      0.0,
      0.0,
      0.0,
      0.0,
      0.0,
      0.0,
      0.0,
      0.0,
      0.0,
      0.0,
      0.0,
      0.0,
      0.0,
      0.0,
      0.0,
      0.0,
      0.0,
      0.0,
      0.0,
      0.0,
      0.0,
      0.0,
      0.0,
      0.0,
      0.0,
      0.0,
      0.0,
      0.0,
      0.0,
      0.0,
      0.0,
      0.0,
      0.0,
      0.0,
      0.0
    ]
  }
}