{
  "train_loss": {
    "means": [
      1.9859042043679949,
      1.8788137098976305,
      1.5950449794285484,
      1.4432600018451514,
      1.3483898124235367,
      1.2011026097321478,
      1.135557853809914,
      1.0368877187809753,
      0.9720307040121674,
      0.9344511143195887,
      0.89907887364027,
      0.847395132776065,
      0.8016495572401207,
      0.7741478949203001,
      0.7445667594518655,
      0.725876780682862,
      0.7150308141218633,
      0.679240699436387,
      0.6531188695661061,
      0.6450403842944725,
      0.627337664879048,
      0.6121867751649019,
      0.5926638209270538,
      0.5842923319149098,
      0.5707935747255044,
      0.5612502782999182,
      0.5344866435156951,
      0.5204806110599703,
      0.502704941614678,
      0.49548273718339764,
      0.4833129425418527,
      0.4784242742784333,
      0.46638536351605214,
      0.46540060791506327,
      0.45831376408938995,
      0.4525190211351957,
      0.44812739971142573,
      0.42658547033121763,
      0.4242895949021001,
      0.41782766345328803,
      0.41036404655270375,
      0.39896523979323273,
      0.3958603599659104,
      0.3906165190535519,
      0.38821994358351386,
      0.38295476464237643,
      0.3776387910200882,
      0.37359717315462776,
      0.36649060327599253,
      0.36752913943301374
    ],
    "stds": [
      0.0,
      0.0,
      0.0,
      0.0,
      0.0,
      0.0,
      0.0,
      0.0,
      0.0,
      0.0,
      0.0,
      0.0,
      0.0,
      0.0,
      0.0,
      0.0,
      0.0,
      0.0,
      0.0,
      0.0,
      0.0,
      0.0,
      0.0,
      0.0,
      0.0,
      0.0,
      0.0,
      0.0,
      0.0,
      0.0,
      0.0,
      0.0,
      0.0,
      0.0,
      0.0,
      0.0,
      0.0,
      0.0,
      0.0,
      0.0,
      0.0,
      0.0,
      0.0,
      0.0,
      0.0,
      0.0,
      0.0,
      0.0,
      0.0,
      0.0
    ]
  },
  "test_loss": {
    "means": [
      2.0091005267181727,
      1.9152712870724884,
      1.6355566051127315,
      1.4859785462047808,
      1.3898462596337315,
      1.229220091632676,
      1.1697035681920949,
      1.0648805460698154,
      1.008894817007572,
      0.9629137652185101,
      0.9281405720863926,
      0.8709681643994857,
      0.823056433623623,
      0.7920079487976502,
      0.7584431541170612,
      0.7420765395413473,
      0.7271303443258704,
      0.6937554315596152,
      0.670159363110422,
      0.6567755773335258,
      0.6408473871755727,
      0.6310874114258985,
      0.6127746483100422,
      0.6083457029524304,
      0.5901858954721007,
      0.5843881280667149,
      0.5642684625082413,
      0.5513768817853685,
      0.5346026126385496,
      0.5242935131383047,
      0.5184721914061768,
      0.5163087099077743,
      0.5059254767347496,
      0.5061502363412219,
      0.4967465197131418,
      0.49274390045945177,
      0.4847214394323157,
      0.45419873488383977,
      0.45432108379822306,
      0.45213885317896746,
      0.44952010509382173,
      0.44948658137659675,
      0.4468728228439798,
      0.4437682458858586,
      0.4332529033520918,
      0.43467555861664836,
      0.430493169128317,
      0.42507720152306583,
      0.42333046747993036,
      0.4249742212240109
    ],
    "stds": [
      0.0,
      0.0,
      0.0,
      0.0,
      0.0,
      0.0,
      0.0,
      0.0,
      0.0,
      0.0,
      0.0,
      0.0,
      0.0,
      0.0,
      0.0,
      0.0,
      0.0,
      0.0,
      0.0,
      0.0,
      0.0,
      0.0,
      0.0,
      0.0,
      0.0,
      0.0,
      0.0,
      0.0,
      0.0,
      0.0,
      0.0,
      0.0,
      0.0,
      0.0,
      0.0,
      0.0,
      0.0,
      0.0,
      0.0,
      0.0,
      0.0,
      0.0,
      0.0,
      0.0,
      0.0,
      0.0,
      0.0,
      0.0,
      0.0,
      0.0
    ]
  },
  "test_accuracy": {
    "means": [
      0.3055555555555556,
      0.3611111111111111,
      0.4777777777777778,
      0.5444444444444444,
      0.5972222222222222,
      0.6444444444444445,
      0.675,
      0.7,
      0.7055555555555556,
      0.7055555555555556,
      0.7333333333333333,
      0.7638888888888888,
      0.7694444444444445,
      0.7777777777777778,
      0.7944444444444444,
      0.7916666666666666,
      0.7861111111111111,
      0.8055555555555556,
      0.8138888888888889,
      0.8138888888888889,
      0.8222222222222222,
      0.8166666666666667,
      0.8194444444444444,
      0.8194444444444444,
      0.825,
      0.8416666666666667,
      0.8333333333333334,
      0.8472222222222222,
      0.8611111111111112,
      0.8527777777777777,
      0.8555555555555555,
      0.8527777777777777,
      0.8694444444444445,
      0.8638888888888889,
      0.8666666666666667,
      0.8694444444444445,
      0.8694444444444445,
      0.8805555555555555,
      0.8777777777777778,
      0.8916666666666667,
      0.8833333333333333,
      0.8888888888888888,
      0.8916666666666667,
      0.8944444444444445,
      0.8972222222222223,
      0.8916666666666667,
      0.8972222222222223,
      0.8888888888888888,
      0.8833333333333333,
      0.8888888888888888
    ],
    "stds": [
      0.0,
      0.0,
      0.0,
      0.0,
      0.0,
      0.0,
      0.0,
      0.0,
      0.0,
      0.0,
      0.0,
      0.0,
      0.0,
      0.0,
      0.0,
      0.0,
      0.0,
      0.0,
      0.0,
      0.0,
      0.0,
      0.0,
      0.0,
      0.0,
      0.0,
      0.0,
      0.0,
      0.0,
      0.0,
      0.0,
      0.0,
      0.0,
      0.0,
      0.0,
      0.0,
      0.0,
      0.0,
      0.0,
      0.0,
      0.0,
      0.0,
      0.0,
      0.0,
      0.0,
      0.0,
      0.0,
      0.0,
      0.0,
      0.0,
      0.0
    ]
  },
  "communication_bytes": {
    "means": [
      936000,
      1872000,
      2808000,
      3744000,
      4680000,
      5616000,
      6552000,
      7488000,
      8424000,
      9360000,
      10296000,
      11232000,
      12168000,
      13104000,
      14040000,
      14976000,
      15912000,
      16848000,
      17784000,
      18720000,
      19656000,
      20592000,
      21528000,
      22464000,
      23400000,
      24336000,
      25272000,
      26208000,
      27144000,
      28080000,
      29016000,
      29952000,
      30888000,
      31824000,
      32760000,
      33696000,
      34632000,
      35568000,
      36504000,
      37440000,
      38376000,
      39312000,
      40248000,
      41184000,
      42120000,
      43056000,
      43992000,
      44928000,
      45864000,
      46800000
    ],
    "stds": [
      0.0,
      0.0,
      0.0,
      0.0,
      0.0,
      0.0,
      0.0,
      0.0,
      0.0,
      0.0,
      0.0,
      0.0,
      0.0,
      0.0,
      0.0,
      0.0,
      0.0,
      0.0,
      0.0,
      0.0,
      0.0,
      0.0,
      0.0,
      0.0,
      0.0,
      0.0,
      0.0,
      0.0,
      0.0,
      0.0,
      0.0,
      0.0,
      0.0,
      0.0,
      0.0,
      0.0,
      0.0,
      0.0,
      0.0,
      0.0,
      0.0,
      0.0,
      0.0,
      0.0,
      0.0,
      0.0,
      0.0,
      0.0,
      0.0,
      0.0
    ]
  }
}