{
  "train_loss/FedAvg": {
    "means": [
      0.8095317764828941,
      0.5503925628642927,
      0.4364420897030934,
      0.37097563362793934,
      0.28158562358745953,
      0.24024725031990213,
      0.2165150867659589,
      0.1977552994635696,
      0.18303402159219914,
      0.17186548765603324,
      0.16438407302050437,
      0.15712526309404623,
      0.1505813315048117,
      0.14484629467823937,
      0.14081475902285093,
      0.13650313817424883,
      0.13233412151157958,
      0.1285044763962695,
      0.1257426432812168,
      0.12268966860276007,
      0.11954808288184929,
      0.11673625624688722,
      0.114691169190894,
      0.11234638781173674,
      0.10982240187962776,
      0.1076490859307804,
      0.10605898950248831,
      0.10417724660711217,
      0.10207733215408363,
      0.10033917016638093,
      0.09906033937597429,
      0.09750684350512798,
      0.09571580695704172,
      0.09429213426305175,
      0.09323718561409201,
      0.09192629115011006,
      0.09037022435378478,
      0.08918228685436869,
      0.08829398599274287,
      0.0871684623694872,
      0.08579727257141374,
      0.0847904809279981,
      0.08402981175597125,
      0.08305006084711862,
      0.0818280769392548,
      0.08096346234471329,
      0.0803029009712332,
      0.07944043997358462,
      0.07834128738276602,
      0.07759035163305199,
      0.07700990671124934,
      0.07624358448504899,
      0.07524719665270323,
      0.07458861694999254,
      0.07407342432038076,
      0.07338714107095942,
      0.07247789182065001,
      0.07189539590531462,
      0.07143417649576553,
      0.07081541779640022,
      0.06998090065150778,
      0.06946185667193218,
      0.06904589377006269,
      0.06848475241559879,
      0.06771495505276486,
      0.06724940752503217,
      0.06687185315131902,
      0.06636036027612605,
      0.06564708909047895,
      0.06522708490752606,
      0.06488247889624618,
      0.06441413538371907,
      0.06375060382144203,
      0.06336971183442897,
      0.06305364153127654,
      0.06262308218788164,
      0.062003609604100604,
      0.06165657201946097,
      0.06136542720824076,
      0.0609681752035972
    ],
    "stds": [
      0.0,
      0.0,
      0.0,
      0.0,
      0.0,
      0.0,
      0.0,
      0.0,
      0.0,
      0.0,
      0.0,
      0.0,
      0.0,
      0.0,
      0.0,
      0.0,
      0.0,
      0.0,
      0.0,
      0.0,
      0.0,
      0.0,
      0.0,
      0.0,
      0.0,
      0.0,
      0.0,
      0.0,
      0.0,
      0.0,
      0.0,
      0.0,
      0.0,
      0.0,
      0.0,
      0.0,
      0.0,
      0.0,
      0.0,
      0.0,
      0.0,
      0.0,
      0.0,
      0.0,
      0.0,
      0.0,
      0.0,
      0.0,
      0.0,
      0.0,
      0.0,
      0.0,
      0.0,
      0.0,
      0.0,
      0.0,
      0.0,
      0.0,
      0.0,
      0.0,
      0.0,
      0.0,
      0.0,
      0.0,
      0.0,
      0.0,
      0.0,
      0.0,
      0.0,
      0.0,
      0.0,
      0.0,
      0.0,
      0.0,
      0.0,
      0.0,
      0.0,
      0.0,
      0.0,
      0.0
    ]
  },
  "test_accuracy/FedAvg": {
    "means": [
      0.85,
      0.9055555555555556,
      0.9194444444444444,
      0.9166666666666666,
      0.925,
      0.9277777777777778,
      0.9277777777777778,
      0.9333333333333333,
      0.9333333333333333,
      0.9361111111111111,
      0.9388888888888889,
      0.9416666666666667,
      0.9527777777777777,
      0.9416666666666667,
      0.95,
      0.95,
      0.9555555555555556,
      0.9527777777777777,
      0.9527777777777777,
      0.9527777777777777,
      0.9583333333333334,
      0.9555555555555556,
      0.9555555555555556,
      0.9555555555555556,
      0.9583333333333334,
      0.9583333333333334,
      0.9611111111111111,
      0.9583333333333334,
      0.9583333333333334,
      0.9611111111111111,
      0.9611111111111111,
      0.9583333333333334,
      0.9638888888888889,
      0.9666666666666667,
      0.9611111111111111,
      0.9611111111111111,
      0.9638888888888889,
      0.9666666666666667,
      0.9611111111111111,
      0.9666666666666667,
      0.9666666666666667,
      0.9666666666666667,
      0.9638888888888889,
      0.9666666666666667,
      0.9666666666666667,
      0.9666666666666667,
      0.9666666666666667,
      0.9666666666666667,
      0.9694444444444444,
      0.9666666666666667,
      0.9666666666666667,
      0.9666666666666667,
      0.9694444444444444,
      0.9666666666666667,
      0.9666666666666667,
      0.9666666666666667,
      0.9694444444444444,
      0.9666666666666667,
      0.9694444444444444,
      0.9666666666666667,
      0.9694444444444444,
      0.9666666666666667,
      0.9694444444444444,
      0.9666666666666667,
      0.9694444444444444,
      0.9666666666666667,
      0.9694444444444444,
      0.9694444444444444,
      0.9694444444444444,
      0.9666666666666667,
      0.9694444444444444,
      0.9694444444444444,
      0.9694444444444444,
      0.9666666666666667,
      0.9694444444444444,
      0.9694444444444444,
      0.9694444444444444,
      0.9666666666666667,
      0.9694444444444444,
      0.9694444444444444
    ],
    "stds": [
      0.0,
      0.0,
      0.0,
      0.0,
      0.0,
      0.0,
      0.0,
      0.0,
      0.0,
      0.0,
      0.0,
      0.0,
      0.0,
      0.0,
      0.0,
      0.0,
      0.0,
      0.0,
      0.0,
      0.0,
      0.0,
      0.0,
      0.0,
      0.0,
      0.0,
      0.0,
      0.0,
      0.0,
      0.0,
      0.0,
      0.0,
      0.0,
      0.0,
      0.0,
      0.0,
      0.0,
      0.0,
      0.0,
      0.0,
      0.0,
      0.0,
      0.0,
      0.0,
      0.0,
      0.0,
      0.0,
      0.0,
      0.0,
      0.0,
      0.0,
      0.0,
      0.0,
      0.0,
      0.0,
      0.0,
      0.0,
      0.0,
      0.0,
      0.0,
      0.0,
      0.0,
      0.0,
      0.0,
      0.0,
      0.0,
      0.0,
      0.0,
      0.0,
      0.0,
      0.0,
      0.0,
      0.0,
      0.0,
      0.0,
      0.0,
      0.0,
      0.0,
      0.0,
      0.0,
      0.0
    ]
  },
  "cumulative_comm_params/FedAvg": {
    "means": [
      6400,
      12800,
      19200,
      25600,
      32000,
      38400,
      44800,
      51200,
      57600,
      64000,
      70400,
      76800,
      83200,
      89600,
      96000,
      102400,
      108800,
      115200,
      121600,
      128000,
      134400,
      140800,
      147200,
      153600,
      160000,
      166400,
      172800,
      179200,
      185600,
      192000,
      198400,
      204800,
      211200,
      217600,
      224000,
      230400,
      236800,
      243200,
      249600,
      256000,
      262400,
      268800,
      275200,
      281600,
      288000,
      294400,
      300800,
      307200,
      313600,
      320000,
      326400,
      332800,
      339200,
      345600,
      352000,
      358400,
      364800,
      371200,
      377600,
      384000,
      390400,
      396800,
      403200,
      409600,
      416000,
      422400,
      428800,
      435200,
      441600,
      448000,
      454400,
      460800,
      467200,
      473600,
      480000,
      486400,
      492800,
      499200,
      505600,
      512000
    ],
    "stds": [
      0,
      0,
      0,
      0,
      0,
      0,
      0,
      0,
      0,
      0,
      0,
      0,
      0,
      0,
      0,
      0,
      0,
      0,
      0,
      0,
      0,
      0,
      0,
      0,
      0,
      0,
      0,
      0,
      0,
      0,
      0,
      0,
      0,
      0,
      0,
      0,
      0,
      0,
      0,
      0,
      0,
      0,
      0,
      0,
      0,
      0,
      0,
      0,
      0,
      0,
      0,
      0,
      0,
      0,
      0,
      0,
      0,
      0,
      0,
      0,
      0,
      0,
      0,
      0,
      0,
      0,
      0,
      0,
      0,
      0,
      0,
      0,
      0,
      0,
      0,
      0,
      0,
      0,
      0,
      0
    ]
  },