{
  "train_loss": {
    "means": [
      2.2289229854648696,
      2.205789433647959,
      2.178317410479532,
      2.1469302573237785,
      2.115695501775081,
      2.0878171968262684,
      2.0504224843122514,
      2.025601670528261,
      1.9986705318773281,
      1.9704013651512584,
      1.9430617198108278,
      1.9099294167308014,
      1.8885608192067,
      1.8656637912527534,
      1.839104053230784,
      1.8134670658811944,
      1.7923745000476967,
      1.7661882883242483,
      1.7411832573406683,
      1.7154308362962531,
      1.6958748681952798,
      1.676799684063852,
      1.6513915646958994,
      1.634180003215075,
      1.613045082363799,
      1.5935302135312517,
      1.5775916539185266,
      1.557164012266827,
      1.5415098562929568,
      1.5278279170945104,
      1.5126971714895918,
      1.4950857018148136,
      1.477755911185625,
      1.4616585336852008,
      1.4446163674234573,
      1.4289550929399217,
      1.4181295978616615,
      1.4042039914712625,
      1.3905597536890348,
      1.3757081473321555,
      1.363050351876584,
      1.3507689008457084,
      1.3432068358125617,
      1.3325481334593525,
      1.3198171344430583,
      1.309333955071901,
      1.298968737001172,
      1.2869067566740238,
      1.2753133353203432,
      1.2629707459141686
    ],
    "stds": [
      0.0,
      0.0,
      0.0,
      0.0,
      0.0,
      0.0,
      0.0,
      0.0,
      0.0,
      0.0,
      0.0,
      0.0,
      0.0,
      0.0,
      0.0,
      0.0,
      0.0,
      0.0,
      0.0,
      0.0,
      0.0,
      0.0,
      0.0,
      0.0,
      0.0,
      0.0,
      0.0,
      0.0,
      0.0,
      0.0,
      0.0,
      0.0,
      0.0,
      0.0,
      0.0,
      0.0,
      0.0,
      0.0,
      0.0,
      0.0,
      0.0,
      0.0,
      0.0,
      0.0,
      0.0,
      0.0,
      0.0,
      0.0,
      0.0,
      0.0
    ]
  },
  "test_accuracy": {
    "means": [
      0.7395,
      0.642,
      0.5975,
      0.597,
      0.6255,
      0.619,
      0.6255,
      0.62,
      0.623,
      0.6305,
      0.641,
      0.65,
      0.656,
      0.6655,
      0.659,
      0.6565,
      0.651,
      0.6635,
      0.669,
      0.6625,
      0.6645,
      0.6685,
      0.6735,
      0.688,
      0.6835,
      0.695,
      0.6905,
      0.6975,
      0.7005,
      0.7005,
      0.7015,
      0.701,
      0.71,
      0.7105,
      0.71,
      0.7145,
      0.7155,
      0.721,
      0.72,
      0.722,
      0.7255,
      0.725,
      0.7285,
      0.7275,
      0.7345,
      0.732,
      0.7385,
      0.741,
      0.748,
      0.7485
    ],
    "stds": [
      0.0,
      0.0,
      0.0,
      0.0,
      0.0,
      0.0,
      0.0,
      0.0,
      0.0,
      0.0,
      0.0,
      0.0,
      0.0,
      0.0,
      0.0,
      0.0,
      0.0,
      0.0,
      0.0,
      0.0,
      0.0,
      0.0,
      0.0,
      0.0,
      0.0,
      0.0,
      0.0,
      0.0,
      0.0,
      0.0,
      0.0,
      0.0,
      0.0,
      0.0,
      0.0,
      0.0,
      0.0,
      0.0,
      0.0,
      0.0,
      0.0,
      0.0,
      0.0,
      0.0,
      0.0,
      0.0,
      0.0,
      0.0,
      0.0,
      0.0
    ]
  },
  "uplink_floats": {
    "means": [
      400.0,
      800.0,
      1200.0,
      1600.0,
      2000.0,
      2400.0,
      2800.0,
      3200.0,
      3600.0,
      4000.0,
      4400.0,
      4800.0,
      5200.0,
      5600.0,
      6000.0,
      6400.0,
      6800.0,
      7200.0,
      7600.0,
      8000.0,
      8400.0,
      8800.0,
      9200.0,
      9600.0,
      10000.0,
      10400.0,
      10800.0,
      11200.0,
      11600.0,
      12000.0,
      12400.0,
      12800.0,
      13200.0,
      13600.0,
      14000.0,
      14400.0,
      14800.0,
      15200.0,
      15600.0,
      16000.0,
      16400.0,
      16800.0,
      17200.0,
      17600.0,
      18000.0,
      18400.0,
      18800.0,
      19200.0,
      19600.0,
      20000.0
    ],
    "stds": [
      0.0,
      0.0,
      0.0,
      0.0,
      0.0,
      0.0,
      0.0,
      0.0,
      0.0,
      0.0,
      0.0,
      0.0,
      0.0,
      0.0,
      0.0,
      0.0,
      0.0,
      0.0,
      0.0,
      0.0,
      0.0,
      0.0,
      0.0,
      0.0,
      0.0,
      0.0,
      0.0,
      0.0,
      0.0,
      0.0,
      0.0,
      0.0,
      0.0,
      0.0,
      0.0,
      0.0,
      0.0,
      0.0,
      0.0,
      0.0,
      0.0,
      0.0,
      0.0,
      0.0,
      0.0,
      0.0,
      0.0,
      0.0,
      0.0,
      0.0
    ]
  },
  "downlink_floats": {
    "means": [
      2400.0,
      4800.0,
      7200.0,
      9600.0,
      12000.0,
      14400.0,
      16800.0,
      19200.0,
      21600.0,
      24000.0,
      26400.0,
      28800.0,
      31200.0,
      33600.0,
      36000.0,
      38400.0,
      40800.0,
      43200.0,
      45600.0,
      48000.0,
      50400.0,
      52800.0,
      55200.0,
      57600.0,
      60000.0,
      62400.0,
      64800.0,
      67200.0,
      69600.0,
      72000.0,
      74400.0,
      76800.0,
      79200.0,
      81600.0,
      84000.0,
      86400.0,
      88800.0,
      91200.0,
      93600.0,
      96000.0,
      98400.0,
      100800.0,
      103200.0,
      105600.0,
      108000.0,
      110400.0,
      112800.0,
      115200.0,
      117600.0,
      120000.0
    ],
    "stds": [
      0.0,
      0.0,
      0.0,
      0.0,
      0.0,
      0.0,
      0.0,
      0.0,
      0.0,
      0.0,
      0.0,
      0.0,
      0.0,
      0.0,
      0.0,
      0.0,
      0.0,
      0.0,
      0.0,
      0.0,
      0.0,
      0.0,
      0.0,
      0.0,
      0.0,
      0.0,
      0.0,
      0.0,
      0.0,
      0.0,
      0.0,
      0.0,
      0.0,
      0.0,
      0.0,
      0.0,
      0.0,
      0.0,
      0.0,
      0.0,
      0.0,
      0.0,
      0.0,
      0.0,
      0.0,
      0.0,
      0.0,
      0.0,
      0.0,
      0.0
    ]
  },
  "total_floats": {
    "means": [
      2800.0,
      5600.0,
      8400.0,
      11200.0,
      14000.0,
      16800.0,
      19600.0,
      22400.0,
      25200.0,
      28000.0,
      30800.0,
      33600.0,
      36400.0,
      39200.0,
      42000.0,
      44800.0,
      47600.0,
      50400.0,
      53200.0,
      56000.0,
      58800.0,
      61600.0,
      64400.0,
      67200.0,
      70000.0,
      72800.0,
      75600.0,
      78400.0,
      81200.0,
      84000.0,
      86800.0,
      89600.0,
      92400.0,
      95200.0,
      98000.0,
      100800.0,
      103600.0,
      106400.0,
      109200.0,
      112000.0,
      114800.0,
      117600.0,
      120400.0,
      123200.0,
      126000.0,
      128800.0,
      131600.0,
      134400.0,
      137200.0,
      140000.0
    ],
    "stds": [
      0.0,
      0.0,
      0.0,
      0.0,
      0.0,
      0.0,
      0.0,
      0.0,
      0.0,
      0.0,
      0.0,
      0.0,
      0.0,
      0.0,
      0.0,
      0.0,
      0.0,
      0.0,
      0.0,
      0.0,
      0.0,
      0.0,
      0.0,
      0.0,
      0.0,
      0.0,
      0.0,
      0.0,
      0.0,
      0.0,
      0.0,
      0.0,
      0.0,
      0.0,
      0.0,
      0.0,
      0.0,
      0.0,
      0.0,
      0.0,
      0.0,
      0.0,
      0.0,
      0.0,
      0.0,
      0.0,
      0.0,
      0.0,
      0.0,
      0.0
    ]
  }
}