{
  "train_loss_fedavg": {
    "means": [
      0.7957645737970895,
      0.7561414500122716,
      0.7182841378368495,
      0.6840812803397517,
      0.6525158258476874,
      0.6236120871725913,
      0.5973677996620589,
      0.5735716924978174,
      0.5518910821080794,
      0.5310547802314165,
      0.5128849615417528,
      0.49661118109627195,
      0.48088419930866205,
      0.4667453726304866,
      0.45392309654776425,
      0.44172113151466785,
      0.4302275743941275,
      0.42003267730131066,
      0.4106377347955804,
      0.40204516694804243,
      0.39404963107560825,
      0.38665649702822563,
      0.3797867796209519,
      0.37329453613066554,
      0.36734934343458064,
      0.3618111468170347,
      0.3565905938732911,
      0.3519119614200354,
      0.3473378058432455,
      0.34302375613465863
    ],
    "stds": [
      0.0,
      0.0,
      0.0,
      0.0,
      0.0,
      0.0,
      0.0,
      0.0,
      0.0,
      0.0,
      0.0,
      0.0,
      0.0,
      0.0,
      0.0,
      0.0,
      0.0,
      0.0,
      0.0,
      0.0,
      0.0,
      0.0,
      0.0,
      0.0,
      0.0,
      0.0,
      0.0,
      0.0,
      0.0,
      0.0
    ]
  },
  "test_acc_fedavg": {
    "means": [
      0.56445,
      0.584175,
      0.604175,
      0.623525,
      0.6433,
      0.66415,
      0.6824,
      0.70015,
      0.717425,
      0.733825,
      0.7484,
      0.7626,
      0.7756,
      0.78795,
      0.79955,
      0.809725,
      0.8204,
      0.830225,
      0.83875,
      0.846425,
      0.8533,
      0.859725,
      0.8642,
      0.869925,
      0.8743,
      0.879425,
      0.883975,
      0.887075,
      0.889625,
      0.8925
    ],
    "stds": [
      0.0,
      0.0,
      0.0,
      0.0,
      0.0,
      0.0,
      0.0,
      0.0,
      0.0,
      0.0,
      0.0,
      0.0,
      0.0,
      0.0,
      0.0,
      0.0,
      0.0,
      0.0,
      0.0,
      0.0,
      0.0,
      0.0,
      0.0,
      0.0,
      0.0,
      0.0,
      0.0,
      0.0,
      0.0,
      0.0
    ]
  },
  "comm_floats_fedavg": {
    "means": [
      8040.0,
      16080.0,
      24120.0,
      32160.0,
      40200.0,
      48240.0,
      56280.0,
      64320.0,
      72360.0,
      80400.0,
      88440.0,
      96480.0,
      104520.0,
      112560.0,
      120600.0,
      128640.0,
      136680.0,
      144720.0,
      152760.0,
      160800.0,
      168840.0,
      176880.0,
      184920.0,
      192960.0,
      201000.0,
      209040.0,
      217080.0,
      225120.0,
      233160.0,
      241200.0
    ],
    "stds": [
      0.0,
      0.0,
      0.0,
      0.0,
      0.0,
      0.0,
      0.0,
      0.0,
      0.0,
      0.0,
      0.0,
      0.0,
      0.0,
      0.0,
      0.0,
      0.0,
      0.0,
      0.0,
      0.0,
      0.0,
      0.0,
      0.0,
      0.0,
      0.0,
      0.0,
      0.0,
      0.0,
      0.0,
      0.0,
      0.0
    ]
  },
  "comm_per_0.8_acc_fedavg": {
    "means": [
      128640.0
    ],
    "stds": [
      0.0
    ]
  },
  "rounds_to_target_loss_fedavg": {
    "means": [
      12
    ],
    "stds": [
      0.0
    ]
  },
  "train_loss_sfedavg": {
    "means": [
      0.8232358342871199,
      0.8116464682380081,
      0.8005822267482487,
      0.793032902940681,
      0.7813528823723749,
      0.7724294125400938,
      0.7557159150337808,
      0.7445241793659808,
      0.729034745067154,
      0.720921000351636,
      0.7112932880386786,
      0.6986609895039858,
      0.6813344556779348,
      0.6692987150997253,
      0.6585738373670245,
      0.6478787764148486,
      0.6388603437777826,
      0.6324926834949122,
      0.6261952818931418,
      0.6167154184226177,
      0.6088560178093239,
      0.6021517785873054,
      0.5907257415244223,
      0.5860764039963078,
      0.5786472665891575,
      0.5721911481280423,
      0.5641243910588488,
      0.5557218758323327,
      0.5507768337521255,
      0.5452873770117054
    ],
    "stds": [
      0.0,
      0.0,
      0.0,
      0.0,
      0.0,
      0.0,
      0.0,
      0.0,
      0.0,
      0.0,
      0.0,
      0.0,
      0.0,
      0.0,
      0.0,
      0.0,
      0.0,
      0.0,
      0.0,
      0.0,
      0.0,
      0.0,
      0.0,
      0.0,
      0.0,
      0.0,
      0.0,
      0.0,
      0.0,
      0.0
    ]
  },
  "test_acc_sfedavg": {
    "means": [
      0.551975,
      0.5573,
      0.56355,
      0.567525,
      0.572225,
      0.578225,
      0.5854,
      0.591025,
      0.5982,
      0.602175,
      0.60765,
      0.615375,
      0.6262,
      0.6339,
      0.642325,
      0.647725,
      0.654,
      0.658825,
      0.663425,
      0.6688,
      0.674375,
      0.678675,
      0.686775,
      0.690975,
      0.695675,
      0.7007,
      0.706625,
      0.7136,
      0.718025,
      0.722975
    ],
    "stds": [
      0.0,
      0.0,
      0.0,
      0.0,
      0.0,
      0.0,
      0.0,
      0.0,
      0.0,
      0.0,
      0.0,
      0.0,
      0.0,
      0.0,
      0.0,
      0.0,
      0.0,
      0.0,
      0.0,
      0.0,
      0.0,
      0.0,
      0.0,
      0.0,
      0.0,
      0.0,
      0.0,
      0.0,
      0.0,
      0.0
    ]
  },
  "comm_floats_sfedavg": {
    "means": [
      816060.0,
      1632120.0,
      2448180.0,
      3264240.0,
      4080300.0,
      4896360.0,
      5712420.0,
      6528480.0,
      7344540.0,
      8160600.0,
      8976660.0,
      9792720.0,
      10608780.0,
      11424840.0,
      12240900.0,
      13056960.0,
      13873020.0,
      14689080.0,
      15505140.0,
      16321200.0,
      17137260.0,
      17953320.0,
      18769380.0,
      19585440.0,
      20401500.0,
      21217560.0,
      22033620.0,
      22849680.0,
      23665740.0,
      24481800.0
    ],
    "stds": [
      0.0,
      0.0,
      0.0,
      0.0,
      0.0,
      0.0,
      0.0,
      0.0,
      0.0,
      0.0,
      0.0,
      0.0,
      0.0,
      0.0,
      0.0,
      0.0,
      0.0,
      0.0,
      0.0,
      0.0,
      0.0,
      0.0,
      0.0,
      0.0,
      0.0,
      0.0,
      0.0,
      0.0,
      0.0,
      0.0
    ]
  }
}