{
  "train_loss_sfedavg": {
    "means": [
      1.421233227046696,
      1.0287438931589414,
      0.8670012157453106,
      0.7354907695571077,
      0.6642246817225801,
      0.5802486979789517,
      0.5389826517792234,
      0.4862299919903718,
      0.4562361442351132,
      0.42712615483251937,
      0.4083698677008093,
      0.39728138548199693,
      0.3676785726880486,
      0.3514734095727982,
      0.3375360099747085,
      0.3178728398536462,
      0.3066713657279367,
      0.2972749553682492,
      0.2874694574124219,
      0.28256953388694156,
      0.2742987253568838,
      0.2700081284173148,
      0.2584113647968244,
      0.24956844982863263,
      0.2434224700380533,
      0.2376828567518988,
      0.22980727716700716,
      0.22118493329539637,
      0.21721655676508267,
      0.21217422472436676,
      0.20981353607507405,
      0.20496173958412425,
      0.19798992786160075,
      0.19427655951864314,
      0.1909275571617413,
      0.18852725868662779,
      0.1840859365904682,
      0.1817129436774189,
      0.17958347214769974,
      0.1766684067130221,
      0.175564981389775,
      0.17273678955933702,
      0.16969275101084033,
      0.1683659988717919,
      0.16526397529733916,
      0.1635298658817944,
      0.16172100667649467,
      0.16138669328565347,
      0.15981742531137272,
      0.15996687271440874
    ],
    "stds": [
      0.0,
      0.0,
      0.0,
      0.0,
      0.0,
      0.0,
      0.0,
      0.0,
      0.0,
      0.0,
      0.0,
      0.0,
      0.0,
      0.0,
      0.0,
      0.0,
      0.0,
      0.0,
      0.0,
      0.0,
      0.0,
      0.0,
      0.0,
      0.0,
      0.0,
      0.0,
      0.0,
      0.0,
      0.0,
      0.0,
      0.0,
      0.0,
      0.0,
      0.0,
      0.0,
      0.0,
      0.0,
      0.0,
      0.0,
      0.0,
      0.0,
      0.0,
      0.0,
      0.0,
      0.0,
      0.0,
      0.0,
      0.0,
      0.0,
      0.0
    ]
  },
  "test_acc_sfedavg": {
    "means": [
      0.6472222222222223,
      0.7527777777777778,
      0.8055555555555556,
      0.8361111111111111,
      0.8583333333333333,
      0.8583333333333333,
      0.8527777777777777,
      0.8777777777777778,
      0.8722222222222222,
      0.8777777777777778,
      0.8833333333333333,
      0.8916666666666667,
      0.9027777777777778,
      0.9111111111111111,
      0.9111111111111111,
      0.9222222222222223,
      0.9166666666666666,
      0.9277777777777778,
      0.925,
      0.9305555555555556,
      0.9277777777777778,
      0.9222222222222223,
      0.9305555555555556,
      0.9277777777777778,
      0.9277777777777778,
      0.9305555555555556,
      0.9361111111111111,
      0.9388888888888889,
      0.9361111111111111,
      0.9305555555555556,
      0.9333333333333333,
      0.9333333333333333,
      0.9333333333333333,
      0.9333333333333333,
      0.9333333333333333,
      0.9333333333333333,
      0.9305555555555556,
      0.9305555555555556,
      0.9277777777777778,
      0.925,
      0.9222222222222223,
      0.925,
      0.9277777777777778,
      0.925,
      0.9277777777777778,
      0.9277777777777778,
      0.9277777777777778,
      0.9305555555555556,
      0.9333333333333333,
      0.9361111111111111
    ],
    "stds": [
      0.0,
      0.0,
      0.0,
      0.0,
      0.0,
      0.0,
      0.0,
      0.0,
      0.0,
      0.0,
      0.0,
      0.0,
      0.0,
      0.0,
      0.0,
      0.0,
      0.0,
      0.0,
      0.0,
      0.0,
      0.0,
      0.0,
      0.0,
      0.0,
      0.0,
      0.0,
      0.0,
      0.0,
      0.0,
      0.0,
      0.0,
      0.0,
      0.0,
      0.0,
      0.0,
      0.0,
      0.0,
      0.0,
      0.0,
      0.0,
      0.0,
      0.0,
      0.0,
      0.0,
      0.0,
      0.0,
      0.0,
      0.0,
      0.0,
      0.0
    ]
  },
  "comm_MB_sfedavg": {
    "means": [
      1.69216,
      3.38432,
      5.07648,
      6.76864,
      8.4608,
      10.15296,
      11.84512,
      13.537279999999999,
      15.229439999999999,
      16.921599999999998,
      18.61376,
      20.30592,
      21.99808,
      23.690240000000003,
      25.382400000000004,
      27.074560000000005,
      28.766720000000007,
      30.458880000000008,
      32.15104000000001,
      33.84320000000001,
      35.53536000000001,
      37.22752000000001,
      38.919680000000014,
      40.611840000000015,
      42.304000000000016,
      43.99616000000002,
      45.68832000000002,
      47.38048000000002,
      49.07264000000002,
      50.76480000000002,
      52.456960000000024,
      54.149120000000025,
      55.841280000000026,
      57.53344000000003,
      59.22560000000003,
      60.91776000000003,
      62.60992000000003,
      64.30208000000003,
      65.99424000000003,
      67.68640000000003,
      69.37856000000004,
      71.07072000000004,
      72.76288000000004,
      74.45504000000004,
      76.14720000000004,
      77.83936000000004,
      79.53152000000004,
      81.22368000000004,
      82.91584000000005,
      84.60800000000005
    ],
    "stds": [
      0.0,
      0.0,
      0.0,
      0.0,
      0.0,
      0.0,
      0.0,
      0.0,
      0.0,
      0.0,
      0.0,
      0.0,
      0.0,
      0.0,
      0.0,
      0.0,
      0.0,
      0.0,
      0.0,
      0.0,
      0.0,
      0.0,
      0.0,
      0.0,
      0.0,
      0.0,
      0.0,
      0.0,
      0.0,
      0.0,
      0.0,
      0.0,
      0.0,
      0.0,
      0.0,
      0.0,
      0.0,
      0.0,
      0.0,
      0.0,
      0.0,
      0.0,
      0.0,
      0.0,
      0.0,
      0.0,
      0.0,
      0.0,
      0.0,
      0.0
    ]
  }
}