{
  "train_loss_fedavg": {
    "means": [
      1.7897385808310067,
      1.442652033246558,
      1.205396994413653,
      1.0338277751484874,
      0.9100856624347027,
      0.81720545594432,
      0.7442169512310903,
      0.685066945012082,
      0.6374773819899547,
      0.5974564782792091,
      0.5634216083840317,
      0.5336411940250823,
      0.5086628248151822,
      0.48585139057234555,
      0.46685488808889897,
      0.4492747958691627,
      0.4336045822283599,
      0.41912904313812066,
      0.4062416665021277,
      0.3942877423185054,
      0.3824960886816434,
      0.37228773857723285,
      0.36294440925200416,
      0.35469030299817944,
      0.34668317963736633,
      0.3386839702947475,
      0.33199981693782366,
      0.3250291997811529,
      0.31874281412619015,
      0.312929419158191,
      0.30728469039749506,
      0.30184037624286086,
      0.2971858532799642,
      0.2921659799858484,
      0.2877117737113855,
      0.28338674504822586,
      0.27916995773117437,
      0.27533644378767536,
      0.2716498894316231,
      0.26817550559302467
    ],
    "stds": [
      0.0,
      0.0,
      0.0,
      0.0,
      0.0,
      0.0,
      0.0,
      0.0,
      0.0,
      0.0,
      0.0,
      0.0,
      0.0,
      0.0,
      0.0,
      0.0,
      0.0,
      0.0,
      0.0,
      0.0,
      0.0,
      0.0,
      0.0,
      0.0,
      0.0,
      0.0,
      0.0,
      0.0,
      0.0,
      0.0,
      0.0,
      0.0,
      0.0,
      0.0,
      0.0,
      0.0,
      0.0,
      0.0,
      0.0,
      0.0
    ]
  },
  "test_acc_fedavg": {
    "means": [
      0.8083333333333333,
      0.8333333333333334,
      0.85,
      0.8805555555555555,
      0.8888888888888888,
      0.8944444444444445,
      0.8972222222222223,
      0.9055555555555556,
      0.9,
      0.9083333333333333,
      0.9194444444444444,
      0.9194444444444444,
      0.9277777777777778,
      0.9194444444444444,
      0.9194444444444444,
      0.925,
      0.9333333333333333,
      0.9305555555555556,
      0.9305555555555556,
      0.9305555555555556,
      0.9305555555555556,
      0.9305555555555556,
      0.9305555555555556,
      0.9305555555555556,
      0.9305555555555556,
      0.9305555555555556,
      0.9361111111111111,
      0.9333333333333333,
      0.9333333333333333,
      0.9333333333333333,
      0.9305555555555556,
      0.9333333333333333,
      0.9361111111111111,
      0.9416666666666667,
      0.9388888888888889,
      0.9472222222222222,
      0.9555555555555556,
      0.9555555555555556,
      0.9527777777777777,
      0.9527777777777777
    ],
    "stds": [
      0.0,
      0.0,
      0.0,
      0.0,
      0.0,
      0.0,
      0.0,
      0.0,
      0.0,
      0.0,
      0.0,
      0.0,
      0.0,
      0.0,
      0.0,
      0.0,
      0.0,
      0.0,
      0.0,
      0.0,
      0.0,
      0.0,
      0.0,
      0.0,
      0.0,
      0.0,
      0.0,
      0.0,
      0.0,
      0.0,
      0.0,
      0.0,
      0.0,
      0.0,
      0.0,
      0.0,
      0.0,
      0.0,
      0.0,
      0.0
    ]
  },
  "comm_MB_fedavg": {
    "means": [
      0.03328,
      0.06656,
      0.09983999999999998,
      0.13312,
      0.1664,
      0.19968,
      0.23296,
      0.26624,
      0.29951999999999995,
      0.33279999999999993,
      0.3660799999999999,
      0.3993599999999999,
      0.43263999999999986,
      0.46591999999999983,
      0.4991999999999998,
      0.5324799999999998,
      0.5657599999999998,
      0.5990399999999998,
      0.6323199999999998,
      0.6655999999999997,
      0.6988799999999997,
      0.7321599999999997,
      0.7654399999999997,
      0.7987199999999997,
      0.8319999999999996,
      0.8652799999999996,
      0.8985599999999996,
      0.9318399999999996,
      0.9651199999999995,
      0.9983999999999995,
      1.0316799999999995,
      1.0649599999999995,
      1.0982399999999994,
      1.1315199999999994,
      1.1647999999999994,
      1.1980799999999994,
      1.2313599999999993,
      1.2646399999999993,
      1.2979199999999993,
      1.3311999999999993
    ],
    "stds": [
      0.0,
      0.0,
      0.0,
      0.0,
      0.0,
      0.0,
      0.0,
      0.0,
      0.0,
      0.0,
      0.0,
      0.0,
      0.0,
      0.0,
      0.0,
      0.0,
      0.0,
      0.0,
      0.0,
      0.0,
      0.0,
      0.0,
      0.0,
      0.0,
      0.0,
      0.0,
      0.0,
      0.0,
      0.0,
      0.0,
      0.0,
      0.0,
      0.0,
      0.0,
      0.0,
      0.0,
      0.0,
      0.0,
      0.0,
      0.0
    ]
  },
  "train_loss_sfedavg": {
    "means": [
      2.0105290946489487,
      1.8157591102014348,
      1.6263709961992934,
      1.4698981300805551,
      1.3194210514537548,
      1.2021102864145943,
      1.0988845563673997,
      1.0258786837685707,
      0.9462385802401804,
      0.8948903477523823,
      0.851050542651524,
      0.8047825435153817,
      0.7587953624542206,
      0.715464241679258,
      0.6891209934217606,
      0.655008813317698,
      0.6273849580414548,
      0.6033420001572578,
      0.582263738222764,
      0.561086683094551,
      0.544189913268004,
      0.5298829662026213,
      0.5135697179118739,
      0.5012589673269243,
      0.48914165910210833,
      0.47639524806589484,
      0.46256330686031516,
      0.4520182095868731,
      0.4405825408796849,
      0.4316244070359705,
      0.42270085444561484,
      0.41444959828178285,
      0.4052628208100212,
      0.39835341576086747,
      0.39153747349215834,
      0.38490152856511994,
      0.3780613756544897,
      0.3721795427404112,
      0.3661198431195471,
      0.3610763061784678
    ],
    "stds": [
      0.0,
      0.0,
      0.0,
      0.0,
      0.0,
      0.0,
      0.0,
      0.0,
      0.0,
      0.0,
      0.0,
      0.0,
      0.0,
      0.0,
      0.0,
      0.0,
      0.0,
      0.0,
      0.0,
      0.0,
      0.0,
      0.0,
      0.0,
      0.0,
      0.0,
      0.0,
      0.0,
      0.0,
      0.0,
      0.0,
      0.0,
      0.0,
      0.0,
      0.0,
      0.0,
      0.0,
      0.0,
      0.0,
      0.0,
      0.0
    ]
  },
  "test_acc_sfedavg": {
    "means": [
      0.6305555555555555,
      0.7138888888888889,
      0.7388888888888889,
      0.775,
      0.8027777777777778,
      0.8305555555555556,
      0.8333333333333334,
      0.8416666666666667,
      0.85,
      0.8527777777777777,
      0.85,
      0.8472222222222222,
      0.8555555555555555,
      0.8666666666666667,
      0.8722222222222222,
      0.875,
      0.8777777777777778,
      0.8916666666666667,
      0.8944444444444445,
      0.9055555555555556,
      0.9083333333333333,
      0.9083333333333333,
      0.9138888888888889,
      0.9111111111111111,
      0.9138888888888889,
      0.9194444444444444,
      0.9277777777777778,
      0.9277777777777778,
      0.9222222222222223,
      0.9194444444444444,
      0.9194444444444444,
      0.9194444444444444,
      0.925,
      0.925,
      0.9305555555555556,
      0.9305555555555556,
      0.9305555555555556,
      0.9277777777777778,
      0.9333333333333333,
      0.9277777777777778
    ],
    "stds": [
      0.0,
      0.0,
      0.0,
      0.0,
      0.0,
      0.0,
      0.0,
      0.0,
      0.0,
      0.0,
      0.0,
      0.0,
      0.0,
      0.0,
      0.0,
      0.0,
      0.0,
      0.0,
      0.0,
      0.0,
      0.0,
      0.0,
      0.0,
      0.0,
      0.0,
      0.0,
      0.0,
      0.0,
      0.0,
      0.0,
      0.0,
      0.0,
      0.0,
      0.0,
      0.0,
      0.0,
      0.0,
      0.0,
      0.0,
      0.0
    ]
  },