{
  "train_loss_fedavg": {
    "means": [
      0.8083616983674744,
      0.779854357871624,
      0.7522410231452401,
      0.7266340921440099,
      0.7031912963494323,
      0.6806393098544165,
      0.6593479861246817,
      0.6389151838628981,
      0.6202863328257847,
      0.6022346037837875,
      0.5855122870532917,
      0.5698979045683523,
      0.5548696763053262,
      0.5405879283964838,
      0.5277007195493592,
      0.5152676943564906,
      0.5034386132897456,
      0.4921745046969041,
      0.4814866890166222,
      0.4721884753875015,
      0.4629432609715847,
      0.4545966728923552,
      0.44663328155768406,
      0.43913879240593623,
      0.43173710695125167,
      0.42463438522042163,
      0.4179257638471621,
      0.4117926561207568,
      0.4059758025979501,
      0.40028631328367636
    ],
    "stds": [
      0.0,
      0.0,
      0.0,
      0.0,
      0.0,
      0.0,
      0.0,
      0.0,
      0.0,
      0.0,
      0.0,
      0.0,
      0.0,
      0.0,
      0.0,
      0.0,
      0.0,
      0.0,
      0.0,
      0.0,
      0.0,
      0.0,
      0.0,
      0.0,
      0.0,
      0.0,
      0.0,
      0.0,
      0.0,
      0.0
    ]
  },
  "test_acc_fedavg": {
    "means": [
      0.557975,
      0.571475,
      0.584475,
      0.599675,
      0.613175,
      0.6262,
      0.6389,
      0.6524,
      0.66585,
      0.67925,
      0.6913,
      0.70315,
      0.7148,
      0.7261,
      0.7359,
      0.746575,
      0.7569,
      0.76625,
      0.775475,
      0.784175,
      0.792475,
      0.799625,
      0.8065,
      0.813175,
      0.8201,
      0.826825,
      0.832275,
      0.83785,
      0.843125,
      0.847475
    ],
    "stds": [
      0.0,
      0.0,
      0.0,
      0.0,
      0.0,
      0.0,
      0.0,
      0.0,
      0.0,
      0.0,
      0.0,
      0.0,
      0.0,
      0.0,
      0.0,
      0.0,
      0.0,
      0.0,
      0.0,
      0.0,
      0.0,
      0.0,
      0.0,
      0.0,
      0.0,
      0.0,
      0.0,
      0.0,
      0.0,
      0.0
    ]
  },
  "comm_floats_fedavg": {
    "means": [
      12060.0,
      24120.0,
      36180.0,
      48240.0,
      60300.0,
      72360.0,
      84420.0,
      96480.0,
      108540.0,
      120600.0,
      132660.0,
      144720.0,
      156780.0,
      168840.0,
      180900.0,
      192960.0,
      205020.0,
      217080.0,
      229140.0,
      241200.0,
      253260.0,
      265320.0,
      277380.0,
      289440.0,
      301500.0,
      313560.0,
      325620.0,
      337680.0,
      349740.0,
      361800.0
    ],
    "stds": [
      0.0,
      0.0,
      0.0,
      0.0,
      0.0,
      0.0,
      0.0,
      0.0,
      0.0,
      0.0,
      0.0,
      0.0,
      0.0,
      0.0,
      0.0,
      0.0,
      0.0,
      0.0,
      0.0,
      0.0,
      0.0,
      0.0,
      0.0,
      0.0,
      0.0,
      0.0,
      0.0,
      0.0,
      0.0,
      0.0
    ]
  },
  "comm_per_0.8_acc_fedavg": {
    "means": [
      277380.0
    ],
    "stds": [
      0.0
    ]
  },
  "rounds_to_target_loss_fedavg": {
    "means": [
      18
    ],
    "stds": [
      0.0
    ]
  },
  "train_loss_sfedavg": {
    "means": [
      0.8322303608002188,
      0.8269730800494375,
      0.8190199230976608,
      0.8126919821902249,
      0.80294745478474,
      0.7978015926379931,
      0.7902564549087634,
      0.7855153588258097,
      0.7745564412255238,
      0.7682438996438594,
      0.7619741779207517,
      0.7568579119316806,
      0.7491187868798198,
      0.7442107270255938,
      0.7383889025192665,
      0.7315124854220542,
      0.7255462048425425,
      0.7200799217755613,
      0.7140804684204344,
      0.7088102731349675,
      0.7053197625764659,
      0.7009238114173453,
      0.6933359661590321,
      0.6869810988163201,
      0.6816674822951067,
      0.6744564714082996,
      0.6694416618405696,
      0.6635984143555204,
      0.6570179332252103,
      0.6517647655432566
    ],
    "stds": [
      0.0,
      0.0,
      0.0,
      0.0,
      0.0,
      0.0,
      0.0,
      0.0,
      0.0,
      0.0,
      0.0,
      0.0,
      0.0,
      0.0,
      0.0,
      0.0,
      0.0,
      0.0,
      0.0,
      0.0,
      0.0,
      0.0,
      0.0,
      0.0,
      0.0,
      0.0,
      0.0,
      0.0,
      0.0,
      0.0
    ]
  },
  "test_acc_sfedavg": {
    "means": [
      0.5488,
      0.550925,
      0.5551,
      0.557625,
      0.561475,
      0.564025,
      0.568525,
      0.570875,
      0.57715,
      0.5807,
      0.583875,
      0.58555,
      0.5906,
      0.59255,
      0.596125,
      0.599375,
      0.60395,
      0.607125,
      0.609675,
      0.612525,
      0.61495,
      0.617975,
      0.621725,
      0.62545,
      0.627175,
      0.632975,
      0.63545,
      0.638575,
      0.64295,
      0.64635
    ],
    "stds": [
      0.0,
      0.0,
      0.0,
      0.0,
      0.0,
      0.0,
      0.0,
      0.0,
      0.0,
      0.0,
      0.0,
      0.0,
      0.0,
      0.0,
      0.0,
      0.0,
      0.0,
      0.0,
      0.0,
      0.0,
      0.0,
      0.0,
      0.0,
      0.0,
      0.0,
      0.0,
      0.0,
      0.0,
      0.0,
      0.0
    ]
  },
  "comm_floats_sfedavg": {
    "means": [
      1224090.0,
      2448180.0,
      3672270.0,
      4896360.0,
      6120450.0,
      7344540.0,
      8568630.0,
      9792720.0,
      11016810.0,
      12240900.0,
      13464990.0,
      14689080.0,
      15913170.0,
      17137260.0,
      18361350.0,
      19585440.0,
      20809530.0,
      22033620.0,
      23257710.0,
      24481800.0,
      25705890.0,
      26929980.0,
      28154070.0,
      29378160.0,
      30602250.0,
      31826340.0,
      33050430.0,
      34274520.0,
      35498610.0,
      36722700.0
    ],
    "stds": [
      0.0,
      0.0,
      0.0,
      0.0,
      0.0,
      0.0,
      0.0,
      0.0,
      0.0,
      0.0,
      0.0,
      0.0,
      0.0,
      0.0,
      0.0,
      0.0,
      0.0,
      0.0,
      0.0,
      0.0,
      0.0,
      0.0,
      0.0,
      0.0,
      0.0,
      0.0,
      0.0,
      0.0,
      0.0,
      0.0
    ]
  }
}