{
  "train_loss/FedAvg": {
    "means": [
      0.9782072285619392,
      0.6733331860317919,
      0.534239532982042,
      0.4558436164748437,
      0.4004658596677694,
      0.2944934176104022,
      0.243220659446519,
      0.21814668404164533,
      0.1992148534801021,
      0.1826595851101115,
      0.17094709993166962,
      0.1551231113425445,
      0.1490139045087657,
      0.1409434131135874,
      0.13484724589561037,
      0.12989932101114313,
      0.12276329585960774,
      0.12016290106408213,
      0.11651486642761777,
      0.11263477779178896,
      0.10990507474784565,
      0.10661026902334621,
      0.10499678331950732,
      0.10258389710701948,
      0.09972542666760899,
      0.09773392986776797,
      0.09578736737111211,
      0.09471265926265202,
      0.09296790693675795,
      0.09100569875841988,
      0.08943174287370931,
      0.08804146904449943,
      0.08733048070522649,
      0.08606541239452148,
      0.08459344960863246,
      0.08327172026763893,
      0.08225099589031226,
      0.08175244821827436,
      0.08076450546651354,
      0.07952887183763031,
      0.07836846342583924,
      0.07762219429888817,
      0.0772437392389039,
      0.07640894605040896,
      0.075336409529755,
      0.07430702415745812,
      0.07373276521299203,
      0.07342799705689591,
      0.07269470658908866,
      0.07176249364541533,
      0.07084686741153506,
      0.07038277480320605,
      0.07012971133361062,
      0.06947757628011855,
      0.06866029122135403,
      0.06783684903595992,
      0.06745706490725548,
      0.06724295817855243,
      0.06665912972431705,
      0.06593121451741364
    ],
    "stds": [
      0.0,
      0.0,
      0.0,
      0.0,
      0.0,
      0.0,
      0.0,
      0.0,
      0.0,
      0.0,
      0.0,
      0.0,
      0.0,
      0.0,
      0.0,
      0.0,
      0.0,
      0.0,
      0.0,
      0.0,
      0.0,
      0.0,
      0.0,
      0.0,
      0.0,
      0.0,
      0.0,
      0.0,
      0.0,
      0.0,
      0.0,
      0.0,
      0.0,
      0.0,
      0.0,
      0.0,
      0.0,
      0.0,
      0.0,
      0.0,
      0.0,
      0.0,
      0.0,
      0.0,
      0.0,
      0.0,
      0.0,
      0.0,
      0.0,
      0.0,
      0.0,
      0.0,
      0.0,
      0.0,
      0.0,
      0.0,
      0.0,
      0.0,
      0.0,
      0.0
    ]
  },
  "train_loss/SFedAvg": {
    "means": [
      1.8111525980827523,
      1.5147936329999367,
      1.2639498679446635,
      1.0907507347641665,
      0.9757000105177875,
      0.8602954291967346,
      0.7725297491479725,
      0.7051917578042406,
      0.6529454604834187,
      0.6108835501155652,
      0.5704377101639542,
      0.5375486730541181,
      0.5109134262303592,
      0.4876848081692668,
      0.46013375174478693,
      0.44159962244923123,
      0.4261863610147883,
      0.4103277378498437,
      0.3974936629262423,
      0.3839298318094319,
      0.36984241116584543,
      0.35991340091531526,
      0.34956412515156465,
      0.3402019317970833,
      0.33318772425998755,
      0.3242815805686834,
      0.31717353017812905,
      0.3096618387354336,
      0.30339887959838047,
      0.2971093393818103,
      0.29107321913445505,
      0.2854897901446923,
      0.2798086343659506,
      0.274333601430859,
      0.2704208261428742,
      0.2660981590265534,
      0.26164263362340834,
      0.2569804209923479,
      0.25394003137386456,
      0.2507040734579196,
      0.24814903481951653,
      0.24412704057025986,
      0.24069432518724548,
      0.23793379589402697,
      0.23494751847712395,
      0.23210843802025036,
      0.22910632379133675,
      0.2260038373351075,
      0.22412221475493452,
      0.22158400681532622,
      0.21928313344312111,
      0.21696950449082317,
      0.2141069457784174,
      0.212081564047905,
      0.20933930918624416,
      0.20719697044170257,
      0.20495777447836408,
      0.20295925163198397,
      0.20166770736715026,
      0.19991551888833461
    ],
    "stds": [
      0.0,
      0.0,
      0.0,
      0.0,
      0.0,
      0.0,
      0.0,
      0.0,
      0.0,
      0.0,
      0.0,
      0.0,
      0.0,
      0.0,
      0.0,
      0.0,
      0.0,
      0.0,
      0.0,
      0.0,
      0.0,
      0.0,
      0.0,
      0.0,
      0.0,
      0.0,
      0.0,
      0.0,
      0.0,
      0.0,
      0.0,
      0.0,
      0.0,
      0.0,
      0.0,
      0.0,
      0.0,
      0.0,
      0.0,
      0.0,
      0.0,
      0.0,
      0.0,
      0.0,
      0.0,
      0.0,
      0.0,
      0.0,
      0.0,
      0.0,
      0.0,
      0.0,
      0.0,
      0.0,
      0.0,
      0.0,
      0.0,
      0.0,
      0.0,
      0.0
    ]
  },
  "test_accuracy/FedAvg": {
    "means": [
      0.8444444444444444,
      0.8777777777777778,
      0.8888888888888888,
      0.9222222222222223,
      0.9222222222222223,
      0.9222222222222223,
      0.925,
      0.9305555555555556,
      0.9277777777777778,
      0.9277777777777778,
      0.9277777777777778,
      0.9361111111111111,
      0.9361111111111111,
      0.9361111111111111,
      0.9388888888888889,
      0.95,
      0.9444444444444444,
      0.9416666666666667,
      0.9527777777777777,
      0.95,
      0.9583333333333334,
      0.9611111111111111,
      0.9555555555555556,
      0.9555555555555556,
      0.9583333333333334,
      0.9583333333333334,
      0.9611111111111111,
      0.9611111111111111,
      0.9583333333333334,
      0.9611111111111111,
      0.9583333333333334,
      0.9638888888888889,
      0.9611111111111111,
      0.9583333333333334,
      0.9666666666666667,
      0.9611111111111111,
      0.9611111111111111,
      0.9611111111111111,
      0.9583333333333334,
      0.9638888888888889,
      0.9638888888888889,
      0.9611111111111111,
      0.9611111111111111,
      0.9583333333333334,
      0.9638888888888889,
      0.9694444444444444,
      0.9638888888888889,
      0.9611111111111111,
      0.9611111111111111,
      0.9666666666666667,
      0.9694444444444444,
      0.9638888888888889,
      0.9638888888888889,
      0.9638888888888889,
      0.9666666666666667,
      0.9694444444444444,
      0.9638888888888889,
      0.9638888888888889,
      0.9638888888888889,
      0.9666666666666667
    ],
    "stds": [
      0.0,
      0.0,
      0.0,
      0.0,
      0.0,
      0.0,
      0.0,
      0.0,
      0.0,
      0.0,
      0.0,
      0.0,
      0.0,
      0.0,
      0.0,
      0.0,
      0.0,
      0.0,
      0.0,
      0.0,
      0.0,
      0.0,
      0.0,
      0.0,
      0.0,
      0.0,
      0.0,
      0.0,
      0.0,
      0.0,
      0.0,
      0.0,
      0.0,
      0.0,
      0.0,
      0.0,
      0.0,
      0.0,
      0.0,
      0.0,
      0.0,
      0.0,
      0.0,
      0.0,
      0.0,
      0.0,
      0.0,
      0.0,
      0.0,
      0.0,
      0.0,
      0.0,
      0.0,
      0.0,
      0.0,
      0.0,
      0.0,
      0.0,
      0.0,
      0.0
    ]
  },