{
  "train_loss_fedavg": {
    "means": [
      0.7077339130494518,
      0.6245400117443646,
      0.5617872573836625,
      0.5114587526148977,
      0.4724442406510498,
      0.44241562136576307,
      0.4175218255596746,
      0.39585432444330965,
      0.37962381399850786,
      0.3651180835909456,
      0.3526015423947498,
      0.3420138057939179,
      0.3327469274348963,
      0.3244240799078266,
      0.3172036116356523,
      0.31047922100989317,
      0.3044258019830257,
      0.2988349811912952,
      0.29406162113219636,
      0.28938167395221215,
      0.2851479313224345,
      0.28132484123608686,
      0.2775514608613056,
      0.2740099242783424,
      0.2708070305654755,
      0.2677898533794379,
      0.2649781990815733,
      0.2621490094459378,
      0.2595830365091714,
      0.257178628052059,
      0.2549371368047628,
      0.25277442338392114,
      0.2506937387816043,
      0.2487077073491752,
      0.2467656529344899,
      0.24493411848180996,
      0.243222086413969,
      0.24158860562347964,
      0.2400720431056129,
      0.23852878147118894
    ],
    "stds": [
      0.0,
      0.0,
      0.0,
      0.0,
      0.0,
      0.0,
      0.0,
      0.0,
      0.0,
      0.0,
      0.0,
      0.0,
      0.0,
      0.0,
      0.0,
      0.0,
      0.0,
      0.0,
      0.0,
      0.0,
      0.0,
      0.0,
      0.0,
      0.0,
      0.0,
      0.0,
      0.0,
      0.0,
      0.0,
      0.0,
      0.0,
      0.0,
      0.0,
      0.0,
      0.0,
      0.0,
      0.0,
      0.0,
      0.0,
      0.0
    ]
  },
  "test_acc_fedavg": {
    "means": [
      0.5665,
      0.6405,
      0.7035,
      0.76125,
      0.80575,
      0.83425,
      0.8595,
      0.87875,
      0.8875,
      0.89575,
      0.90025,
      0.9065,
      0.907,
      0.90625,
      0.911,
      0.91175,
      0.913,
      0.91375,
      0.91475,
      0.91775,
      0.91725,
      0.91875,
      0.91875,
      0.91875,
      0.91975,
      0.9215,
      0.922,
      0.92175,
      0.92175,
      0.92025,
      0.91875,
      0.9195,
      0.9195,
      0.92,
      0.92125,
      0.91975,
      0.91975,
      0.9195,
      0.91775,
      0.92025
    ],
    "stds": [
      0.0,
      0.0,
      0.0,
      0.0,
      0.0,
      0.0,
      0.0,
      0.0,
      0.0,
      0.0,
      0.0,
      0.0,
      0.0,
      0.0,
      0.0,
      0.0,
      0.0,
      0.0,
      0.0,
      0.0,
      0.0,
      0.0,
      0.0,
      0.0,
      0.0,
      0.0,
      0.0,
      0.0,
      0.0,
      0.0,
      0.0,
      0.0,
      0.0,
      0.0,
      0.0,
      0.0,
      0.0,
      0.0,
      0.0,
      0.0
    ]
  },
  "comm_floats_fedavg": {
    "means": [
      2020.0,
      4040.0,
      6060.0,
      8080.0,
      10100.0,
      12120.0,
      14140.0,
      16160.0,
      18180.0,
      20200.0,
      22220.0,
      24240.0,
      26260.0,
      28280.0,
      30300.0,
      32320.0,
      34340.0,
      36360.0,
      38380.0,
      40400.0,
      42420.0,
      44440.0,
      46460.0,
      48480.0,
      50500.0,
      52520.0,
      54540.0,
      56560.0,
      58580.0,
      60600.0,
      62620.0,
      64640.0,
      66660.0,
      68680.0,
      70700.0,
      72720.0,
      74740.0,
      76760.0,
      78780.0,
      80800.0
    ],
    "stds": [
      0.0,
      0.0,
      0.0,
      0.0,
      0.0,
      0.0,
      0.0,
      0.0,
      0.0,
      0.0,
      0.0,
      0.0,
      0.0,
      0.0,
      0.0,
      0.0,
      0.0,
      0.0,
      0.0,
      0.0,
      0.0,
      0.0,
      0.0,
      0.0,
      0.0,
      0.0,
      0.0,
      0.0,
      0.0,
      0.0,
      0.0,
      0.0,
      0.0,
      0.0,
      0.0,
      0.0,
      0.0,
      0.0,
      0.0,
      0.0
    ]
  },
  "comm_per_0.8_acc_fedavg": {
    "means": [
      10100.0
    ],
    "stds": [
      0.0
    ]
  },
  "rounds_to_target_loss_fedavg": {
    "means": [
      5
    ],
    "stds": [
      0.0
    ]
  },
  "stability_index_fedavg": {
    "means": [
      55.83415560935212
    ],
    "stds": [
      0.0
    ]
  },
  "area_under_accuracy_curve_fedavg": {
    "means": [
      34.588375
    ],
    "stds": [
      0.0
    ]
  },
  "train_loss_sfedavg": {
    "means": [
      0.7936024762647864,
      0.7782480951224758,
      0.7615805257663482,
      0.7413189514350353,
      0.7307051986157497,
      0.7250276089097727,
      0.7111904663054943,
      0.7025812445539641,
      0.6861700693260956,
      0.6716305193365626,
      0.6646319267485193,
      0.6594142042189997,
      0.6443337148527262,
      0.6372196178014787,
      0.6275801018919779,
      0.6192570908992545,
      0.6061704259147948,
      0.5947913825867827,
      0.5862144122401151,
      0.5774550686956218,
      0.5644694668227794,
      0.5564790796241972,
      0.5513755221812912,
      0.5447527086491253,
      0.5331175779542983,
      0.5272072224138062,
      0.5188242585515062,
      0.5125258787668227,
      0.5077094092634472,
      0.5033526004003943,
      0.4946766055019059,
      0.4883875708897981,
      0.4827980561838609,
      0.4771199206308553,
      0.47124093450680005,
      0.46641966352869074,
      0.4629183389912317,
      0.4561498401300862,
      0.45200373880717554,
      0.44779764092420826
    ],
    "stds": [
      0.0,
      0.0,
      0.0,
      0.0,
      0.0,
      0.0,
      0.0,
      0.0,
      0.0,
      0.0,
      0.0,
      0.0,
      0.0,
      0.0,
      0.0,
      0.0,
      0.0,
      0.0,
      0.0,
      0.0,
      0.0,
      0.0,
      0.0,
      0.0,
      0.0,
      0.0,
      0.0,
      0.0,
      0.0,
      0.0,
      0.0,
      0.0,
      0.0,
      0.0,
      0.0,
      0.0,
      0.0,
      0.0,
      0.0,
      0.0
    ]
  },
  "test_acc_sfedavg": {
    "means": [
      0.506,
      0.51825,
      0.53375,
      0.55125,
      0.5585,
      0.5655,
      0.571,
      0.58175,
      0.58825,
      0.6055,
      0.60875,
      0.616,
      0.631,
      0.64025,
      0.6475,
      0.6535,
      0.6665,
      0.6755,
      0.681,
      0.6885,
      0.705,
      0.7085,
      0.712,
      0.7165,
      0.732,
      0.73575,
      0.7435,
      0.74925,
      0.75325,
      0.756,
      0.76625,
      0.77125,
      0.7785,
      0.784,
      0.7865,
      0.791,
      0.79125,
      0.79975,
      0.80725,
      0.80775
    ],
    "stds": [
      0.0,
      0.0,
      0.0,
      0.0,
      0.0,
      0.0,
      0.0,
      0.0,
      0.0,
      0.0,
      0.0,
      0.0,
      0.0,
      0.0,
      0.0,
      0.0,
      0.0,
      0.0,
      0.0,
      0.0,
      0.0,
      0.0,
      0.0,
      0.0,
      0.0,
      0.0,
      0.0,
      0.0,
      0.0,
      0.0,
      0.0,
      0.0,
      0.0,
      0.0,
      0.0,
      0.0,
      0.0,
      0.0,
      0.0,
      0.0
    ]
  },
  "comm_floats_sfedavg": {
    "means": [
      104030.0,
      208060.0,
      312090.0,
      416120.0,
      520150.0,
      624180.0,
      728210.0,
      832240.0,
      936270.0,
      1040300.0,
      1144330.0,
      1248360.0,
      1352390.0,
      1456420.0,
      1560450.0,
      1664480.0,
      1768510.0,
      1872540.0,
      1976570.0,
      2080600.0,
      2184630.0,
      2288660.0,
      2392690.0,
      2496720.0,
      2600750.0,
      2704780.0,
      2808810.0,
      2912840.0,
      3016870.0,
      3120900.0,
      3224930.0,
      3328960.0,
      3432990.0,
      3537020.0,
      3641050.0,
      3745080.0,
      3849110.0,
      3953140.0,
      4057170.0,
      4161200.0
    ],
    "stds": [
      0.0,
      0.0,
      0.0,
      0.0,
      0.0,
      0.0,
      0.0,
      0.0,
      0.0,
      0.0,
      0.0,
      0.0,
      0.0,
      0.0,
      0.0,
      0.0,
      0.0,
      0.0,
      0.0,
      0.0,
      0.0,
      0.0,
      0.0,
      0.0,
      0.0,
      0.0,
      0.0,
      0.0,
      0.0,
      0.0,
      0.0,
      0.0,
      0.0,
      0.0,
      0.0,
      0.0,
      0.0,
      0.0,
      0.0,
      0.0
    ]
  },