{
  "train_loss_fedavg": {
    "means": [
      1.48925677931749,
      1.0999104717851755,
      0.8735789995651502,
      0.7392365055375285,
      0.6489767228883248,
      0.5832269759272066,
      0.531930141370629,
      0.4915254184886449,
      0.45626104029834136,
      0.43010248489108577,
      0.40518693761232694,
      0.38381735840112613,
      0.3661160449551085,
      0.35069891676584275,
      0.3375467651374557,
      0.32561895054711554,
      0.31590709820133006,
      0.304750675657307,
      0.29595956690257796,
      0.2867851218013713,
      0.2792444605127182,
      0.2714325553751401,
      0.2655052037889976,
      0.2595102494395815,
      0.25406403570542907,
      0.2486377694793809,
      0.24303959167215136,
      0.23944234309168647,
      0.23418919105670585,
      0.2300554619474733,
      0.22612456126170594,
      0.22291540473431812,
      0.21861875920846438,
      0.21490525129510674,
      0.2114599150894737,
      0.2090427822551824,
      0.205843429750388,
      0.2025151059440589,
      0.20017967660446653,
      0.1979499551378804,
      0.1954733891960937,
      0.1928130405235259,
      0.19050749105095616,
      0.18836204515223298,
      0.1863982182079627,
      0.18417596242193807,
      0.1822658602630553,
      0.18049393147563153,
      0.17847241471244363,
      0.17682747013768216
    ],
    "stds": [
      0.0,
      0.0,
      0.0,
      0.0,
      0.0,
      0.0,
      0.0,
      0.0,
      0.0,
      0.0,
      0.0,
      0.0,
      0.0,
      0.0,
      0.0,
      0.0,
      0.0,
      0.0,
      0.0,
      0.0,
      0.0,
      0.0,
      0.0,
      0.0,
      0.0,
      0.0,
      0.0,
      0.0,
      0.0,
      0.0,
      0.0,
      0.0,
      0.0,
      0.0,
      0.0,
      0.0,
      0.0,
      0.0,
      0.0,
      0.0,
      0.0,
      0.0,
      0.0,
      0.0,
      0.0,
      0.0,
      0.0,
      0.0,
      0.0,
      0.0
    ]
  },
  "train_loss_sfedavg": {
    "means": [
      2.203596432199653,
      2.1133711154869683,
      2.041721839194635,
      1.9653202156809657,
      1.9221751793154154,
      1.8384976754237143,
      1.7791634187861638,
      1.6960253988888163,
      1.6215680905728367,
      1.5485791504200874,
      1.5047651147982803,
      1.4323269204456193,
      1.3898703153206213,
      1.3501461971327733,
      1.3023316840855998,
      1.2602386391461835,
      1.2189838645814004,
      1.1859949788446793,
      1.1622675438803978,
      1.1333392831986355,
      1.1137330457451575,
      1.0903356000590192,
      1.0563976920908942,
      1.0421770588232109,
      1.017657051230063,
      1.0017256377512362,
      0.9756528911666494,
      0.964238640991091,
      0.9481285886801869,
      0.9317264303878867,
      0.9148869658923081,
      0.9041453323046641,
      0.8940407254592971,
      0.8740384239193429,
      0.855651871732192,
      0.8330545489310763,
      0.808291821606146,
      0.7980490534807665,
      0.7849511612119808,
      0.7697949577550395,
      0.7559259431246332,
      0.7457133611100096,
      0.7369986300346516,
      0.7223618809487299,
      0.7095712566643105,
      0.700005141142203,
      0.6938625921554453,
      0.680412792955254,
      0.6706764201237186,
      0.6618617383302958
    ],
    "stds": [
      0.0,
      0.0,
      0.0,
      0.0,
      0.0,
      0.0,
      0.0,
      0.0,
      0.0,
      0.0,
      0.0,
      0.0,
      0.0,
      0.0,
      0.0,
      0.0,
      0.0,
      0.0,
      0.0,
      0.0,
      0.0,
      0.0,
      0.0,
      0.0,
      0.0,
      0.0,
      0.0,
      0.0,
      0.0,
      0.0,
      0.0,
      0.0,
      0.0,
      0.0,
      0.0,
      0.0,
      0.0,
      0.0,
      0.0,
      0.0,
      0.0,
      0.0,
      0.0,
      0.0,
      0.0,
      0.0,
      0.0,
      0.0,
      0.0,
      0.0
    ]
  },
  "test_acc_fedavg": {
    "means": [
      0.8666666666666667,
      0.8777777777777778,
      0.9083333333333333,
      0.9083333333333333,
      0.9194444444444444,
      0.925,
      0.925,
      0.9305555555555556,
      0.9333333333333333,
      0.9416666666666667,
      0.9416666666666667,
      0.9444444444444444,
      0.9472222222222222,
      0.9444444444444444,
      0.9472222222222222,
      0.95,
      0.9555555555555556,
      0.95,
      0.95,
      0.9555555555555556,
      0.9555555555555556,
      0.9555555555555556,
      0.9555555555555556,
      0.9555555555555556,
      0.9527777777777777,
      0.9555555555555556,
      0.9527777777777777,
      0.9527777777777777,
      0.9527777777777777,
      0.9527777777777777,
      0.9527777777777777,
      0.9527777777777777,
      0.9527777777777777,
      0.9555555555555556,
      0.9555555555555556,
      0.9527777777777777,
      0.9527777777777777,
      0.9527777777777777,
      0.9527777777777777,
      0.9527777777777777,
      0.9527777777777777,
      0.9527777777777777,
      0.95,
      0.95,
      0.95,
      0.9527777777777777,
      0.9527777777777777,
      0.9527777777777777,
      0.9555555555555556,
      0.9527777777777777
    ],
    "stds": [
      0.0,
      0.0,
      0.0,
      0.0,
      0.0,
      0.0,
      0.0,
      0.0,
      0.0,
      0.0,
      0.0,
      0.0,
      0.0,
      0.0,
      0.0,
      0.0,
      0.0,
      0.0,
      0.0,
      0.0,
      0.0,
      0.0,
      0.0,
      0.0,
      0.0,
      0.0,
      0.0,
      0.0,
      0.0,
      0.0,
      0.0,
      0.0,
      0.0,
      0.0,
      0.0,
      0.0,
      0.0,
      0.0,
      0.0,
      0.0,
      0.0,
      0.0,
      0.0,
      0.0,
      0.0,
      0.0,
      0.0,
      0.0,
      0.0,
      0.0
    ]
  },
  "test_acc_sfedavg": {
    "means": [
      0.3194444444444444,
      0.475,
      0.5527777777777778,
      0.6194444444444445,
      0.6166666666666667,
      0.6888888888888889,
      0.7416666666666667,
      0.7888888888888889,
      0.8083333333333333,
      0.8055555555555556,
      0.8111111111111111,
      0.8083333333333333,
      0.7944444444444444,
      0.8027777777777778,
      0.8027777777777778,
      0.8277777777777777,
      0.8333333333333334,
      0.85,
      0.85,
      0.8416666666666667,
      0.8472222222222222,
      0.8527777777777777,
      0.8472222222222222,
      0.8555555555555555,
      0.8638888888888889,
      0.8666666666666667,
      0.8611111111111112,
      0.8666666666666667,
      0.8666666666666667,
      0.8666666666666667,
      0.8722222222222222,
      0.8777777777777778,
      0.875,
      0.8694444444444445,
      0.875,
      0.8805555555555555,
      0.8888888888888888,
      0.8888888888888888,
      0.8916666666666667,
      0.8888888888888888,
      0.8888888888888888,
      0.8944444444444445,
      0.9,
      0.9027777777777778,
      0.9027777777777778,
      0.9083333333333333,
      0.9,
      0.9055555555555556,
      0.9083333333333333,
      0.9083333333333333
    ],
    "stds": [
      0.0,
      0.0,
      0.0,
      0.0,
      0.0,
      0.0,
      0.0,
      0.0,
      0.0,
      0.0,
      0.0,
      0.0,
      0.0,
      0.0,
      0.0,
      0.0,
      0.0,
      0.0,
      0.0,
      0.0,
      0.0,
      0.0,
      0.0,
      0.0,
      0.0,
      0.0,
      0.0,
      0.0,
      0.0,
      0.0,
      0.0,
      0.0,
      0.0,
      0.0,
      0.0,
      0.0,
      0.0,
      0.0,
      0.0,
      0.0,
      0.0,
      0.0,
      0.0,
      0.0,
      0.0,
      0.0,
      0.0,
      0.0,
      0.0,
      0.0
    ]
  },