{
  "train_loss_sfedavg": {
    "means": [
      1.9911788628631202,
      1.749769693711762,
      1.5381685584592582,
      1.4288210946826505,
      1.2923330662699157,
      1.1449807189244479,
      1.0152443747524784,
      0.9344756281025035,
      0.8624318820470037,
      0.8064004984340156,
      0.7541754916998847,
      0.7094942390520355,
      0.6662126037625757,
      0.6389057006706333,
      0.6109173465223557,
      0.5776464821326123,
      0.5593046453673176,
      0.5408966660098186,
      0.5243622374391564,
      0.5095425331232889,
      0.4953309593668158,
      0.484036150318167,
      0.47030900655659896,
      0.4588384078528666,
      0.4485658912528012,
      0.4384540831540411,
      0.4283374485821797,
      0.42091720217262957,
      0.4121314112771729,
      0.40226014597303605,
      0.39512601949571374,
      0.3853671876038023,
      0.37793418469195944,
      0.3685650616436251,
      0.36123901299700883,
      0.3554262502601209,
      0.3494051283266788,
      0.3430320309505528,
      0.33837121783897034,
      0.3339000664603941,
      0.32869708040710927,
      0.32394266675648087,
      0.3189079769751586,
      0.3147081145050959,
      0.3105595702587466,
      0.30820274768526823,
      0.3039233235936529,
      0.29927495137932864,
      0.2956043758768763,
      0.29149348629091015,
      0.2885780809536974,
      0.2848682899691221,
      0.281111499349104,
      0.2780566366795263,
      0.2751451653479677,
      0.272682182170929,
      0.2704848616418572,
      0.2672993830688256,
      0.26530676852830304,
      0.26232067871500303
    ],
    "stds": [
      0.0,
      0.0,
      0.0,
      0.0,
      0.0,
      0.0,
      0.0,
      0.0,
      0.0,
      0.0,
      0.0,
      0.0,
      0.0,
      0.0,
      0.0,
      0.0,
      0.0,
      0.0,
      0.0,
      0.0,
      0.0,
      0.0,
      0.0,
      0.0,
      0.0,
      0.0,
      0.0,
      0.0,
      0.0,
      0.0,
      0.0,
      0.0,
      0.0,
      0.0,
      0.0,
      0.0,
      0.0,
      0.0,
      0.0,
      0.0,
      0.0,
      0.0,
      0.0,
      0.0,
      0.0,
      0.0,
      0.0,
      0.0,
      0.0,
      0.0,
      0.0,
      0.0,
      0.0,
      0.0,
      0.0,
      0.0,
      0.0,
      0.0,
      0.0,
      0.0
    ]
  },
  "test_acc_sfedavg": {
    "means": [
      0.5166666666666667,
      0.6222222222222222,
      0.6861111111111111,
      0.7416666666666667,
      0.7805555555555556,
      0.8111111111111111,
      0.825,
      0.8277777777777777,
      0.8388888888888889,
      0.8472222222222222,
      0.8527777777777777,
      0.8611111111111112,
      0.8722222222222222,
      0.8777777777777778,
      0.8833333333333333,
      0.8861111111111111,
      0.8888888888888888,
      0.8916666666666667,
      0.8944444444444445,
      0.8944444444444445,
      0.8944444444444445,
      0.8944444444444445,
      0.8944444444444445,
      0.8972222222222223,
      0.8972222222222223,
      0.8972222222222223,
      0.8972222222222223,
      0.9027777777777778,
      0.9,
      0.9,
      0.9,
      0.9027777777777778,
      0.9027777777777778,
      0.9055555555555556,
      0.9055555555555556,
      0.9055555555555556,
      0.9083333333333333,
      0.9194444444444444,
      0.9166666666666666,
      0.9194444444444444,
      0.925,
      0.9222222222222223,
      0.9222222222222223,
      0.9194444444444444,
      0.925,
      0.925,
      0.9277777777777778,
      0.9277777777777778,
      0.9277777777777778,
      0.9277777777777778,
      0.9277777777777778,
      0.9277777777777778,
      0.925,
      0.925,
      0.9277777777777778,
      0.9277777777777778,
      0.9277777777777778,
      0.925,
      0.925,
      0.925
    ],
    "stds": [
      0.0,
      0.0,
      0.0,
      0.0,
      0.0,
      0.0,
      0.0,
      0.0,
      0.0,
      0.0,
      0.0,
      0.0,
      0.0,
      0.0,
      0.0,
      0.0,
      0.0,
      0.0,
      0.0,
      0.0,
      0.0,
      0.0,
      0.0,
      0.0,
      0.0,
      0.0,
      0.0,
      0.0,
      0.0,
      0.0,
      0.0,
      0.0,
      0.0,
      0.0,
      0.0,
      0.0,
      0.0,
      0.0,
      0.0,
      0.0,
      0.0,
      0.0,
      0.0,
      0.0,
      0.0,
      0.0,
      0.0,
      0.0,
      0.0,
      0.0,
      0.0,
      0.0,
      0.0,
      0.0,
      0.0,
      0.0,
      0.0,
      0.0,
      0.0,
      0.0
    ]
  },
  "comm_MB_sfedavg": {
    "means": [
      1.67168,
      3.34336,
      5.01504,
      6.68672,
      8.3584,
      10.03008,
      11.70176,
      13.37344,
      15.04512,
      16.7168,
      18.388479999999998,
      20.060159999999996,
      21.731839999999995,
      23.403519999999993,
      25.07519999999999,
      26.74687999999999,
      28.41855999999999,
      30.090239999999987,
      31.761919999999986,
      33.433599999999984,
      35.105279999999986,
      36.77695999999999,
      38.44863999999999,
      40.12031999999999,
      41.791999999999994,
      43.46368,
      45.13536,
      46.80704,
      48.47872,
      50.150400000000005,
      51.82208000000001,
      53.49376000000001,
      55.16544000000001,
      56.83712000000001,
      58.508800000000015,
      60.18048000000002,
      61.85216000000002,
      63.52384000000002,
      65.19552000000002,
      66.86720000000001,
      68.53888,
      70.21056,
      71.88224,
      73.55391999999999,
      75.22559999999999,
      76.89727999999998,
      78.56895999999998,
      80.24063999999997,
      81.91231999999997,
      83.58399999999996,
      85.25567999999996,
      86.92735999999995,
      88.59903999999995,
      90.27071999999994,
      91.94239999999994,
      93.61407999999993,
      95.28575999999993,
      96.95743999999992,
      98.62911999999992,
      100.30079999999991
    ],
    "stds": [
      0.0,
      0.0,
      0.0,
      0.0,
      0.0,
      0.0,
      0.0,
      0.0,
      0.0,
      0.0,
      0.0,
      0.0,
      0.0,
      0.0,
      0.0,
      0.0,
      0.0,
      0.0,
      0.0,
      0.0,
      0.0,
      0.0,
      0.0,
      0.0,
      0.0,
      0.0,
      0.0,
      0.0,
      0.0,
      0.0,
      0.0,
      0.0,
      0.0,
      0.0,
      0.0,
      0.0,
      0.0,
      0.0,
      0.0,
      0.0,
      0.0,
      0.0,
      0.0,
      0.0,
      0.0,
      0.0,
      0.0,
      0.0,
      0.0,
      0.0,
      0.0,
      0.0,
      0.0,
      0.0,
      0.0,
      0.0,
      0.0,
      0.0,
      0.0,
      0.0
    ]
  }
}