{
  "train_loss_FedAvg": {
    "means": [
      1.1533049475204302,
      1.0756133570947273,
      1.103859091452025,
      0.9587840255696463,
      0.6015274275039131,
      0.9273325065234742,
      0.48847852444468565,
      0.47510487018794073,
      0.4132570178149414,
      0.4149468053734754,
      0.3864262709500026,
      0.3757527197945658,
      0.3658002489528866,
      0.36132606906646325,
      0.39673924593633453,
      0.35189412784462454,
      0.3478254675040813,
      0.3397184776504222,
      0.33962923374962656,
      0.33346118261134267,
      0.3288698340134657,
      0.32624439594640486,
      0.3232527932064419,
      0.32077722002089126,
      0.3229197571546506,
      0.3163991028122821,
      0.31377103306329557,
      0.3119596628912436,
      0.312515682515468,
      0.30834809984231504,
      0.3227077561999871,
      0.30556748384976873,
      0.30599850319055544,
      0.3056395659980185,
      0.30262851430777993,
      0.3013417382837041,
      0.30056607288874787,
      0.2997136858616084,
      0.3001605345971897,
      0.2966017206727789,
      0.2959551256328907,
      0.30203727269948216,
      0.2951519354362963,
      0.29199063718343526,
      0.29144816874770696,
      0.29092615599838606,
      0.2890185889223904,
      0.28940044798255743,
      0.2872807794021993,
      0.2860387500838522
    ],
    "stds": [
      0.0,
      0.0,
      0.0,
      0.0,
      0.0,
      0.0,
      0.0,
      0.0,
      0.0,
      0.0,
      0.0,
      0.0,
      0.0,
      0.0,
      0.0,
      0.0,
      0.0,
      0.0,
      0.0,
      0.0,
      0.0,
      0.0,
      0.0,
      0.0,
      0.0,
      0.0,
      0.0,
      0.0,
      0.0,
      0.0,
      0.0,
      0.0,
      0.0,
      0.0,
      0.0,
      0.0,
      0.0,
      0.0,
      0.0,
      0.0,
      0.0,
      0.0,
      0.0,
      0.0,
      0.0,
      0.0,
      0.0,
      0.0,
      0.0,
      0.0
    ]
  },
  "test_accuracy_FedAvg": {
    "means": [
      0.0,
      0.0,
      0.0,
      0.0,
      0.0,
      0.0,
      0.0,
      0.0,
      0.0,
      0.0,
      0.0,
      0.0,
      0.0,
      0.0,
      0.0,
      0.0,
      0.0,
      0.0,
      0.0,
      0.0,
      0.0,
      0.0,
      0.0,
      0.0,
      0.0,
      0.0,
      0.0,
      0.0,
      0.0,
      0.0,
      0.0,
      0.0,
      0.0,
      0.0,
      0.0,
      0.0,
      0.0,
      0.0,
      0.0,
      0.0,
      0.0,
      0.0,
      0.0,
      0.0,
      0.0,
      0.0,
      0.0,
      0.0,
      0.0,
      0.0
    ],
    "stds": [
      0.0,
      0.0,
      0.0,
      0.0,
      0.0,
      0.0,
      0.0,
      0.0,
      0.0,
      0.0,
      0.0,
      0.0,
      0.0,
      0.0,
      0.0,
      0.0,
      0.0,
      0.0,
      0.0,
      0.0,
      0.0,
      0.0,
      0.0,
      0.0,
      0.0,
      0.0,
      0.0,
      0.0,
      0.0,
      0.0,
      0.0,
      0.0,
      0.0,
      0.0,
      0.0,
      0.0,
      0.0,
      0.0,
      0.0,
      0.0,
      0.0,
      0.0,
      0.0,
      0.0,
      0.0,
      0.0,
      0.0,
      0.0,
      0.0,
      0.0
    ]
  },
  "comm_floats_FedAvg": {
    "means": [
      32160.0,
      64320.0,
      96480.0,
      128640.0,
      160800.0,
      192960.0,
      225120.0,
      257280.0,
      289440.0,
      321600.0,
      353760.0,
      385920.0,
      418080.0,
      450240.0,
      482400.0,
      514560.0,
      546720.0,
      578880.0,
      611040.0,
      643200.0,
      675360.0,
      707520.0,
      739680.0,
      771840.0,
      804000.0,
      836160.0,
      868320.0,
      900480.0,
      932640.0,
      964800.0,
      996960.0,
      1029120.0,
      1061280.0,
      1093440.0,
      1125600.0,
      1157760.0,
      1189920.0,
      1222080.0,
      1254240.0,
      1286400.0,
      1318560.0,
      1350720.0,
      1382880.0,
      1415040.0,
      1447200.0,
      1479360.0,
      1511520.0,
      1543680.0,
      1575840.0,
      1608000.0
    ],
    "stds": [
      0.0,
      0.0,
      0.0,
      0.0,
      0.0,
      0.0,
      0.0,
      0.0,
      0.0,
      0.0,
      0.0,
      0.0,
      0.0,
      0.0,
      0.0,
      0.0,
      0.0,
      0.0,
      0.0,
      0.0,
      0.0,
      0.0,
      0.0,
      0.0,
      0.0,
      0.0,
      0.0,
      0.0,
      0.0,
      0.0,
      0.0,
      0.0,
      0.0,
      0.0,
      0.0,
      0.0,
      0.0,
      0.0,
      0.0,
      0.0,
      0.0,
      0.0,
      0.0,
      0.0,
      0.0,
      0.0,
      0.0,
      0.0,
      0.0,
      0.0
    ]
  },
  "train_loss_SFedAvg": {
    "means": [
      1.3576947326743736,
      1.1547881386168035,
      1.0578564211871022,
      0.9616191940267176,
      0.8954078602533543,
      0.8408843228894952,
      0.7807827698396993,
      0.7340861633013356,
      0.7017294034235134,
      0.6739319610185703,
      0.6521752576326212,
      0.6267798347463638,
      0.6076954504651971,
      0.5809909432924948,
      0.5658768706101986,
      0.5478684733622298,
      0.5306398319352036,
      0.5136426886938769,
      0.5090424532797183,
      0.4950279987984803,
      0.4744883999431489,
      0.46045076129742485,
      0.44279059967792145,
      0.43441770175992744,
      0.42521329504281763,
      0.4130190025387535,
      0.4023187172686256,
      0.3945804288140381,
      0.3848717547784381,
      0.37749420642906556,
      0.36811546198018485,
      0.3629419809122818,
      0.3585705794187828,
      0.3514141796956707,
      0.3460095733106472,
      0.3422748882953766,
      0.33736575452116496,
      0.33479909021941656,
      0.32608334375000764,
      0.3216257266955372,
      0.3177279559680999,
      0.315895273204029,
      0.3133108517096946,
      0.3082659487051102,
      0.30444697955545924,
      0.30087144801209376,
      0.29760122705856873,
      0.2948613017054507,
      0.2908039235307252,
      0.287517308580832
    ],
    "stds": [
      0.0,
      0.0,
      0.0,
      0.0,
      0.0,
      0.0,
      0.0,
      0.0,
      0.0,
      0.0,
      0.0,
      0.0,
      0.0,
      0.0,
      0.0,
      0.0,
      0.0,
      0.0,
      0.0,
      0.0,
      0.0,
      0.0,
      0.0,
      0.0,
      0.0,
      0.0,
      0.0,
      0.0,
      0.0,
      0.0,
      0.0,
      0.0,
      0.0,
      0.0,
      0.0,
      0.0,
      0.0,
      0.0,
      0.0,
      0.0,
      0.0,
      0.0,
      0.0,
      0.0,
      0.0,
      0.0,
      0.0,
      0.0,
      0.0,
      0.0
    ]
  },
  "test_accuracy_SFedAvg": {
    "means": [
      0.0,
      0.0,
      0.0,
      0.0,
      0.0,
      0.0,
      0.0,
      0.0,
      0.0,
      0.0,
      0.0,
      0.0,
      0.0,
      0.0,
      0.0,
      0.0,
      0.0,
      0.0,
      0.0,
      0.0,
      0.0,
      0.0,
      0.0,
      0.0,
      0.0,
      0.0,
      0.0,
      0.0,
      0.0,
      0.0,
      0.0,
      0.0,
      0.0,
      0.0,
      0.0,
      0.0,
      0.0,
      0.0,
      0.0,
      0.0,
      0.0,
      0.0,
      0.0,
      0.0,
      0.0,
      0.0,
      0.0,
      0.0,
      0.0,
      0.0
    ],
    "stds": [
      0.0,
      0.0,
      0.0,
      0.0,
      0.0,
      0.0,
      0.0,
      0.0,
      0.0,
      0.0,
      0.0,
      0.0,
      0.0,
      0.0,
      0.0,
      0.0,
      0.0,
      0.0,
      0.0,
      0.0,
      0.0,
      0.0,
      0.0,
      0.0,
      0.0,
      0.0,
      0.0,
      0.0,
      0.0,
      0.0,
      0.0,
      0.0,
      0.0,
      0.0,
      0.0,
      0.0,
      0.0,
      0.0,
      0.0,
      0.0,
      0.0,
      0.0,
      0.0,
      0.0,
      0.0,
      0.0,
      0.0,
      0.0,
      0.0,
      0.0
    ]
  },