{
  "train_loss": {
    "means": [
      0.6721288442611695,
      0.6696389079093933,
      0.6660957634449005,
      0.6613412290811539,
      0.6573889881372452,
      0.6548139214515686,
      0.6513133645057678,
      0.650240707397461,
      0.6497521609067917,
      0.6462311893701553,
      0.6423225998878479,
      0.63709537088871,
      0.6375259190797806,
      0.6342066317796707,
      0.6297900885343551,
      0.6272738754749299,
      0.6250713884830474,
      0.6220806539058685,
      0.6238174110651016,
      0.621570760011673,
      0.6199597686529159,
      0.6185816556215287,
      0.616850733757019,
      0.6180328309535981,
      0.6195118725299835,
      0.6183607429265976,
      0.6187395751476288,
      0.6200003385543823,
      0.6203558772802353,
      0.6208416730165481,
      0.6196728229522706,
      0.6174396187067032,
      0.6158179223537446,
      0.6163935840129853,
      0.6136801332235337,
      0.6142136752605438,
      0.6126819849014282,
      0.6116972655057907,
      0.6111624747514725,
      0.6113211035728454
    ],
    "stds": [
      0.0031786159123825754,
      0.00418320087920992,
      0.006087119115885001,
      0.00599722863134833,
      0.005484875639503459,
      0.0050042448540811016,
      0.00499664083573745,
      0.005394384414116891,
      0.006413125697374384,
      0.006763587173132579,
      0.007076675736199688,
      0.007124024672664538,
      0.007551314248388355,
      0.007757346890505325,
      0.00845976078032896,
      0.009137752706309453,
      0.008738705223265511,
      0.008639904853340324,
      0.009833595699140989,
      0.01009253353176025,
      0.010951162942719696,
      0.011081172404187399,
      0.012208663902640266,
      0.012036033421412058,
      0.01159753068367218,
      0.01214899329817734,
      0.012710724980123343,
      0.013835698437946384,
      0.014132481351012728,
      0.01326870072352724,
      0.013702576624529478,
      0.013265315834233763,
      0.011747345328428903,
      0.01114474823043203,
      0.01119218965233589,
      0.011703522652526003,
      0.011172466746489734,
      0.011636533082616564,
      0.011619248526976584,
      0.01209093760443562
    ]
  },
  "test_accuracy": {
    "means": [
      0.6063333333333333,
      0.5993333333333334,
      0.5993333333333334,
      0.6086666666666667,
      0.6126666666666667,
      0.6116666666666667,
      0.6196666666666667,
      0.6213333333333333,
      0.6226666666666667,
      0.6293333333333333,
      0.6436666666666667,
      0.647,
      0.6386666666666667,
      0.64,
      0.642,
      0.6476666666666666,
      0.6516666666666666,
      0.657,
      0.6513333333333333,
      0.6506666666666666,
      0.6586666666666666,
      0.6593333333333333,
      0.6623333333333333,
      0.6596666666666666,
      0.6563333333333333,
      0.6586666666666666,
      0.6606666666666666,
      0.6586666666666666,
      0.656,
      0.6533333333333333,
      0.6603333333333333,
      0.6613333333333333,
      0.6603333333333333,
      0.668,
      0.6683333333333333,
      0.6676666666666666,
      0.6666666666666666,
      0.669,
      0.6753333333333333,
      0.673
    ],
    "stds": [
      0.0,
      0.0,
      0.0,
      0.0,
      0.0,
      0.0,
      0.0,
      0.0,
      0.0,
      0.0,
      0.0,
      0.0,
      0.0,
      0.0,
      0.0,
      0.0,
      0.0,
      0.0,
      0.0,
      0.0,
      0.0,
      0.0,
      0.0,
      0.0,
      0.0,
      0.0,
      0.0,
      0.0,
      0.0,
      0.0,
      0.0,
      0.0,
      0.0,
      0.0,
      0.0,
      0.0,
      0.0,
      0.0,
      0.0,
      0.0
    ]
  },
  "communication_MB": {
    "means": [
      0.194549560546875,
      0.38909912109375,
      0.583648681640625,
      0.7781982421875,
      0.972747802734375,
      1.16729736328125,
      1.361846923828125,
      1.556396484375,
      1.750946044921875,
      1.94549560546875,
      2.140045166015625,
      2.3345947265625,
      2.529144287109375,
      2.72369384765625,
      2.918243408203125,
      3.11279296875,
      3.307342529296875,
      3.50189208984375,
      3.696441650390625,
      3.8909912109375,
      4.085540771484375,
      4.28009033203125,
      4.474639892578125,
      4.669189453125,
      4.863739013671875,
      5.05828857421875,
      5.252838134765625,
      5.4473876953125,
      5.641937255859375,
      5.83648681640625,
      6.031036376953125,
      6.2255859375,
      6.420135498046875,
      6.61468505859375,
      6.809234619140625,
      7.0037841796875,
      7.198333740234375,
      7.39288330078125,
      7.587432861328125,
      7.781982421875
    ],
    "stds": [
      0.0,
      0.0,
      0.0,
      0.0,
      0.0,
      0.0,
      0.0,
      0.0,
      0.0,
      0.0,
      0.0,
      0.0,
      0.0,
      0.0,
      0.0,
      0.0,
      0.0,
      0.0,
      0.0,
      0.0,
      0.0,
      0.0,
      0.0,
      0.0,
      0.0,
      0.0,
      0.0,
      0.0,
      0.0,
      0.0,
      0.0,
      0.0,
      0.0,
      0.0,
      0.0,
      0.0,
      0.0,
      0.0,
      0.0,
      0.0
    ]
  }
}