{
  "train_loss_sfedavg": {
    "means": [
      1.8658901782778077,
      1.4777731979321551,
      1.2285383857831729,
      0.9905999901960785,
      0.9037331833017638,
      0.7741197254287556,
      0.6525530737070515,
      0.6043651688080794,
      0.5618814489978776,
      0.5302537190166641,
      0.5048382779068116,
      0.47193827182123926,
      0.4575413969510319,
      0.4328311302215621,
      0.41438178715342144,
      0.40158849665342206,
      0.38399332884911425,
      0.3677329992822513,
      0.35239806400569357,
      0.34218765139607865,
      0.33173970175393247,
      0.32217107892839475,
      0.31443378978338565,
      0.31018358914901617,
      0.303229932833942,
      0.2954979879285496,
      0.28969200143366813,
      0.2804049029168346,
      0.2699955080994173,
      0.26773522674240713,
      0.26120401909393826,
      0.25839967462084973,
      0.25404643483135625,
      0.2509222602934755,
      0.2453386388181291,
      0.239553079283367,
      0.23530112223136612,
      0.23244797676794687,
      0.22938848859610478,
      0.22621450401895116,
      0.22379767290640984,
      0.22110465186778147,
      0.21766818465018437,
      0.2144569267213201,
      0.21306269960508933,
      0.20933163764524287,
      0.20614710971706646,
      0.20038838242639692,
      0.1972855419689339,
      0.19559737808468344
    ],
    "stds": [
      0.0,
      0.0,
      0.0,
      0.0,
      0.0,
      0.0,
      0.0,
      0.0,
      0.0,
      0.0,
      0.0,
      0.0,
      0.0,
      0.0,
      0.0,
      0.0,
      0.0,
      0.0,
      0.0,
      0.0,
      0.0,
      0.0,
      0.0,
      0.0,
      0.0,
      0.0,
      0.0,
      0.0,
      0.0,
      0.0,
      0.0,
      0.0,
      0.0,
      0.0,
      0.0,
      0.0,
      0.0,
      0.0,
      0.0,
      0.0,
      0.0,
      0.0,
      0.0,
      0.0,
      0.0,
      0.0,
      0.0,
      0.0,
      0.0,
      0.0
    ]
  },
  "test_acc_sfedavg": {
    "means": [
      0.3861111111111111,
      0.5555555555555556,
      0.6388888888888888,
      0.7055555555555556,
      0.7361111111111112,
      0.7833333333333333,
      0.825,
      0.8111111111111111,
      0.8527777777777777,
      0.85,
      0.8583333333333333,
      0.8666666666666667,
      0.8722222222222222,
      0.8805555555555555,
      0.8777777777777778,
      0.8694444444444445,
      0.875,
      0.8777777777777778,
      0.875,
      0.8861111111111111,
      0.8861111111111111,
      0.8861111111111111,
      0.8888888888888888,
      0.8805555555555555,
      0.8833333333333333,
      0.9055555555555556,
      0.9083333333333333,
      0.9055555555555556,
      0.9083333333333333,
      0.9055555555555556,
      0.9,
      0.9055555555555556,
      0.9027777777777778,
      0.9111111111111111,
      0.9083333333333333,
      0.9166666666666666,
      0.9194444444444444,
      0.9166666666666666,
      0.9222222222222223,
      0.9166666666666666,
      0.9166666666666666,
      0.9166666666666666,
      0.9166666666666666,
      0.9194444444444444,
      0.9222222222222223,
      0.9222222222222223,
      0.9222222222222223,
      0.9305555555555556,
      0.9277777777777778,
      0.9222222222222223
    ],
    "stds": [
      0.0,
      0.0,
      0.0,
      0.0,
      0.0,
      0.0,
      0.0,
      0.0,
      0.0,
      0.0,
      0.0,
      0.0,
      0.0,
      0.0,
      0.0,
      0.0,
      0.0,
      0.0,
      0.0,
      0.0,
      0.0,
      0.0,
      0.0,
      0.0,
      0.0,
      0.0,
      0.0,
      0.0,
      0.0,
      0.0,
      0.0,
      0.0,
      0.0,
      0.0,
      0.0,
      0.0,
      0.0,
      0.0,
      0.0,
      0.0,
      0.0,
      0.0,
      0.0,
      0.0,
      0.0,
      0.0,
      0.0,
      0.0,
      0.0,
      0.0
    ]
  },
  "comm_MB_sfedavg": {
    "means": [
      1.71776,
      3.43552,
      5.15328,
      6.87104,
      8.588799999999999,
      10.30656,
      12.02432,
      13.74208,
      15.45984,
      17.177599999999998,
      18.895359999999997,
      20.613119999999995,
      22.330879999999993,
      24.048639999999992,
      25.76639999999999,
      27.48415999999999,
      29.201919999999987,
      30.919679999999985,
      32.637439999999984,
      34.35519999999998,
      36.07295999999998,
      37.79071999999998,
      39.50847999999998,
      41.226239999999976,
      42.943999999999974,
      44.66175999999997,
      46.37951999999997,
      48.09727999999997,
      49.81503999999997,
      51.532799999999966,
      53.250559999999965,
      54.96831999999996,
      56.68607999999996,
      58.40383999999996,
      60.12159999999996,
      61.83935999999996,
      63.557119999999955,
      65.27487999999995,
      66.99263999999995,
      68.71039999999995,
      70.42815999999995,
      72.14591999999995,
      73.86367999999995,
      75.58143999999994,
      77.29919999999994,
      79.01695999999994,
      80.73471999999994,
      82.45247999999994,
      84.17023999999994,
      85.88799999999993
    ],
    "stds": [
      0.0,
      0.0,
      0.0,
      0.0,
      0.0,
      0.0,
      0.0,
      0.0,
      0.0,
      0.0,
      0.0,
      0.0,
      0.0,
      0.0,
      0.0,
      0.0,
      0.0,
      0.0,
      0.0,
      0.0,
      0.0,
      0.0,
      0.0,
      0.0,
      0.0,
      0.0,
      0.0,
      0.0,
      0.0,
      0.0,
      0.0,
      0.0,
      0.0,
      0.0,
      0.0,
      0.0,
      0.0,
      0.0,
      0.0,
      0.0,
      0.0,
      0.0,
      0.0,
      0.0,
      0.0,
      0.0,
      0.0,
      0.0,
      0.0,
      0.0
    ]
  }
}