{
  "train_loss/FedAvg": {
    "means": [
      1.3492872084500713,
      0.9546249438604706,
      0.7585433510951344,
      0.6432952347034173,
      0.5659214205417209,
      0.3898945088641871,
      0.3155833059442542,
      0.2764227911067912,
      0.25188726929350086,
      0.22775806037373478,
      0.2133760260544074,
      0.19296068095258892,
      0.18328339194369128,
      0.17224452447573044,
      0.1616524329414803,
      0.15639867052490944,
      0.1446004528336404,
      0.14089354435125884,
      0.13389479948510757,
      0.12879147038774685,
      0.1253701396025335,
      0.11750378888491113,
      0.11547431847858286,
      0.11149707797780252,
      0.10766516324218953,
      0.10551033899161383,
      0.10126467566641623,
      0.09995659772721835,
      0.09723990663508449,
      0.09354977819989778,
      0.09193627750409128,
      0.08994992791745536,
      0.0889095040511805,
      0.08659633033393471,
      0.08336619153388251,
      0.08190092279315475,
      0.08084847760479624,
      0.07996039388688216,
      0.07802829680545617,
      0.0756273532761732,
      0.07428547687481502,
      0.07355080482798268,
      0.0728457613555336,
      0.07138774655647132,
      0.06978090073619093,
      0.06859473481629563,
      0.0679726480362432,
      0.06746679872314594,
      0.06642638239414585,
      0.0653187886056469,
      0.06426012733484221,
      0.06374307020792891,
      0.06341401574200366,
      0.06265369061201347,
      0.06177370733435379,
      0.06080273991912912,
      0.06044771303797643,
      0.060250937831161075,
      0.05964923665403163,
      0.05886306380877166
    ],
    "stds": [
      0.0,
      0.0,
      0.0,
      0.0,
      0.0,
      0.0,
      0.0,
      0.0,
      0.0,
      0.0,
      0.0,
      0.0,
      0.0,
      0.0,
      0.0,
      0.0,
      0.0,
      0.0,
      0.0,
      0.0,
      0.0,
      0.0,
      0.0,
      0.0,
      0.0,
      0.0,
      0.0,
      0.0,
      0.0,
      0.0,
      0.0,
      0.0,
      0.0,
      0.0,
      0.0,
      0.0,
      0.0,
      0.0,
      0.0,
      0.0,
      0.0,
      0.0,
      0.0,
      0.0,
      0.0,
      0.0,
      0.0,
      0.0,
      0.0,
      0.0,
      0.0,
      0.0,
      0.0,
      0.0,
      0.0,
      0.0,
      0.0,
      0.0,
      0.0,
      0.0
    ]
  },
  "train_loss/SFedAvg": {
    "means": [
      1.9988510083065274,
      1.7876946712745274,
      1.5747497763941938,
      1.4061870699964154,
      1.2848342617050184,
      1.1478038029453366,
      1.0408328468879038,
      0.9473402641138788,
      0.872826029388831,
      0.820065165378654,
      0.7655334479661331,
      0.7197203546689965,
      0.68289630892545,
      0.6479212809006225,
      0.6113247890781891,
      0.5858886179101884,
      0.5648769884925422,
      0.5436074605444187,
      0.524849552990933,
      0.5061792421729724,
      0.487258522610769,
      0.47337579139992547,
      0.4597282769631383,
      0.4470763878454687,
      0.4384149826723288,
      0.4262130029586202,
      0.41659429307138957,
      0.4062176462870951,
      0.39742633546083983,
      0.38901507094741816,
      0.38090049773936235,
      0.37385453892454495,
      0.3658959601633244,
      0.3584938230315847,
      0.35305901012477586,
      0.3473320418601457,
      0.34166692466810816,
      0.3354433247087429,
      0.331040144173561,
      0.3265253415136109,
      0.3227921267100017,
      0.31746889863075367,
      0.3127597752094595,
      0.3089473565356644,
      0.3048554261821073,
      0.30105925436756914,
      0.2972265110975575,
      0.2928357919822742,
      0.29005050750968386,
      0.28645099103707866,
      0.283290652740179,
      0.28027138000291046,
      0.27625430138453,
      0.27345117684985093,
      0.27002270698361014,
      0.26711092805350295,
      0.2643129516937182,
      0.26160438449875656,
      0.25975247441205507,
      0.25753787221574503
    ],
    "stds": [
      0.0,
      0.0,
      0.0,
      0.0,
      0.0,
      0.0,
      0.0,
      0.0,
      0.0,
      0.0,
      0.0,
      0.0,
      0.0,
      0.0,
      0.0,
      0.0,
      0.0,
      0.0,
      0.0,
      0.0,
      0.0,
      0.0,
      0.0,
      0.0,
      0.0,
      0.0,
      0.0,
      0.0,
      0.0,
      0.0,
      0.0,
      0.0,
      0.0,
      0.0,
      0.0,
      0.0,
      0.0,
      0.0,
      0.0,
      0.0,
      0.0,
      0.0,
      0.0,
      0.0,
      0.0,
      0.0,
      0.0,
      0.0,
      0.0,
      0.0,
      0.0,
      0.0,
      0.0,
      0.0,
      0.0,
      0.0,
      0.0,
      0.0,
      0.0,
      0.0
    ]
  },
  "test_accuracy/FedAvg": {
    "means": [
      0.8388888888888889,
      0.8555555555555555,
      0.8777777777777778,
      0.8916666666666667,
      0.9,
      0.8972222222222223,
      0.9055555555555556,
      0.9194444444444444,
      0.9222222222222223,
      0.9194444444444444,
      0.9222222222222223,
      0.9222222222222223,
      0.9222222222222223,
      0.9277777777777778,
      0.9305555555555556,
      0.9277777777777778,
      0.9361111111111111,
      0.9361111111111111,
      0.9333333333333333,
      0.9333333333333333,
      0.9472222222222222,
      0.9388888888888889,
      0.9416666666666667,
      0.9444444444444444,
      0.9444444444444444,
      0.9472222222222222,
      0.9527777777777777,
      0.9527777777777777,
      0.95,
      0.9555555555555556,
      0.9555555555555556,
      0.9555555555555556,
      0.9555555555555556,
      0.9555555555555556,
      0.9611111111111111,
      0.9555555555555556,
      0.9583333333333334,
      0.9611111111111111,
      0.9583333333333334,
      0.9666666666666667,
      0.9638888888888889,
      0.9611111111111111,
      0.9611111111111111,
      0.9611111111111111,
      0.9666666666666667,
      0.9694444444444444,
      0.9638888888888889,
      0.9638888888888889,
      0.9611111111111111,
      0.9666666666666667,
      0.9666666666666667,
      0.9638888888888889,
      0.9638888888888889,
      0.9638888888888889,
      0.9666666666666667,
      0.9638888888888889,
      0.9638888888888889,
      0.9638888888888889,
      0.9638888888888889,
      0.9666666666666667
    ],
    "stds": [
      0.0,
      0.0,
      0.0,
      0.0,
      0.0,
      0.0,
      0.0,
      0.0,
      0.0,
      0.0,
      0.0,
      0.0,
      0.0,
      0.0,
      0.0,
      0.0,
      0.0,
      0.0,
      0.0,
      0.0,
      0.0,
      0.0,
      0.0,
      0.0,
      0.0,
      0.0,
      0.0,
      0.0,
      0.0,
      0.0,
      0.0,
      0.0,
      0.0,
      0.0,
      0.0,
      0.0,
      0.0,
      0.0,
      0.0,
      0.0,
      0.0,
      0.0,
      0.0,
      0.0,
      0.0,
      0.0,
      0.0,
      0.0,
      0.0,
      0.0,
      0.0,
      0.0,
      0.0,
      0.0,
      0.0,
      0.0,
      0.0,
      0.0,
      0.0,
      0.0
    ]
  },