{
  "FedAvg/train_loss": {
    "means": [
      1.975529432296753,
      1.6404168605804443,
      1.3740830421447754,
      1.1776342391967773,
      0.9937843084335327,
      0.8415289521217346,
      0.7491793036460876,
      0.6673346161842346,
      0.6112849712371826,
      0.5603944063186646,
      0.5157868266105652,
      0.4818379282951355,
      0.4520156979560852,
      0.4229270815849304,
      0.39722058176994324,
      0.3805738687515259,
      0.3659932017326355,
      0.3555242717266083,
      0.3479752540588379,
      0.33760878443717957,
      0.33036598563194275,
      0.3244536221027374,
      0.3158927261829376,
      0.3049699068069458,
      0.2988119125366211,
      0.2941589653491974,
      0.2892240881919861,
      0.2825167775154114,
      0.2777232527732849,
      0.2749330997467041,
      0.272586464881897,
      0.2682666480541229,
      0.26570841670036316,
      0.26234981417655945,
      0.2611437141895294,
      0.25694096088409424,
      0.25392401218414307,
      0.25192025303840637,
      0.24843190610408783,
      0.24713318049907684
    ],
    "stds": [
      0.0,
      0.0,
      0.0,
      0.0,
      0.0,
      0.0,
      0.0,
      0.0,
      0.0,
      0.0,
      0.0,
      0.0,
      0.0,
      0.0,
      0.0,
      0.0,
      0.0,
      0.0,
      0.0,
      0.0,
      0.0,
      0.0,
      0.0,
      0.0,
      0.0,
      0.0,
      0.0,
      0.0,
      0.0,
      0.0,
      0.0,
      0.0,
      0.0,
      0.0,
      0.0,
      0.0,
      0.0,
      0.0,
      0.0,
      0.0
    ]
  },
  "FedAvg/test_accuracy": {
    "means": [
      0.5966666666666667,
      0.7033333333333334,
      0.74625,
      0.7675,
      0.7883333333333333,
      0.8045833333333333,
      0.8120833333333334,
      0.8220833333333334,
      0.8325,
      0.8470833333333333,
      0.8541666666666666,
      0.8566666666666667,
      0.8591666666666666,
      0.8675,
      0.8720833333333333,
      0.88,
      0.8854166666666666,
      0.89,
      0.8883333333333333,
      0.8941666666666667,
      0.8945833333333333,
      0.8975,
      0.8995833333333333,
      0.9054166666666666,
      0.9083333333333333,
      0.905,
      0.9083333333333333,
      0.9129166666666667,
      0.915,
      0.91625,
      0.9154166666666667,
      0.9179166666666667,
      0.9166666666666666,
      0.91875,
      0.9191666666666667,
      0.9195833333333333,
      0.9208333333333333,
      0.9191666666666667,
      0.9195833333333333,
      0.9204166666666667
    ],
    "stds": [
      0.0,
      0.0,
      0.0,
      0.0,
      0.0,
      0.0,
      0.0,
      0.0,
      0.0,
      0.0,
      0.0,
      0.0,
      0.0,
      0.0,
      0.0,
      0.0,
      0.0,
      0.0,
      0.0,
      0.0,
      0.0,
      0.0,
      0.0,
      0.0,
      0.0,
      0.0,
      0.0,
      0.0,
      0.0,
      0.0,
      0.0,
      0.0,
      0.0,
      0.0,
      0.0,
      0.0,
      0.0,
      0.0,
      0.0,
      0.0
    ]
  },
  "FedAvg/communication_bytes": {
    "means": [
      72000.0,
      144000.0,
      216000.0,
      288000.0,
      360000.0,
      432000.0,
      504000.0,
      576000.0,
      648000.0,
      720000.0,
      792000.0,
      864000.0,
      936000.0,
      1008000.0,
      1080000.0,
      1152000.0,
      1224000.0,
      1296000.0,
      1368000.0,
      1440000.0,
      1512000.0,
      1584000.0,
      1656000.0,
      1728000.0,
      1800000.0,
      1872000.0,
      1944000.0,
      2016000.0,
      2088000.0,
      2160000.0,
      2232000.0,
      2304000.0,
      2376000.0,
      2448000.0,
      2520000.0,
      2592000.0,
      2664000.0,
      2736000.0,
      2808000.0,
      2880000.0
    ],
    "stds": [
      0.0,
      0.0,
      0.0,
      0.0,
      0.0,
      0.0,
      0.0,
      0.0,
      0.0,
      0.0,
      0.0,
      0.0,
      0.0,
      0.0,
      0.0,
      0.0,
      0.0,
      0.0,
      0.0,
      0.0,
      0.0,
      0.0,
      0.0,
      0.0,
      0.0,
      0.0,
      0.0,
      0.0,
      0.0,
      0.0,
      0.0,
      0.0,
      0.0,
      0.0,
      0.0,
      0.0,
      0.0,
      0.0,
      0.0,
      0.0
    ]
  },
  "SFedAvg/train_loss": {
    "means": [
      2.291877508163452,
      2.279271125793457,
      2.2609710693359375,
      2.238314151763916,
      2.2188713550567627,
      2.209088087081909,
      2.19238018989563,
      2.173259973526001,
      2.1605827808380127,
      2.149777889251709,
      2.1334497928619385,
      2.1225357055664062,
      2.106368064880371,
      2.0931596755981445,
      2.0810067653656006,
      2.0652236938476562,
      2.0513992309570312,
      2.039294719696045,
      2.02595591545105,
      2.0092227458953857,
      1.9918466806411743,
      1.9775071144104004,
      1.9628281593322754,
      1.9537091255187988,
      1.9419138431549072,
      1.9314042329788208,
      1.9193005561828613,
      1.9016878604888916,
      1.8905686140060425,
      1.8727117776870728,
      1.8646390438079834,
      1.8552433252334595,
      1.8416926860809326,
      1.8271431922912598,
      1.8193111419677734,
      1.8118473291397095,
      1.8030908107757568,
      1.7901147603988647,
      1.7741265296936035,
      1.7647236585617065
    ],
    "stds": [
      0.0,
      0.0,
      0.0,
      0.0,
      0.0,
      0.0,
      0.0,
      0.0,
      0.0,
      0.0,
      0.0,
      0.0,
      0.0,
      0.0,
      0.0,
      0.0,
      0.0,
      0.0,
      0.0,
      0.0,
      0.0,
      0.0,
      0.0,
      0.0,
      0.0,
      0.0,
      0.0,
      0.0,
      0.0,
      0.0,
      0.0,
      0.0,
      0.0,
      0.0,
      0.0,
      0.0,
      0.0,
      0.0,
      0.0,
      0.0
    ]
  },
  "SFedAvg/test_accuracy": {
    "means": [
      0.13208333333333333,
      0.15,
      0.16916666666666666,
      0.19625,
      0.22541666666666665,
      0.23458333333333334,
      0.25416666666666665,
      0.26208333333333333,
      0.27958333333333335,
      0.29333333333333333,
      0.315,
      0.33,
      0.34208333333333335,
      0.35333333333333333,
      0.36041666666666666,
      0.36375,
      0.3725,
      0.38166666666666665,
      0.38875,
      0.40375,
      0.415,
      0.42291666666666666,
      0.4241666666666667,
      0.43375,
      0.4425,
      0.4483333333333333,
      0.4525,
      0.465,
      0.46125,
      0.47625,
      0.48541666666666666,
      0.485,
      0.49375,
      0.5045833333333334,
      0.5079166666666667,
      0.515,
      0.51875,
      0.5275,
      0.5308333333333334,
      0.5404166666666667
    ],
    "stds": [
      0.0,
      0.0,
      0.0,
      0.0,
      0.0,
      0.0,
      0.0,
      0.0,
      0.0,
      0.0,
      0.0,
      0.0,
      0.0,
      0.0,
      0.0,
      0.0,
      0.0,
      0.0,
      0.0,
      0.0,
      0.0,
      0.0,
      0.0,
      0.0,
      0.0,
      0.0,
      0.0,
      0.0,
      0.0,
      0.0,
      0.0,
      0.0,
      0.0,
      0.0,
      0.0,
      0.0,
      0.0,
      0.0,
      0.0,
      0.0
    ]
  },
  "SFedAvg/communication_bytes": {
    "means": [
      1800000.0,
      3600000.0,
      5400000.0,
      7200000.0,
      9000000.0,
      10800000.0,
      12600000.0,
      14400000.0,
      16200000.0,
      18000000.0,
      19800000.0,
      21600000.0,
      23400000.0,
      25200000.0,
      27000000.0,
      28800000.0,
      30600000.0,
      32400000.0,
      34200000.0,
      36000000.0,
      37800000.0,
      39600000.0,
      41400000.0,
      43200000.0,
      45000000.0,
      46800000.0,
      48600000.0,
      50400000.0,
      52200000.0,
      54000000.0,
      55800000.0,
      57600000.0,
      59400000.0,
      61200000.0,
      63000000.0,
      64800000.0,
      66600000.0,
      68400000.0,
      70200000.0,
      72000000.0
    ],