{
  "train_loss": {
    "means": [
      1.1382361331874247,
      0.8008929130900174,
      0.6171763403866275,
      0.48443644222219123,
      0.42202429121532936,
      0.3660538398111792,
      0.33266214149882234,
      0.30903120153835506,
      0.28065457035663927,
      0.26089692146926674,
      0.24170357351140423,
      0.22335849434821012,
      0.20768960593791677,
      0.19769578871130622,
      0.1891189258158626,
      0.18339414519508834,
      0.17927956518718463,
      0.1736611786124426,
      0.16756013942799455,
      0.16120933447543281,
      0.15717395550194982,
      0.15254392361841604,
      0.14861665055585832,
      0.1443451680022265,
      0.14146594616177843,
      0.1381944114852287,
      0.13618206125329096,
      0.1313232834080179,
      0.1297075705127282,
      0.12739593694775153,
      0.12585500993665535,
      0.12127570671557734,
      0.11880598987039821,
      0.11649481338754289,
      0.11428339998003109,
      0.11329284977795155,
      0.11142923718304239,
      0.10901521783037701,
      0.10848722091542126,
      0.10658373690149117
    ],
    "stds": [
      0.0,
      0.0,
      0.0,
      0.0,
      0.0,
      0.0,
      0.0,
      0.0,
      0.0,
      0.0,
      0.0,
      0.0,
      0.0,
      0.0,
      0.0,
      0.0,
      0.0,
      0.0,
      0.0,
      0.0,
      0.0,
      0.0,
      0.0,
      0.0,
      0.0,
      0.0,
      0.0,
      0.0,
      0.0,
      0.0,
      0.0,
      0.0,
      0.0,
      0.0,
      0.0,
      0.0,
      0.0,
      0.0,
      0.0,
      0.0
    ]
  },
  "test_loss": {
    "means": [
      1.0575747118791603,
      0.7455268595528795,
      0.6034344140685146,
      0.4771978223204043,
      0.3918513265809899,
      0.3404973031438931,
      0.3070143735632391,
      0.2797025974800591,
      0.2544281741848238,
      0.23391078172908805,
      0.2137104502670848,
      0.2006392085885409,
      0.18735337936427127,
      0.1797019721737134,
      0.17128413299643794,
      0.1678295810229561,
      0.15946907286505782,
      0.15746343200880292,
      0.152935414670919,
      0.15197396778226746,
      0.1485839999399859,
      0.14757644225295094,
      0.14567955311235706,
      0.14104693345052377,
      0.13592485726422185,
      0.13789703818064117,
      0.13827082131424312,
      0.133093211171341,
      0.12835876533371726,
      0.12633591501969774,
      0.123987141255509,
      0.12151327002552242,
      0.11902842001820865,
      0.11635978305866572,
      0.11491345458416588,
      0.11329103215639513,
      0.11432997266983498,
      0.11505930450640278,
      0.11306886555985787,
      0.11175541339649418
    ],
    "stds": [
      0.0,
      0.0,
      0.0,
      0.0,
      0.0,
      0.0,
      0.0,
      0.0,
      0.0,
      0.0,
      0.0,
      0.0,
      0.0,
      0.0,
      0.0,
      0.0,
      0.0,
      0.0,
      0.0,
      0.0,
      0.0,
      0.0,
      0.0,
      0.0,
      0.0,
      0.0,
      0.0,
      0.0,
      0.0,
      0.0,
      0.0,
      0.0,
      0.0,
      0.0,
      0.0,
      0.0,
      0.0,
      0.0,
      0.0,
      0.0
    ]
  },
  "test_accuracy": {
    "means": [
      0.6388888888888888,
      0.7555555555555555,
      0.8027777777777778,
      0.8611111111111112,
      0.8972222222222223,
      0.9055555555555556,
      0.9138888888888889,
      0.9277777777777778,
      0.9361111111111111,
      0.9444444444444444,
      0.9527777777777777,
      0.9472222222222222,
      0.9527777777777777,
      0.9638888888888889,
      0.9666666666666667,
      0.9638888888888889,
      0.9722222222222222,
      0.9666666666666667,
      0.9666666666666667,
      0.9694444444444444,
      0.9694444444444444,
      0.9694444444444444,
      0.9694444444444444,
      0.9666666666666667,
      0.9666666666666667,
      0.9638888888888889,
      0.9638888888888889,
      0.9694444444444444,
      0.9777777777777777,
      0.975,
      0.975,
      0.9777777777777777,
      0.975,
      0.9722222222222222,
      0.9777777777777777,
      0.9777777777777777,
      0.975,
      0.9722222222222222,
      0.975,
      0.975
    ],
    "stds": [
      0.0,
      0.0,
      0.0,
      0.0,
      0.0,
      0.0,
      0.0,
      0.0,
      0.0,
      0.0,
      0.0,
      0.0,
      0.0,
      0.0,
      0.0,
      0.0,
      0.0,
      0.0,
      0.0,
      0.0,
      0.0,
      0.0,
      0.0,
      0.0,
      0.0,
      0.0,
      0.0,
      0.0,
      0.0,
      0.0,
      0.0,
      0.0,
      0.0,
      0.0,
      0.0,
      0.0,
      0.0,
      0.0,
      0.0,
      0.0
    ]
  },
  "communication_bytes": {
    "means": [
      5096000,
      10192000,
      15288000,
      20384000,
      25480000,
      30576000,
      35672000,
      40768000,
      45864000,
      50960000,
      56056000,
      61152000,
      66248000,
      71344000,
      76440000,
      81536000,
      86632000,
      91728000,
      96824000,
      101920000,
      107016000,
      112112000,
      117208000,
      122304000,
      127400000,
      132496000,
      137592000,
      142688000,
      147784000,
      152880000,
      157976000,
      163072000,
      168168000,
      173264000,
      178360000,
      183456000,
      188552000,
      193648000,
      198744000,
      203840000
    ],
    "stds": [
      0.0,
      0.0,
      0.0,
      0.0,
      0.0,
      0.0,
      0.0,
      0.0,
      0.0,
      0.0,
      0.0,
      0.0,
      0.0,
      0.0,
      0.0,
      0.0,
      0.0,
      0.0,
      0.0,
      0.0,
      0.0,
      0.0,
      0.0,
      0.0,
      0.0,
      0.0,
      0.0,
      0.0,
      0.0,
      0.0,
      0.0,
      0.0,
      0.0,
      0.0,
      0.0,
      0.0,
      0.0,
      0.0,
      0.0,
      0.0
    ]
  }
}