{
  "train_loss_fedavg": {
    "means": [
      1.315083132824003,
      0.8054444621178701,
      0.5811042174946217,
      0.4349793272789152,
      0.34115589621938086,
      0.30961438212292436,
      0.3153437500759459,
      0.2800330767375868,
      0.2667203790948152,
      0.2305830460281391,
      0.21501522542931717,
      0.18343405781392794,
      0.1716840646946139,
      0.17023563966018856,
      0.18072787239173005,
      0.16943840076639485,
      0.16474908919005238,
      0.1530630170024895,
      0.14076331240737147,
      0.14026533171073816,
      0.13487021132030502,
      0.13335665847995487,
      0.1300750276244918,
      0.12907829007879315,
      0.12241565094652038,
      0.12509224439479075,
      0.12103771153349493,
      0.11818997769478737,
      0.11826146208176291,
      0.12237005169835638,
      0.11849150762623599,
      0.11583018248529516,
      0.1066068493689344,
      0.10107353814768666,
      0.09493894365215426,
      0.09257072343298697,
      0.09112274405578948,
      0.08776470810545738,
      0.08650630517363192,
      0.08325475073987287,
      0.081414302933791,
      0.07682797688471191,
      0.07655188869809203,
      0.07406662496987551,
      0.07226894649795675,
      0.07013018946803344,
      0.06888421980349436,
      0.0686154420094721,
      0.0716805279466914,
      0.07120698578842836
    ],
    "stds": [
      0.0,
      0.0,
      0.0,
      0.0,
      0.0,
      0.0,
      0.0,
      0.0,
      0.0,
      0.0,
      0.0,
      0.0,
      0.0,
      0.0,
      0.0,
      0.0,
      0.0,
      0.0,
      0.0,
      0.0,
      0.0,
      0.0,
      0.0,
      0.0,
      0.0,
      0.0,
      0.0,
      0.0,
      0.0,
      0.0,
      0.0,
      0.0,
      0.0,
      0.0,
      0.0,
      0.0,
      0.0,
      0.0,
      0.0,
      0.0,
      0.0,
      0.0,
      0.0,
      0.0,
      0.0,
      0.0,
      0.0,
      0.0,
      0.0,
      0.0
    ]
  },
  "train_loss_sfedavg": {
    "means": [
      1.8560989766139728,
      1.4576830438316468,
      1.206954885393192,
      1.0279901220893441,
      0.8837763543191589,
      0.7797548421795633,
      0.7161568607314073,
      0.6619801089437776,
      0.6187995678268599,
      0.5653405303748361,
      0.5344293710865159,
      0.4958363958744425,
      0.46569517935823074,
      0.44625172979242,
      0.42910668381769823,
      0.4084818043946713,
      0.39869110598411844,
      0.3871830106544746,
      0.37361882647189765,
      0.3629035383013215,
      0.35374985179215146,
      0.34518488253345275,
      0.33454576992515933,
      0.3237654164415701,
      0.31285707731310924,
      0.31131430243169583,
      0.303869724842867,
      0.2967793639373793,
      0.29029917318947085,
      0.28775048204041875,
      0.28169685229078534,
      0.27692085149563433,
      0.2692430425424869,
      0.2627875934217917,
      0.25800257600317494,
      0.25314788380064723,
      0.24878397113240866,
      0.24733568640055867,
      0.24420577496601822,
      0.2401994868874981,
      0.23657240195954038,
      0.23280726407035626,
      0.23010502452854442,
      0.2283615823383937,
      0.22763216009052517,
      0.2242363925394204,
      0.22135821507785172,
      0.21779920477312914,
      0.21405578394588162,
      0.21248810285966668
    ],
    "stds": [
      0.0,
      0.0,
      0.0,
      0.0,
      0.0,
      0.0,
      0.0,
      0.0,
      0.0,
      0.0,
      0.0,
      0.0,
      0.0,
      0.0,
      0.0,
      0.0,
      0.0,
      0.0,
      0.0,
      0.0,
      0.0,
      0.0,
      0.0,
      0.0,
      0.0,
      0.0,
      0.0,
      0.0,
      0.0,
      0.0,
      0.0,
      0.0,
      0.0,
      0.0,
      0.0,
      0.0,
      0.0,
      0.0,
      0.0,
      0.0,
      0.0,
      0.0,
      0.0,
      0.0,
      0.0,
      0.0,
      0.0,
      0.0,
      0.0,
      0.0
    ]
  },
  "test_acc_fedavg": {
    "means": [
      0.7388888888888889,
      0.7527777777777778,
      0.7972222222222223,
      0.8555555555555555,
      0.8805555555555555,
      0.8777777777777778,
      0.875,
      0.8944444444444445,
      0.9055555555555556,
      0.925,
      0.9194444444444444,
      0.9277777777777778,
      0.9444444444444444,
      0.9444444444444444,
      0.95,
      0.9388888888888889,
      0.9416666666666667,
      0.9361111111111111,
      0.9388888888888889,
      0.9388888888888889,
      0.9305555555555556,
      0.9361111111111111,
      0.9361111111111111,
      0.9361111111111111,
      0.9333333333333333,
      0.9361111111111111,
      0.9333333333333333,
      0.9416666666666667,
      0.9361111111111111,
      0.9333333333333333,
      0.9333333333333333,
      0.9277777777777778,
      0.9277777777777778,
      0.925,
      0.925,
      0.9277777777777778,
      0.9305555555555556,
      0.9277777777777778,
      0.9361111111111111,
      0.9361111111111111,
      0.9333333333333333,
      0.9361111111111111,
      0.9388888888888889,
      0.9361111111111111,
      0.9333333333333333,
      0.9388888888888889,
      0.9361111111111111,
      0.9361111111111111,
      0.9361111111111111,
      0.9333333333333333
    ],
    "stds": [
      0.0,
      0.0,
      0.0,
      0.0,
      0.0,
      0.0,
      0.0,
      0.0,
      0.0,
      0.0,
      0.0,
      0.0,
      0.0,
      0.0,
      0.0,
      0.0,
      0.0,
      0.0,
      0.0,
      0.0,
      0.0,
      0.0,
      0.0,
      0.0,
      0.0,
      0.0,
      0.0,
      0.0,
      0.0,
      0.0,
      0.0,
      0.0,
      0.0,
      0.0,
      0.0,
      0.0,
      0.0,
      0.0,
      0.0,
      0.0,
      0.0,
      0.0,
      0.0,
      0.0,
      0.0,
      0.0,
      0.0,
      0.0,
      0.0,
      0.0
    ]
  },
  "test_acc_sfedavg": {
    "means": [
      0.6305555555555555,
      0.6805555555555556,
      0.7305555555555555,
      0.75,
      0.7777777777777778,
      0.7916666666666666,
      0.8055555555555556,
      0.8277777777777777,
      0.825,
      0.8527777777777777,
      0.8527777777777777,
      0.8694444444444445,
      0.8666666666666667,
      0.8666666666666667,
      0.8722222222222222,
      0.8833333333333333,
      0.8833333333333333,
      0.8861111111111111,
      0.8972222222222223,
      0.9027777777777778,
      0.9055555555555556,
      0.9055555555555556,
      0.9138888888888889,
      0.9138888888888889,
      0.9222222222222223,
      0.9166666666666666,
      0.9166666666666666,
      0.9166666666666666,
      0.9194444444444444,
      0.9194444444444444,
      0.9194444444444444,
      0.9138888888888889,
      0.9166666666666666,
      0.9166666666666666,
      0.9222222222222223,
      0.9222222222222223,
      0.9194444444444444,
      0.9222222222222223,
      0.925,
      0.925,
      0.925,
      0.9277777777777778,
      0.9305555555555556,
      0.9388888888888889,
      0.9388888888888889,
      0.9388888888888889,
      0.9333333333333333,
      0.9333333333333333,
      0.9361111111111111,
      0.9305555555555556
    ],
    "stds": [
      0.0,
      0.0,
      0.0,
      0.0,
      0.0,
      0.0,
      0.0,
      0.0,
      0.0,
      0.0,
      0.0,
      0.0,
      0.0,
      0.0,
      0.0,
      0.0,
      0.0,
      0.0,
      0.0,
      0.0,
      0.0,
      0.0,
      0.0,
      0.0,
      0.0,
      0.0,
      0.0,
      0.0,
      0.0,
      0.0,
      0.0,
      0.0,
      0.0,
      0.0,
      0.0,
      0.0,
      0.0,
      0.0,
      0.0,
      0.0,
      0.0,
      0.0,
      0.0,
      0.0,
      0.0,
      0.0,
      0.0,
      0.0,
      0.0,
      0.0
    ]
  },