{
  "train_loss_sfedavg": {
    "means": [
      0.9200357531448922,
      0.6555186622723795,
      0.49137551930585044,
      0.40624415042173423,
      0.3594073947746409,
      0.3155173970264022,
      0.2923422696790236,
      0.27510515586030254,
      0.25774761425097026,
      0.24409532751039947,
      0.2336217784902259,
      0.21971383444621717,
      0.21558412082482908,
      0.20583194546680378,
      0.19775883237025407,
      0.1940934883834028,
      0.18728168251628166,
      0.1800701268740952,
      0.1722726960940498,
      0.167965580072501,
      0.16303337926734693,
      0.1594522594939529,
      0.15498174395894138,
      0.1498911267565549,
      0.14799260535354425,
      0.14542482185966674,
      0.14325298341238138,
      0.13987454652886372,
      0.13831384139005146,
      0.13477609080856567,
      0.13336861088846627,
      0.13253262547919048,
      0.12936635507576683,
      0.1277280608612153,
      0.12636388878353674,
      0.12660091140768934,
      0.12347739986176957,
      0.12076066151460754,
      0.11802704299806499,
      0.11714137265126416,
      0.11778775323342196,
      0.11704235423861387,
      0.11489431625833837,
      0.11362206157215832,
      0.11211199148542544,
      0.11084715081760776,
      0.10995755701847086,
      0.10917506757209824,
      0.10838635870814398,
      0.10874490631788963
    ],
    "stds": [
      0.0,
      0.0,
      0.0,
      0.0,
      0.0,
      0.0,
      0.0,
      0.0,
      0.0,
      0.0,
      0.0,
      0.0,
      0.0,
      0.0,
      0.0,
      0.0,
      0.0,
      0.0,
      0.0,
      0.0,
      0.0,
      0.0,
      0.0,
      0.0,
      0.0,
      0.0,
      0.0,
      0.0,
      0.0,
      0.0,
      0.0,
      0.0,
      0.0,
      0.0,
      0.0,
      0.0,
      0.0,
      0.0,
      0.0,
      0.0,
      0.0,
      0.0,
      0.0,
      0.0,
      0.0,
      0.0,
      0.0,
      0.0,
      0.0,
      0.0
    ]
  },
  "test_acc_sfedavg": {
    "means": [
      0.7333333333333333,
      0.825,
      0.8833333333333333,
      0.9027777777777778,
      0.9055555555555556,
      0.9194444444444444,
      0.9333333333333333,
      0.9333333333333333,
      0.9388888888888889,
      0.9416666666666667,
      0.9416666666666667,
      0.9388888888888889,
      0.9444444444444444,
      0.9444444444444444,
      0.9444444444444444,
      0.9472222222222222,
      0.9444444444444444,
      0.9444444444444444,
      0.9388888888888889,
      0.9416666666666667,
      0.9444444444444444,
      0.95,
      0.9472222222222222,
      0.9527777777777777,
      0.9527777777777777,
      0.95,
      0.9555555555555556,
      0.95,
      0.9472222222222222,
      0.9527777777777777,
      0.9555555555555556,
      0.9527777777777777,
      0.9555555555555556,
      0.9555555555555556,
      0.9583333333333334,
      0.9555555555555556,
      0.9555555555555556,
      0.9583333333333334,
      0.9555555555555556,
      0.9583333333333334,
      0.9611111111111111,
      0.9611111111111111,
      0.9611111111111111,
      0.9638888888888889,
      0.9611111111111111,
      0.9638888888888889,
      0.9666666666666667,
      0.9666666666666667,
      0.9583333333333334,
      0.9611111111111111
    ],
    "stds": [
      0.0,
      0.0,
      0.0,
      0.0,
      0.0,
      0.0,
      0.0,
      0.0,
      0.0,
      0.0,
      0.0,
      0.0,
      0.0,
      0.0,
      0.0,
      0.0,
      0.0,
      0.0,
      0.0,
      0.0,
      0.0,
      0.0,
      0.0,
      0.0,
      0.0,
      0.0,
      0.0,
      0.0,
      0.0,
      0.0,
      0.0,
      0.0,
      0.0,
      0.0,
      0.0,
      0.0,
      0.0,
      0.0,
      0.0,
      0.0,
      0.0,
      0.0,
      0.0,
      0.0,
      0.0,
      0.0,
      0.0,
      0.0,
      0.0,
      0.0
    ]
  },
  "comm_MB_sfedavg": {
    "means": [
      1.69216,
      3.38432,
      5.07648,
      6.76864,
      8.4608,
      10.15296,
      11.84512,
      13.537279999999999,
      15.229439999999999,
      16.921599999999998,
      18.61376,
      20.30592,
      21.99808,
      23.690240000000003,
      25.382400000000004,
      27.074560000000005,
      28.766720000000007,
      30.458880000000008,
      32.15104000000001,
      33.84320000000001,
      35.53536000000001,
      37.22752000000001,
      38.919680000000014,
      40.611840000000015,
      42.304000000000016,
      43.99616000000002,
      45.68832000000002,
      47.38048000000002,
      49.07264000000002,
      50.76480000000002,
      52.456960000000024,
      54.149120000000025,
      55.841280000000026,
      57.53344000000003,
      59.22560000000003,
      60.91776000000003,
      62.60992000000003,
      64.30208000000003,
      65.99424000000003,
      67.68640000000003,
      69.37856000000004,
      71.07072000000004,
      72.76288000000004,
      74.45504000000004,
      76.14720000000004,
      77.83936000000004,
      79.53152000000004,
      81.22368000000004,
      82.91584000000005,
      84.60800000000005
    ],
    "stds": [
      0.0,
      0.0,
      0.0,
      0.0,
      0.0,
      0.0,
      0.0,
      0.0,
      0.0,
      0.0,
      0.0,
      0.0,
      0.0,
      0.0,
      0.0,
      0.0,
      0.0,
      0.0,
      0.0,
      0.0,
      0.0,
      0.0,
      0.0,
      0.0,
      0.0,
      0.0,
      0.0,
      0.0,
      0.0,
      0.0,
      0.0,
      0.0,
      0.0,
      0.0,
      0.0,
      0.0,
      0.0,
      0.0,
      0.0,
      0.0,
      0.0,
      0.0,
      0.0,
      0.0,
      0.0,
      0.0,
      0.0,
      0.0,
      0.0,
      0.0
    ]
  }
}