{
  "train_loss_fedavg": {
    "means": [
      1.5567241120319277,
      1.005394633696317,
      0.7328872456892574,
      0.5480511687446206,
      0.43098263631086337,
      0.37300151740259035,
      0.353256194143449,
      0.31287263486224537,
      0.29159515969241384,
      0.2560665143916387,
      0.23521928595673147,
      0.20427620964687931,
      0.18916519043831911,
      0.18254904433774913,
      0.1810383539026345,
      0.17076767167941675,
      0.16451881473416144,
      0.15270574515883434,
      0.1416289309401054,
      0.13623535241746976,
      0.13053899176491304,
      0.12519330739541562,
      0.12072416961212047,
      0.11688075593772208,
      0.11084944541072377,
      0.10891931073620231,
      0.10582312049705166,
      0.10311005474470124,
      0.10175445819194044,
      0.10278276470910093,
      0.10074635549112702,
      0.09911652536176985,
      0.09474020812763294,
      0.0913559653421661,
      0.0876562728497677,
      0.08494730601985542,
      0.08319255783077249,
      0.08136359349671718,
      0.08059567974221599,
      0.0782887665165868,
      0.07742700649925909,
      0.07518373852144895,
      0.07469424495781472,
      0.0741588963586404,
      0.07335914384827212,
      0.07192954420098462,
      0.07098325447940501,
      0.06954618267056326,
      0.06891126427730405,
      0.06849678685928803
    ],
    "stds": [
      0.0,
      0.0,
      0.0,
      0.0,
      0.0,
      0.0,
      0.0,
      0.0,
      0.0,
      0.0,
      0.0,
      0.0,
      0.0,
      0.0,
      0.0,
      0.0,
      0.0,
      0.0,
      0.0,
      0.0,
      0.0,
      0.0,
      0.0,
      0.0,
      0.0,
      0.0,
      0.0,
      0.0,
      0.0,
      0.0,
      0.0,
      0.0,
      0.0,
      0.0,
      0.0,
      0.0,
      0.0,
      0.0,
      0.0,
      0.0,
      0.0,
      0.0,
      0.0,
      0.0,
      0.0,
      0.0,
      0.0,
      0.0,
      0.0,
      0.0
    ]
  },
  "train_loss_sfedavg": {
    "means": [
      2.092502091565256,
      1.938813039828251,
      1.7759246071885653,
      1.6254550802279182,
      1.5041019347221887,
      1.42895997077227,
      1.3374664012656956,
      1.2490881056498109,
      1.178325583557902,
      1.1078686565422382,
      1.0580970399808287,
      1.0079345846246086,
      0.9541649942889061,
      0.9238290176703899,
      0.8907731087796021,
      0.8526684363240707,
      0.8326679911087651,
      0.8030422435011189,
      0.7819339601463292,
      0.7560492359437673,
      0.733005294973301,
      0.7147145788315747,
      0.6939482655009497,
      0.6749531472176532,
      0.6575716710282061,
      0.6459441369774085,
      0.6285523671344853,
      0.6136009349216294,
      0.5988185319396185,
      0.589028652672553,
      0.5771494502409263,
      0.5648523214532608,
      0.5542422961448621,
      0.5440520611954608,
      0.5329827106726606,
      0.5210504696572984,
      0.5094922821193317,
      0.5000157499981457,
      0.49238927404781924,
      0.483168507577156,
      0.47473244985146695,
      0.4662577177503583,
      0.4604147807341119,
      0.4534363974082367,
      0.4481833350600157,
      0.44158029200898724,
      0.4356177029627367,
      0.4315199082980417,
      0.42593165122869603,
      0.4219384875870373
    ],
    "stds": [
      0.0,
      0.0,
      0.0,
      0.0,
      0.0,
      0.0,
      0.0,
      0.0,
      0.0,
      0.0,
      0.0,
      0.0,
      0.0,
      0.0,
      0.0,
      0.0,
      0.0,
      0.0,
      0.0,
      0.0,
      0.0,
      0.0,
      0.0,
      0.0,
      0.0,
      0.0,
      0.0,
      0.0,
      0.0,
      0.0,
      0.0,
      0.0,
      0.0,
      0.0,
      0.0,
      0.0,
      0.0,
      0.0,
      0.0,
      0.0,
      0.0,
      0.0,
      0.0,
      0.0,
      0.0,
      0.0,
      0.0,
      0.0,
      0.0,
      0.0
    ]
  },
  "test_acc_fedavg": {
    "means": [
      0.7361111111111112,
      0.7444444444444445,
      0.7777777777777778,
      0.8361111111111111,
      0.8722222222222222,
      0.8805555555555555,
      0.8777777777777778,
      0.8916666666666667,
      0.8972222222222223,
      0.9111111111111111,
      0.9194444444444444,
      0.9222222222222223,
      0.9305555555555556,
      0.9305555555555556,
      0.9305555555555556,
      0.9333333333333333,
      0.9305555555555556,
      0.9333333333333333,
      0.9388888888888889,
      0.9416666666666667,
      0.9333333333333333,
      0.9333333333333333,
      0.9333333333333333,
      0.9333333333333333,
      0.9361111111111111,
      0.9305555555555556,
      0.9305555555555556,
      0.9361111111111111,
      0.9361111111111111,
      0.9305555555555556,
      0.9277777777777778,
      0.9333333333333333,
      0.9361111111111111,
      0.9361111111111111,
      0.9333333333333333,
      0.9333333333333333,
      0.9361111111111111,
      0.9361111111111111,
      0.9416666666666667,
      0.9388888888888889,
      0.9388888888888889,
      0.9444444444444444,
      0.9444444444444444,
      0.9416666666666667,
      0.9388888888888889,
      0.9416666666666667,
      0.9444444444444444,
      0.9472222222222222,
      0.9444444444444444,
      0.9444444444444444
    ],
    "stds": [
      0.0,
      0.0,
      0.0,
      0.0,
      0.0,
      0.0,
      0.0,
      0.0,
      0.0,
      0.0,
      0.0,
      0.0,
      0.0,
      0.0,
      0.0,
      0.0,
      0.0,
      0.0,
      0.0,
      0.0,
      0.0,
      0.0,
      0.0,
      0.0,
      0.0,
      0.0,
      0.0,
      0.0,
      0.0,
      0.0,
      0.0,
      0.0,
      0.0,
      0.0,
      0.0,
      0.0,
      0.0,
      0.0,
      0.0,
      0.0,
      0.0,
      0.0,
      0.0,
      0.0,
      0.0,
      0.0,
      0.0,
      0.0,
      0.0,
      0.0
    ]
  },
  "test_acc_sfedavg": {
    "means": [
      0.5583333333333333,
      0.5861111111111111,
      0.6027777777777777,
      0.6805555555555556,
      0.7277777777777777,
      0.7555555555555555,
      0.7638888888888888,
      0.7833333333333333,
      0.7944444444444444,
      0.8,
      0.8222222222222222,
      0.8361111111111111,
      0.825,
      0.825,
      0.8361111111111111,
      0.85,
      0.85,
      0.8694444444444445,
      0.8694444444444445,
      0.8666666666666667,
      0.8722222222222222,
      0.875,
      0.8805555555555555,
      0.8833333333333333,
      0.8944444444444445,
      0.8888888888888888,
      0.8944444444444445,
      0.8916666666666667,
      0.9,
      0.8944444444444445,
      0.8916666666666667,
      0.8944444444444445,
      0.9,
      0.9027777777777778,
      0.9,
      0.9027777777777778,
      0.9083333333333333,
      0.9055555555555556,
      0.9083333333333333,
      0.9111111111111111,
      0.9083333333333333,
      0.9111111111111111,
      0.9111111111111111,
      0.9083333333333333,
      0.9083333333333333,
      0.9138888888888889,
      0.9138888888888889,
      0.9138888888888889,
      0.9111111111111111,
      0.9111111111111111
    ],
    "stds": [
      0.0,
      0.0,
      0.0,
      0.0,
      0.0,
      0.0,
      0.0,
      0.0,
      0.0,
      0.0,
      0.0,
      0.0,
      0.0,
      0.0,
      0.0,
      0.0,
      0.0,
      0.0,
      0.0,
      0.0,
      0.0,
      0.0,
      0.0,
      0.0,
      0.0,
      0.0,
      0.0,
      0.0,
      0.0,
      0.0,
      0.0,
      0.0,
      0.0,
      0.0,
      0.0,
      0.0,
      0.0,
      0.0,
      0.0,
      0.0,
      0.0,
      0.0,
      0.0,
      0.0,
      0.0,
      0.0,
      0.0,
      0.0,
      0.0,
      0.0
    ]
  },