{
  "train_loss_sfedavg": {
    "means": [
      1.3755333283150613,
      0.9872500296672129,
      0.827050332352544,
      0.7018634548855112,
      0.638018636948614,
      0.5503418929417284,
      0.48454652363536327,
      0.4495326482963512,
      0.420460666696144,
      0.3968941877033489,
      0.36944178482891327,
      0.3445252214924052,
      0.3321558298557593,
      0.319818558678044,
      0.3132913505918719,
      0.3011717600835834,
      0.292832211055264,
      0.28565220428605437,
      0.2766547033479757,
      0.26706804638181775,
      0.2624918267952315,
      0.2515612168133295,
      0.24044943340249803,
      0.23520198332754022,
      0.2296929162848009,
      0.21943904548318952,
      0.2136179002035288,
      0.210774575472801,
      0.20736392490479683,
      0.20255417816046994,
      0.19868223130158882,
      0.1933138057219936,
      0.18626837136576738,
      0.18203393579564514,
      0.18068522759558547,
      0.17994594002952374,
      0.17552404461846371,
      0.17288654633198758,
      0.1700173009268597,
      0.1666763622460499,
      0.1620567930364275,
      0.15924623640936048,
      0.15708372190850925,
      0.1549840831318643,
      0.15263450841620185,
      0.15121655498277378,
      0.14954635441657788,
      0.14786507665398282,
      0.14622548483308814,
      0.1457187619608239
    ],
    "stds": [
      0.0,
      0.0,
      0.0,
      0.0,
      0.0,
      0.0,
      0.0,
      0.0,
      0.0,
      0.0,
      0.0,
      0.0,
      0.0,
      0.0,
      0.0,
      0.0,
      0.0,
      0.0,
      0.0,
      0.0,
      0.0,
      0.0,
      0.0,
      0.0,
      0.0,
      0.0,
      0.0,
      0.0,
      0.0,
      0.0,
      0.0,
      0.0,
      0.0,
      0.0,
      0.0,
      0.0,
      0.0,
      0.0,
      0.0,
      0.0,
      0.0,
      0.0,
      0.0,
      0.0,
      0.0,
      0.0,
      0.0,
      0.0,
      0.0,
      0.0
    ]
  },
  "test_acc_sfedavg": {
    "means": [
      0.625,
      0.7305555555555555,
      0.7805555555555556,
      0.8388888888888889,
      0.8444444444444444,
      0.8611111111111112,
      0.8638888888888889,
      0.8805555555555555,
      0.8833333333333333,
      0.8944444444444445,
      0.8972222222222223,
      0.8972222222222223,
      0.9027777777777778,
      0.9027777777777778,
      0.9083333333333333,
      0.9138888888888889,
      0.9138888888888889,
      0.9138888888888889,
      0.9222222222222223,
      0.9138888888888889,
      0.925,
      0.9194444444444444,
      0.9111111111111111,
      0.9194444444444444,
      0.9222222222222223,
      0.9305555555555556,
      0.9333333333333333,
      0.9277777777777778,
      0.925,
      0.9277777777777778,
      0.925,
      0.9277777777777778,
      0.9361111111111111,
      0.9333333333333333,
      0.9333333333333333,
      0.9305555555555556,
      0.9333333333333333,
      0.9333333333333333,
      0.9361111111111111,
      0.9333333333333333,
      0.9361111111111111,
      0.9388888888888889,
      0.9416666666666667,
      0.9416666666666667,
      0.9416666666666667,
      0.9416666666666667,
      0.9444444444444444,
      0.9444444444444444,
      0.9416666666666667,
      0.95
    ],
    "stds": [
      0.0,
      0.0,
      0.0,
      0.0,
      0.0,
      0.0,
      0.0,
      0.0,
      0.0,
      0.0,
      0.0,
      0.0,
      0.0,
      0.0,
      0.0,
      0.0,
      0.0,
      0.0,
      0.0,
      0.0,
      0.0,
      0.0,
      0.0,
      0.0,
      0.0,
      0.0,
      0.0,
      0.0,
      0.0,
      0.0,
      0.0,
      0.0,
      0.0,
      0.0,
      0.0,
      0.0,
      0.0,
      0.0,
      0.0,
      0.0,
      0.0,
      0.0,
      0.0,
      0.0,
      0.0,
      0.0,
      0.0,
      0.0,
      0.0,
      0.0
    ]
  },
  "comm_MB_sfedavg": {
    "means": [
      1.71776,
      3.43552,
      5.15328,
      6.87104,
      8.588799999999999,
      10.30656,
      12.02432,
      13.74208,
      15.45984,
      17.177599999999998,
      18.895359999999997,
      20.613119999999995,
      22.330879999999993,
      24.048639999999992,
      25.76639999999999,
      27.48415999999999,
      29.201919999999987,
      30.919679999999985,
      32.637439999999984,
      34.35519999999998,
      36.07295999999998,
      37.79071999999998,
      39.50847999999998,
      41.226239999999976,
      42.943999999999974,
      44.66175999999997,
      46.37951999999997,
      48.09727999999997,
      49.81503999999997,
      51.532799999999966,
      53.250559999999965,
      54.96831999999996,
      56.68607999999996,
      58.40383999999996,
      60.12159999999996,
      61.83935999999996,
      63.557119999999955,
      65.27487999999995,
      66.99263999999995,
      68.71039999999995,
      70.42815999999995,
      72.14591999999995,
      73.86367999999995,
      75.58143999999994,
      77.29919999999994,
      79.01695999999994,
      80.73471999999994,
      82.45247999999994,
      84.17023999999994,
      85.88799999999993
    ],
    "stds": [
      0.0,
      0.0,
      0.0,
      0.0,
      0.0,
      0.0,
      0.0,
      0.0,
      0.0,
      0.0,
      0.0,
      0.0,
      0.0,
      0.0,
      0.0,
      0.0,
      0.0,
      0.0,
      0.0,
      0.0,
      0.0,
      0.0,
      0.0,
      0.0,
      0.0,
      0.0,
      0.0,
      0.0,
      0.0,
      0.0,
      0.0,
      0.0,
      0.0,
      0.0,
      0.0,
      0.0,
      0.0,
      0.0,
      0.0,
      0.0,
      0.0,
      0.0,
      0.0,
      0.0,
      0.0,
      0.0,
      0.0,
      0.0,
      0.0,
      0.0
    ]
  }
}