{
  "train_loss_fedavg": {
    "means": [
      1.574070489550255,
      1.1438270462197144,
      0.9118964974794322,
      0.7726887634200815,
      0.6796873399204932,
      0.6250098655058798,
      0.5743541098004897,
      0.5463680332211311,
      0.5253724090065325,
      0.5016174436771258,
      0.48363165366277544,
      0.47117072137975435,
      0.46171763720316406,
      0.45078473646083567,
      0.4437142090593942,
      0.4356402603525074,
      0.4289899982652278,
      0.42081606329553023,
      0.4154841652392872,
      0.41010016432860646,
      0.40552334573117643,
      0.40114579662006433,
      0.39597967682774204,
      0.39329285126198793,
      0.3895043853958671,
      0.3858942893329314,
      0.3836307020669183,
      0.37944216883809717,
      0.378106072012669,
      0.3752547746900719,
      0.3725517884726179,
      0.36983608240951554,
      0.3658118984475452,
      0.3622701363071158,
      0.3600768493355027,
      0.35884907519572773,
      0.35797286810803786,
      0.3551470869548936,
      0.35298614568794856,
      0.35139731998350604,
      0.34953094217754055,
      0.347868369694278,
      0.34616024983238686,
      0.3440534823930359,
      0.34301226336666363,
      0.34167775686339297,
      0.34010771218009866,
      0.3391344874946306,
      0.3369383583186003,
      0.3357518178177359
    ],
    "stds": [
      0.0,
      0.0,
      0.0,
      0.0,
      0.0,
      0.0,
      0.0,
      0.0,
      0.0,
      0.0,
      0.0,
      0.0,
      0.0,
      0.0,
      0.0,
      0.0,
      0.0,
      0.0,
      0.0,
      0.0,
      0.0,
      0.0,
      0.0,
      0.0,
      0.0,
      0.0,
      0.0,
      0.0,
      0.0,
      0.0,
      0.0,
      0.0,
      0.0,
      0.0,
      0.0,
      0.0,
      0.0,
      0.0,
      0.0,
      0.0,
      0.0,
      0.0,
      0.0,
      0.0,
      0.0,
      0.0,
      0.0,
      0.0,
      0.0,
      0.0
    ]
  },
  "test_acc_fedavg": {
    "means": [
      0.6575,
      0.70375,
      0.72375,
      0.74375,
      0.75375,
      0.76,
      0.76125,
      0.7725,
      0.77375,
      0.77375,
      0.7775,
      0.78375,
      0.7875,
      0.785,
      0.77875,
      0.78375,
      0.79,
      0.78875,
      0.79625,
      0.795,
      0.7925,
      0.80125,
      0.795,
      0.79875,
      0.7925,
      0.78875,
      0.78875,
      0.79375,
      0.78875,
      0.79,
      0.805,
      0.80125,
      0.7975,
      0.79625,
      0.79875,
      0.79625,
      0.79375,
      0.7925,
      0.7925,
      0.79625,
      0.80125,
      0.80375,
      0.80125,
      0.80125,
      0.79875,
      0.795,
      0.80375,
      0.79375,
      0.7925,
      0.7925
    ],
    "stds": [
      0.0,
      0.0,
      0.0,
      0.0,
      0.0,
      0.0,
      0.0,
      0.0,
      0.0,
      0.0,
      0.0,
      0.0,
      0.0,
      0.0,
      0.0,
      0.0,
      0.0,
      0.0,
      0.0,
      0.0,
      0.0,
      0.0,
      0.0,
      0.0,
      0.0,
      0.0,
      0.0,
      0.0,
      0.0,
      0.0,
      0.0,
      0.0,
      0.0,
      0.0,
      0.0,
      0.0,
      0.0,
      0.0,
      0.0,
      0.0,
      0.0,
      0.0,
      0.0,
      0.0,
      0.0,
      0.0,
      0.0,
      0.0,
      0.0,
      0.0
    ]
  },
  "comm_eff_fedavg": {
    "means": [
      1.0,
      2.0,
      3.0,
      4.0,
      5.0,
      6.0,
      7.0,
      8.0,
      9.0,
      10.0,
      11.0,
      12.0,
      13.0,
      14.0,
      15.0,
      16.0,
      17.0,
      18.0,
      19.0,
      20.0,
      21.0,
      22.0,
      23.0,
      24.0,
      25.0,
      26.0,
      27.0,
      28.0,
      29.0,
      30.0,
      31.0,
      32.0,
      33.0,
      34.0,
      35.0,
      36.0,
      37.0,
      38.0,
      39.0,
      40.0,
      41.0,
      42.0,
      43.0,
      44.0,
      45.0,
      46.0,
      47.0,
      48.0,
      49.0,
      50.0
    ],
    "stds": [
      0.0,
      0.0,
      0.0,
      0.0,
      0.0,
      0.0,
      0.0,
      0.0,
      0.0,
      0.0,
      0.0,
      0.0,
      0.0,
      0.0,
      0.0,
      0.0,
      0.0,
      0.0,
      0.0,
      0.0,
      0.0,
      0.0,
      0.0,
      0.0,
      0.0,
      0.0,
      0.0,
      0.0,
      0.0,
      0.0,
      0.0,
      0.0,
      0.0,
      0.0,
      0.0,
      0.0,
      0.0,
      0.0,
      0.0,
      0.0,
      0.0,
      0.0,
      0.0,
      0.0,
      0.0,
      0.0,
      0.0,
      0.0,
      0.0,
      0.0
    ]
  },
  "train_loss_sfedavg": {
    "means": [
      2.1158445936039567,
      1.9760039132581602,
      1.851195327216576,
      1.7052786647501268,
      1.6253510810525285,
      1.5473176890656555,
      1.463674231946003,
      1.4087591974602471,
      1.3376128551613036,
      1.276961184707933,
      1.2206141878706633,
      1.1710838639066041,
      1.125613180158241,
      1.0903252597274793,
      1.0469643726667204,
      1.0166919578560372,
      0.9852534160467964,
      0.9548510379706232,
      0.9283983463690536,
      0.9040001036790787,
      0.8808652742918568,
      0.8579356987317055,
      0.8383001549379518,
      0.8227261915836818,
      0.8085070772402614,
      0.7916982729030628,
      0.7767021945636755,
      0.7647752382188265,
      0.7526405547900066,
      0.7402745586328652,
      0.7315632140976607,
      0.7219542812604837,
      0.7110060514616202,
      0.7035841915237068,
      0.6945958173742358,
      0.6858298968747192,
      0.6777689242141861,
      0.671544428700936,
      0.6651839298477867,
      0.6594435272712874,
      0.6515870834943525,
      0.6447466433435604,
      0.6362858854986496,
      0.6303227024455788,
      0.6244065724596757,
      0.6193357768988349,
      0.6143412350998416,
      0.6096000954918673,
      0.6039872866674942,
      0.5986871518004713
    ],
    "stds": [
      0.0,
      0.0,
      0.0,
      0.0,
      0.0,
      0.0,
      0.0,
      0.0,
      0.0,
      0.0,
      0.0,
      0.0,
      0.0,
      0.0,
      0.0,
      0.0,
      0.0,
      0.0,
      0.0,
      0.0,
      0.0,
      0.0,
      0.0,
      0.0,
      0.0,
      0.0,
      0.0,
      0.0,
      0.0,
      0.0,
      0.0,
      0.0,
      0.0,
      0.0,
      0.0,
      0.0,
      0.0,
      0.0,
      0.0,
      0.0,
      0.0,
      0.0,
      0.0,
      0.0,
      0.0,
      0.0,
      0.0,
      0.0,
      0.0,
      0.0
    ]
  },
  "test_acc_sfedavg": {
    "means": [
      0.28375,
      0.37,
      0.41125,
      0.4475,
      0.45625,
      0.49875,
      0.52625,
      0.52875,
      0.55875,
      0.56875,
      0.59875,
      0.6,
      0.60375,
      0.61625,
      0.6425,
      0.63875,
      0.6575,
      0.6675,
      0.6675,
      0.68125,
      0.6825,
      0.67875,
      0.68625,
      0.6875,
      0.69125,
      0.69,
      0.69625,
      0.6975,
      0.71,
      0.71125,
      0.7175,
      0.7275,
      0.73625,
      0.7325,
      0.735,
      0.74,
      0.74375,
      0.74875,
      0.75125,
      0.75375,
      0.7525,
      0.75125,
      0.755,
      0.76,
      0.75875,
      0.76625,
      0.75875,
      0.75875,
      0.76875,
      0.76875
    ],
    "stds": [
      0.0,
      0.0,
      0.0,
      0.0,
      0.0,
      0.0,
      0.0,
      0.0,
      0.0,
      0.0,
      0.0,
      0.0,
      0.0,
      0.0,
      0.0,
      0.0,
      0.0,
      0.0,
      0.0,
      0.0,
      0.0,
      0.0,
      0.0,
      0.0,
      0.0,
      0.0,
      0.0,
      0.0,
      0.0,
      0.0,
      0.0,
      0.0,
      0.0,
      0.0,
      0.0,
      0.0,
      0.0,
      0.0,
      0.0,
      0.0,
      0.0,
      0.0,
      0.0,
      0.0,
      0.0,
      0.0,
      0.0,
      0.0,
      0.0,
      0.0
    ]
  },