{
  "train_loss_sfedavg": {
    "means": [
      2.221677812348455,
      2.1120158468577133,
      1.9610218433594278,
      1.8093264926630608,
      1.6851750072654128,
      1.634519519409258,
      1.5674888113876606,
      1.4494651667504732,
      1.4114543816374006,
      1.3198579544395919,
      1.2810735772131168,
      1.2322379382119935,
      1.1873750274036234,
      1.1331826988934082,
      1.094597479808712,
      1.0448092225352226,
      1.017237980699349,
      0.9865294795003706,
      0.9655495233875677,
      0.9410999680287644,
      0.9238493089142531,
      0.9081094915721909,
      0.8881283812790676,
      0.8663221907977052,
      0.8389436038537449,
      0.812564641748718,
      0.7928736811447258,
      0.7665544673907955,
      0.7476257529975399,
      0.7283391239409401,
      0.7193861300465553,
      0.7041350395327002,
      0.6921779229923026,
      0.6797695287063321,
      0.6677539600389297,
      0.6563532080222665,
      0.6454203945856058,
      0.6308989434674839,
      0.6166807924512062,
      0.606879164044126,
      0.5986273755821538,
      0.5897254274587892,
      0.5837580807071351,
      0.5744375603050849,
      0.5689984542593473,
      0.5600233712510542,
      0.5545038789121189,
      0.5502660944417825,
      0.5444179080363,
      0.5381567733608226,
      0.5280401240848908,
      0.5220456170376666,
      0.5135664461682857,
      0.5075059233187076,
      0.5016690389379078,
      0.4980379367065045,
      0.4920932434323911,
      0.48824602003889334,
      0.48207152827727895,
      0.4774348341456038
    ],
    "stds": [
      0.0,
      0.0,
      0.0,
      0.0,
      0.0,
      0.0,
      0.0,
      0.0,
      0.0,
      0.0,
      0.0,
      0.0,
      0.0,
      0.0,
      0.0,
      0.0,
      0.0,
      0.0,
      0.0,
      0.0,
      0.0,
      0.0,
      0.0,
      0.0,
      0.0,
      0.0,
      0.0,
      0.0,
      0.0,
      0.0,
      0.0,
      0.0,
      0.0,
      0.0,
      0.0,
      0.0,
      0.0,
      0.0,
      0.0,
      0.0,
      0.0,
      0.0,
      0.0,
      0.0,
      0.0,
      0.0,
      0.0,
      0.0,
      0.0,
      0.0,
      0.0,
      0.0,
      0.0,
      0.0,
      0.0,
      0.0,
      0.0,
      0.0,
      0.0,
      0.0
    ]
  },
  "test_acc_sfedavg": {
    "means": [
      0.23055555555555557,
      0.3972222222222222,
      0.5361111111111111,
      0.6166666666666667,
      0.6638888888888889,
      0.7111111111111111,
      0.75,
      0.7805555555555556,
      0.7916666666666666,
      0.7944444444444444,
      0.8,
      0.8027777777777778,
      0.8055555555555556,
      0.8138888888888889,
      0.8277777777777777,
      0.8361111111111111,
      0.8416666666666667,
      0.8416666666666667,
      0.8527777777777777,
      0.8527777777777777,
      0.85,
      0.85,
      0.8638888888888889,
      0.8694444444444445,
      0.875,
      0.875,
      0.875,
      0.8805555555555555,
      0.8777777777777778,
      0.8833333333333333,
      0.8805555555555555,
      0.8805555555555555,
      0.8833333333333333,
      0.8888888888888888,
      0.8861111111111111,
      0.8888888888888888,
      0.8888888888888888,
      0.8944444444444445,
      0.8944444444444445,
      0.8972222222222223,
      0.8972222222222223,
      0.8972222222222223,
      0.8944444444444445,
      0.9,
      0.9,
      0.9027777777777778,
      0.9055555555555556,
      0.9055555555555556,
      0.9027777777777778,
      0.9027777777777778,
      0.9055555555555556,
      0.9055555555555556,
      0.9055555555555556,
      0.9027777777777778,
      0.9,
      0.9055555555555556,
      0.9083333333333333,
      0.9138888888888889,
      0.9138888888888889,
      0.9166666666666666
    ],
    "stds": [
      0.0,
      0.0,
      0.0,
      0.0,
      0.0,
      0.0,
      0.0,
      0.0,
      0.0,
      0.0,
      0.0,
      0.0,
      0.0,
      0.0,
      0.0,
      0.0,
      0.0,
      0.0,
      0.0,
      0.0,
      0.0,
      0.0,
      0.0,
      0.0,
      0.0,
      0.0,
      0.0,
      0.0,
      0.0,
      0.0,
      0.0,
      0.0,
      0.0,
      0.0,
      0.0,
      0.0,
      0.0,
      0.0,
      0.0,
      0.0,
      0.0,
      0.0,
      0.0,
      0.0,
      0.0,
      0.0,
      0.0,
      0.0,
      0.0,
      0.0,
      0.0,
      0.0,
      0.0,
      0.0,
      0.0,
      0.0,
      0.0,
      0.0,
      0.0,
      0.0
    ]
  },
  "comm_MB_sfedavg": {
    "means": [
      1.67168,
      3.34336,
      5.01504,
      6.68672,
      8.3584,
      10.03008,
      11.70176,
      13.37344,
      15.04512,
      16.7168,
      18.388479999999998,
      20.060159999999996,
      21.731839999999995,
      23.403519999999993,
      25.07519999999999,
      26.74687999999999,
      28.41855999999999,
      30.090239999999987,
      31.761919999999986,
      33.433599999999984,
      35.105279999999986,
      36.77695999999999,
      38.44863999999999,
      40.12031999999999,
      41.791999999999994,
      43.46368,
      45.13536,
      46.80704,
      48.47872,
      50.150400000000005,
      51.82208000000001,
      53.49376000000001,
      55.16544000000001,
      56.83712000000001,
      58.508800000000015,
      60.18048000000002,
      61.85216000000002,
      63.52384000000002,
      65.19552000000002,
      66.86720000000001,
      68.53888,
      70.21056,
      71.88224,
      73.55391999999999,
      75.22559999999999,
      76.89727999999998,
      78.56895999999998,
      80.24063999999997,
      81.91231999999997,
      83.58399999999996,
      85.25567999999996,
      86.92735999999995,
      88.59903999999995,
      90.27071999999994,
      91.94239999999994,
      93.61407999999993,
      95.28575999999993,
      96.95743999999992,
      98.62911999999992,
      100.30079999999991
    ],
    "stds": [
      0.0,
      0.0,
      0.0,
      0.0,
      0.0,
      0.0,
      0.0,
      0.0,
      0.0,
      0.0,
      0.0,
      0.0,
      0.0,
      0.0,
      0.0,
      0.0,
      0.0,
      0.0,
      0.0,
      0.0,
      0.0,
      0.0,
      0.0,
      0.0,
      0.0,
      0.0,
      0.0,
      0.0,
      0.0,
      0.0,
      0.0,
      0.0,
      0.0,
      0.0,
      0.0,
      0.0,
      0.0,
      0.0,
      0.0,
      0.0,
      0.0,
      0.0,
      0.0,
      0.0,
      0.0,
      0.0,
      0.0,
      0.0,
      0.0,
      0.0,
      0.0,
      0.0,
      0.0,
      0.0,
      0.0,
      0.0,
      0.0,
      0.0,
      0.0,
      0.0
    ]
  }
}